Driver,Team,LapNumber,LapTime,Compound,TyreLife,Stint,IsPersonalBest,Race,Year,LapTimeSeconds
VER,Red Bull Racing,1,0 days 00:01:39.019000,SOFT,4,1,FALSE,Bahrain,2023,99.019
VER,Red Bull Racing,2,0 days 00:01:37.974000,SOFT,5,1,TRUE,Bahrain,2023,97.974
VER,Red Bull Racing,3,0 days 00:01:38.006000,SOFT,6,1,FALSE,Bahrain,2023,98.006
VER,Red Bull Racing,4,0 days 00:01:37.976000,SOFT,7,1,FALSE,Bahrain,2023,97.976
VER,Red Bull Racing,5,0 days 00:01:38.035000,SOFT,8,1,FALSE,Bahrain,2023,98.035
VER,Red Bull Racing,6,0 days 00:01:37.986000,SOFT,9,1,FALSE,Bahrain,2023,97.986
VER,Red Bull Racing,7,0 days 00:01:38.021000,SOFT,10,1,FALSE,Bahrain,2023,98.021
VER,Red Bull Racing,8,0 days 00:01:38.154000,SOFT,11,1,FALSE,Bahrain,2023,98.154
VER,Red Bull Racing,9,0 days 00:01:38.278000,SOFT,12,1,FALSE,Bahrain,2023,98.278
VER,Red Bull Racing,10,0 days 00:01:38.369000,SOFT,13,1,FALSE,Bahrain,2023,98.369
VER,Red Bull Racing,11,0 days 00:01:38.483000,SOFT,14,1,FALSE,Bahrain,2023,98.483
VER,Red Bull Racing,12,0 days 00:01:38.591000,SOFT,15,1,FALSE,Bahrain,2023,98.591
VER,Red Bull Racing,13,0 days 00:01:38.482000,SOFT,16,1,FALSE,Bahrain,2023,98.482
VER,Red Bull Racing,14,0 days 00:01:41.295000,SOFT,17,1,FALSE,Bahrain,2023,101.295
VER,Red Bull Racing,15,0 days 00:01:58.378000,SOFT,1,2,FALSE,Bahrain,2023,118.378
VER,Red Bull Racing,16,0 days 00:01:37.801000,SOFT,2,2,TRUE,Bahrain,2023,97.801
VER,Red Bull Racing,17,0 days 00:01:37.648000,SOFT,3,2,TRUE,Bahrain,2023,97.648
VER,Red Bull Racing,18,0 days 00:01:37.614000,SOFT,4,2,TRUE,Bahrain,2023,97.614
VER,Red Bull Racing,19,0 days 00:01:37.712000,SOFT,5,2,FALSE,Bahrain,2023,97.712
VER,Red Bull Racing,20,0 days 00:01:37.788000,SOFT,6,2,FALSE,Bahrain,2023,97.788
VER,Red Bull Racing,21,0 days 00:01:37.582000,SOFT,7,2,TRUE,Bahrain,2023,97.582
VER,Red Bull Racing,22,0 days 00:01:37.651000,SOFT,8,2,FALSE,Bahrain,2023,97.651
VER,Red Bull Racing,23,0 days 00:01:37.552000,SOFT,9,2,TRUE,Bahrain,2023,97.552
VER,Red Bull Racing,24,0 days 00:01:37.387000,SOFT,10,2,TRUE,Bahrain,2023,97.387
VER,Red Bull Racing,25,0 days 00:01:37.372000,SOFT,11,2,TRUE,Bahrain,2023,97.372
VER,Red Bull Racing,26,0 days 00:01:37.682000,SOFT,12,2,FALSE,Bahrain,2023,97.682
VER,Red Bull Racing,27,0 days 00:01:37.379000,SOFT,13,2,FALSE,Bahrain,2023,97.379
VER,Red Bull Racing,28,0 days 00:01:37.651000,SOFT,14,2,FALSE,Bahrain,2023,97.651
VER,Red Bull Racing,29,0 days 00:01:37.571000,SOFT,15,2,FALSE,Bahrain,2023,97.571
VER,Red Bull Racing,30,0 days 00:01:37.549000,SOFT,16,2,FALSE,Bahrain,2023,97.549
VER,Red Bull Racing,31,0 days 00:01:37.431000,SOFT,17,2,FALSE,Bahrain,2023,97.431
VER,Red Bull Racing,32,0 days 00:01:37.691000,SOFT,18,2,FALSE,Bahrain,2023,97.691
VER,Red Bull Racing,33,0 days 00:01:37.686000,SOFT,19,2,FALSE,Bahrain,2023,97.686
VER,Red Bull Racing,34,0 days 00:01:37.839000,SOFT,20,2,FALSE,Bahrain,2023,97.839
VER,Red Bull Racing,35,0 days 00:01:37.850000,SOFT,21,2,FALSE,Bahrain,2023,97.85
VER,Red Bull Racing,36,0 days 00:01:40.964000,SOFT,22,2,FALSE,Bahrain,2023,100.964
VER,Red Bull Racing,37,0 days 00:01:58.490000,HARD,1,3,FALSE,Bahrain,2023,118.49
VER,Red Bull Racing,38,0 days 00:01:36.297000,HARD,2,3,TRUE,Bahrain,2023,96.297
VER,Red Bull Racing,39,0 days 00:01:36.446000,HARD,3,3,FALSE,Bahrain,2023,96.446
VER,Red Bull Racing,40,0 days 00:01:36.942000,HARD,4,3,FALSE,Bahrain,2023,96.942
VER,Red Bull Racing,41,0 days 00:02:00.495000,HARD,5,3,FALSE,Bahrain,2023,120.495
VER,Red Bull Racing,42,0 days 00:01:44.824000,HARD,6,3,FALSE,Bahrain,2023,104.824
VER,Red Bull Racing,43,0 days 00:01:36.890000,HARD,7,3,FALSE,Bahrain,2023,96.89
VER,Red Bull Racing,44,0 days 00:01:36.236000,HARD,8,3,TRUE,Bahrain,2023,96.236
VER,Red Bull Racing,45,0 days 00:01:37.015000,HARD,9,3,FALSE,Bahrain,2023,97.015
VER,Red Bull Racing,46,0 days 00:01:36.701000,HARD,10,3,FALSE,Bahrain,2023,96.701
VER,Red Bull Racing,47,0 days 00:01:37.009000,HARD,11,3,FALSE,Bahrain,2023,97.009
VER,Red Bull Racing,48,0 days 00:01:36.918000,HARD,12,3,FALSE,Bahrain,2023,96.918
VER,Red Bull Racing,49,0 days 00:01:36.962000,HARD,13,3,FALSE,Bahrain,2023,96.962
VER,Red Bull Racing,50,0 days 00:01:37.250000,HARD,14,3,FALSE,Bahrain,2023,97.25
VER,Red Bull Racing,51,0 days 00:01:37.427000,HARD,15,3,FALSE,Bahrain,2023,97.427
VER,Red Bull Racing,52,0 days 00:01:36.919000,HARD,16,3,FALSE,Bahrain,2023,96.919
VER,Red Bull Racing,53,0 days 00:01:36.890000,HARD,17,3,FALSE,Bahrain,2023,96.89
VER,Red Bull Racing,54,0 days 00:01:36.678000,HARD,18,3,FALSE,Bahrain,2023,96.678
VER,Red Bull Racing,55,0 days 00:01:36.322000,HARD,19,3,FALSE,Bahrain,2023,96.322
VER,Red Bull Racing,56,0 days 00:01:37.205000,HARD,20,3,FALSE,Bahrain,2023,97.205
VER,Red Bull Racing,57,0 days 00:01:36.373000,HARD,21,3,FALSE,Bahrain,2023,96.373
GAS,Alpine,1,0 days 00:01:49.649000,SOFT,1,1,FALSE,Bahrain,2023,109.649
GAS,Alpine,2,0 days 00:01:40.438000,SOFT,2,1,TRUE,Bahrain,2023,100.438
GAS,Alpine,3,0 days 00:01:40.643000,SOFT,3,1,FALSE,Bahrain,2023,100.643
GAS,Alpine,4,0 days 00:01:40.894000,SOFT,4,1,FALSE,Bahrain,2023,100.894
GAS,Alpine,5,0 days 00:01:40.818000,SOFT,5,1,FALSE,Bahrain,2023,100.818
GAS,Alpine,6,0 days 00:01:41.110000,SOFT,6,1,FALSE,Bahrain,2023,101.11
GAS,Alpine,7,0 days 00:01:41.134000,SOFT,7,1,FALSE,Bahrain,2023,101.134
GAS,Alpine,8,0 days 00:01:41.173000,SOFT,8,1,FALSE,Bahrain,2023,101.173
GAS,Alpine,9,0 days 00:01:44.201000,SOFT,9,1,FALSE,Bahrain,2023,104.201
GAS,Alpine,10,0 days 00:02:01.262000,HARD,1,2,FALSE,Bahrain,2023,121.262
GAS,Alpine,11,0 days 00:01:38.762000,HARD,2,2,TRUE,Bahrain,2023,98.762
GAS,Alpine,12,0 days 00:01:38.928000,HARD,3,2,FALSE,Bahrain,2023,98.928
GAS,Alpine,13,0 days 00:01:39.349000,HARD,4,2,FALSE,Bahrain,2023,99.349
GAS,Alpine,14,0 days 00:01:38.859000,HARD,5,2,FALSE,Bahrain,2023,98.859
GAS,Alpine,15,0 days 00:01:38.985000,HARD,6,2,FALSE,Bahrain,2023,98.985
GAS,Alpine,16,0 days 00:01:38.945000,HARD,7,2,FALSE,Bahrain,2023,98.945
GAS,Alpine,17,0 days 00:01:39.011000,HARD,8,2,FALSE,Bahrain,2023,99.011
GAS,Alpine,18,0 days 00:01:39.029000,HARD,9,2,FALSE,Bahrain,2023,99.029
GAS,Alpine,19,0 days 00:01:39.066000,HARD,10,2,FALSE,Bahrain,2023,99.066
GAS,Alpine,20,0 days 00:01:39.017000,HARD,11,2,FALSE,Bahrain,2023,99.017
GAS,Alpine,21,0 days 00:01:39.327000,HARD,12,2,FALSE,Bahrain,2023,99.327
GAS,Alpine,22,0 days 00:01:39.485000,HARD,13,2,FALSE,Bahrain,2023,99.485
GAS,Alpine,23,0 days 00:01:39.263000,HARD,14,2,FALSE,Bahrain,2023,99.263
GAS,Alpine,24,0 days 00:01:39.761000,HARD,15,2,FALSE,Bahrain,2023,99.761
GAS,Alpine,25,0 days 00:01:42.288000,HARD,16,2,FALSE,Bahrain,2023,102.288
GAS,Alpine,26,0 days 00:01:59.404000,HARD,1,3,FALSE,Bahrain,2023,119.404
GAS,Alpine,27,0 days 00:01:38.729000,HARD,2,3,TRUE,Bahrain,2023,98.729
GAS,Alpine,28,0 days 00:01:37.761000,HARD,3,3,TRUE,Bahrain,2023,97.761
GAS,Alpine,29,0 days 00:01:38.012000,HARD,4,3,FALSE,Bahrain,2023,98.012
GAS,Alpine,30,0 days 00:01:37.760000,HARD,5,3,TRUE,Bahrain,2023,97.76
GAS,Alpine,31,0 days 00:01:37.968000,HARD,6,3,FALSE,Bahrain,2023,97.968
GAS,Alpine,32,0 days 00:01:38.012000,HARD,7,3,FALSE,Bahrain,2023,98.012
GAS,Alpine,33,0 days 00:01:37.974000,HARD,8,3,FALSE,Bahrain,2023,97.974
GAS,Alpine,34,0 days 00:01:38.022000,HARD,9,3,FALSE,Bahrain,2023,98.022
GAS,Alpine,35,0 days 00:01:38.088000,HARD,10,3,FALSE,Bahrain,2023,98.088
GAS,Alpine,36,0 days 00:01:38.184000,HARD,11,3,FALSE,Bahrain,2023,98.184
GAS,Alpine,37,0 days 00:01:38.133000,HARD,12,3,FALSE,Bahrain,2023,98.133
GAS,Alpine,38,0 days 00:01:38.108000,HARD,13,3,FALSE,Bahrain,2023,98.108
GAS,Alpine,39,0 days 00:01:38.537000,HARD,14,3,FALSE,Bahrain,2023,98.537
GAS,Alpine,40,0 days 00:01:49.707000,HARD,15,3,FALSE,Bahrain,2023,109.707
GAS,Alpine,41,0 days 00:02:08.544000,SOFT,1,4,FALSE,Bahrain,2023,128.544
GAS,Alpine,42,0 days 00:01:35.068000,SOFT,2,4,TRUE,Bahrain,2023,95.068
GAS,Alpine,43,0 days 00:01:35.942000,SOFT,3,4,FALSE,Bahrain,2023,95.942
GAS,Alpine,44,0 days 00:01:35.792000,SOFT,4,4,FALSE,Bahrain,2023,95.792
GAS,Alpine,45,0 days 00:01:36.186000,SOFT,5,4,FALSE,Bahrain,2023,96.186
GAS,Alpine,46,0 days 00:01:36.041000,SOFT,6,4,FALSE,Bahrain,2023,96.041
GAS,Alpine,47,0 days 00:01:36.120000,SOFT,7,4,FALSE,Bahrain,2023,96.12
GAS,Alpine,48,0 days 00:01:36.368000,SOFT,8,4,FALSE,Bahrain,2023,96.368
GAS,Alpine,49,0 days 00:01:36.803000,SOFT,9,4,FALSE,Bahrain,2023,96.803
GAS,Alpine,50,0 days 00:01:36.551000,SOFT,10,4,FALSE,Bahrain,2023,96.551
GAS,Alpine,51,0 days 00:01:36.635000,SOFT,11,4,FALSE,Bahrain,2023,96.635
GAS,Alpine,52,0 days 00:01:36.891000,SOFT,12,4,FALSE,Bahrain,2023,96.891
GAS,Alpine,53,0 days 00:01:36.979000,SOFT,13,4,FALSE,Bahrain,2023,96.979
GAS,Alpine,54,0 days 00:01:37.222000,SOFT,14,4,FALSE,Bahrain,2023,97.222
GAS,Alpine,55,0 days 00:01:37.559000,SOFT,15,4,FALSE,Bahrain,2023,97.559
GAS,Alpine,56,0 days 00:01:37.845000,SOFT,16,4,FALSE,Bahrain,2023,97.845
GAS,Alpine,57,0 days 00:01:38.147000,SOFT,17,4,FALSE,Bahrain,2023,98.147
PER,Red Bull Racing,1,0 days 00:01:41.063000,SOFT,4,1,FALSE,Bahrain,2023,101.063
PER,Red Bull Racing,2,0 days 00:01:38.862000,SOFT,5,1,TRUE,Bahrain,2023,98.862
PER,Red Bull Racing,3,0 days 00:01:38.830000,SOFT,6,1,TRUE,Bahrain,2023,98.83
PER,Red Bull Racing,4,0 days 00:01:38.758000,SOFT,7,1,TRUE,Bahrain,2023,98.758
PER,Red Bull Racing,5,0 days 00:01:38.404000,SOFT,8,1,TRUE,Bahrain,2023,98.404
PER,Red Bull Racing,6,0 days 00:01:38.718000,SOFT,9,1,FALSE,Bahrain,2023,98.718
PER,Red Bull Racing,7,0 days 00:01:38.804000,SOFT,10,1,FALSE,Bahrain,2023,98.804
PER,Red Bull Racing,8,0 days 00:01:39.172000,SOFT,11,1,FALSE,Bahrain,2023,99.172
PER,Red Bull Racing,9,0 days 00:01:38.914000,SOFT,12,1,FALSE,Bahrain,2023,98.914
PER,Red Bull Racing,10,0 days 00:01:39.085000,SOFT,13,1,FALSE,Bahrain,2023,99.085
PER,Red Bull Racing,11,0 days 00:01:39.249000,SOFT,14,1,FALSE,Bahrain,2023,99.249
PER,Red Bull Racing,12,0 days 00:01:39.197000,SOFT,15,1,FALSE,Bahrain,2023,99.197
PER,Red Bull Racing,13,0 days 00:01:39.336000,SOFT,16,1,FALSE,Bahrain,2023,99.336
PER,Red Bull Racing,14,0 days 00:01:38.739000,SOFT,17,1,FALSE,Bahrain,2023,98.739
PER,Red Bull Racing,15,0 days 00:01:38.608000,SOFT,18,1,FALSE,Bahrain,2023,98.608
PER,Red Bull Racing,16,0 days 00:01:38.770000,SOFT,19,1,FALSE,Bahrain,2023,98.77
PER,Red Bull Racing,17,0 days 00:01:41.360000,SOFT,20,1,FALSE,Bahrain,2023,101.36
PER,Red Bull Racing,18,0 days 00:01:58.797000,SOFT,3,2,FALSE,Bahrain,2023,118.797
PER,Red Bull Racing,19,0 days 00:01:37.659000,SOFT,4,2,TRUE,Bahrain,2023,97.659
PER,Red Bull Racing,20,0 days 00:01:37.448000,SOFT,5,2,TRUE,Bahrain,2023,97.448
PER,Red Bull Racing,21,0 days 00:01:37.240000,SOFT,6,2,TRUE,Bahrain,2023,97.24
PER,Red Bull Racing,22,0 days 00:01:37.169000,SOFT,7,2,TRUE,Bahrain,2023,97.169
PER,Red Bull Racing,23,0 days 00:01:37.304000,SOFT,8,2,FALSE,Bahrain,2023,97.304
PER,Red Bull Racing,24,0 days 00:01:37.352000,SOFT,9,2,FALSE,Bahrain,2023,97.352
PER,Red Bull Racing,25,0 days 00:01:38.418000,SOFT,10,2,FALSE,Bahrain,2023,98.418
PER,Red Bull Racing,26,0 days 00:01:37.454000,SOFT,11,2,FALSE,Bahrain,2023,97.454
PER,Red Bull Racing,27,0 days 00:01:37.387000,SOFT,12,2,FALSE,Bahrain,2023,97.387
PER,Red Bull Racing,28,0 days 00:01:37.211000,SOFT,13,2,FALSE,Bahrain,2023,97.211
PER,Red Bull Racing,29,0 days 00:01:37.733000,SOFT,14,2,FALSE,Bahrain,2023,97.733
PER,Red Bull Racing,30,0 days 00:01:37.400000,SOFT,15,2,FALSE,Bahrain,2023,97.4
PER,Red Bull Racing,31,0 days 00:01:37.919000,SOFT,16,2,FALSE,Bahrain,2023,97.919
PER,Red Bull Racing,32,0 days 00:01:37.722000,SOFT,17,2,FALSE,Bahrain,2023,97.722
PER,Red Bull Racing,33,0 days 00:01:37.869000,SOFT,18,2,FALSE,Bahrain,2023,97.869
PER,Red Bull Racing,34,0 days 00:01:40.686000,SOFT,19,2,FALSE,Bahrain,2023,100.686
PER,Red Bull Racing,35,0 days 00:01:58.785000,HARD,1,3,FALSE,Bahrain,2023,118.785
PER,Red Bull Racing,36,0 days 00:01:36.820000,HARD,2,3,TRUE,Bahrain,2023,96.82
PER,Red Bull Racing,37,0 days 00:01:36.344000,HARD,3,3,TRUE,Bahrain,2023,96.344
PER,Red Bull Racing,38,0 days 00:01:36.431000,HARD,4,3,FALSE,Bahrain,2023,96.431
PER,Red Bull Racing,39,0 days 00:01:36.429000,HARD,5,3,FALSE,Bahrain,2023,96.429
PER,Red Bull Racing,40,0 days 00:01:37.114000,HARD,6,3,FALSE,Bahrain,2023,97.114
PER,Red Bull Racing,41,0 days 00:02:03.522000,HARD,7,3,FALSE,Bahrain,2023,123.522
PER,Red Bull Racing,42,0 days 00:01:39.657000,HARD,8,3,FALSE,Bahrain,2023,99.657
PER,Red Bull Racing,43,0 days 00:01:36.554000,HARD,9,3,FALSE,Bahrain,2023,96.554
PER,Red Bull Racing,44,0 days 00:01:36.978000,HARD,10,3,FALSE,Bahrain,2023,96.978
PER,Red Bull Racing,45,0 days 00:01:36.928000,HARD,11,3,FALSE,Bahrain,2023,96.928
PER,Red Bull Racing,46,0 days 00:01:37.257000,HARD,12,3,FALSE,Bahrain,2023,97.257
PER,Red Bull Racing,47,0 days 00:01:36.661000,HARD,13,3,FALSE,Bahrain,2023,96.661
PER,Red Bull Racing,48,0 days 00:01:36.859000,HARD,14,3,FALSE,Bahrain,2023,96.859
PER,Red Bull Racing,49,0 days 00:01:37.049000,HARD,15,3,FALSE,Bahrain,2023,97.049
PER,Red Bull Racing,50,0 days 00:01:37.731000,HARD,16,3,FALSE,Bahrain,2023,97.731
PER,Red Bull Racing,51,0 days 00:01:37.049000,HARD,17,3,FALSE,Bahrain,2023,97.049
PER,Red Bull Racing,52,0 days 00:01:37.062000,HARD,18,3,FALSE,Bahrain,2023,97.062
PER,Red Bull Racing,53,0 days 00:01:37.345000,HARD,19,3,FALSE,Bahrain,2023,97.345
PER,Red Bull Racing,54,0 days 00:01:37.296000,HARD,20,3,FALSE,Bahrain,2023,97.296
PER,Red Bull Racing,55,0 days 00:01:37.092000,HARD,21,3,FALSE,Bahrain,2023,97.092
PER,Red Bull Racing,56,0 days 00:01:36.565000,HARD,22,3,FALSE,Bahrain,2023,96.565
PER,Red Bull Racing,57,0 days 00:01:36.558000,HARD,23,3,FALSE,Bahrain,2023,96.558
ALO,Aston Martin,1,0 days 00:01:43.608000,SOFT,4,1,FALSE,Bahrain,2023,103.608
ALO,Aston Martin,2,0 days 00:01:39.792000,SOFT,5,1,TRUE,Bahrain,2023,99.792
ALO,Aston Martin,3,0 days 00:01:39.100000,SOFT,6,1,TRUE,Bahrain,2023,99.1
ALO,Aston Martin,4,0 days 00:01:39.548000,SOFT,7,1,FALSE,Bahrain,2023,99.548
ALO,Aston Martin,5,0 days 00:01:39.662000,SOFT,8,1,FALSE,Bahrain,2023,99.662
ALO,Aston Martin,6,0 days 00:01:39.674000,SOFT,9,1,FALSE,Bahrain,2023,99.674
ALO,Aston Martin,7,0 days 00:01:39.729000,SOFT,10,1,FALSE,Bahrain,2023,99.729
ALO,Aston Martin,8,0 days 00:01:39.959000,SOFT,11,1,FALSE,Bahrain,2023,99.959
ALO,Aston Martin,9,0 days 00:01:40.275000,SOFT,12,1,FALSE,Bahrain,2023,100.275
ALO,Aston Martin,10,0 days 00:01:40.203000,SOFT,13,1,FALSE,Bahrain,2023,100.203
ALO,Aston Martin,11,0 days 00:01:41.147000,SOFT,14,1,FALSE,Bahrain,2023,101.147
ALO,Aston Martin,12,0 days 00:01:40.934000,SOFT,15,1,FALSE,Bahrain,2023,100.934
ALO,Aston Martin,13,0 days 00:01:40.341000,SOFT,16,1,FALSE,Bahrain,2023,100.341
ALO,Aston Martin,14,0 days 00:01:42.212000,SOFT,17,1,FALSE,Bahrain,2023,102.212
ALO,Aston Martin,15,0 days 00:01:59.692000,HARD,1,2,FALSE,Bahrain,2023,119.692
ALO,Aston Martin,16,0 days 00:01:37.542000,HARD,2,2,TRUE,Bahrain,2023,97.542
ALO,Aston Martin,17,0 days 00:01:38.139000,HARD,3,2,FALSE,Bahrain,2023,98.139
ALO,Aston Martin,18,0 days 00:01:38.124000,HARD,4,2,FALSE,Bahrain,2023,98.124
ALO,Aston Martin,19,0 days 00:01:38.361000,HARD,5,2,FALSE,Bahrain,2023,98.361
ALO,Aston Martin,20,0 days 00:01:38.318000,HARD,6,2,FALSE,Bahrain,2023,98.318
ALO,Aston Martin,21,0 days 00:01:38.407000,HARD,7,2,FALSE,Bahrain,2023,98.407
ALO,Aston Martin,22,0 days 00:01:38.200000,HARD,8,2,FALSE,Bahrain,2023,98.2
ALO,Aston Martin,23,0 days 00:01:37.853000,HARD,9,2,FALSE,Bahrain,2023,97.853
ALO,Aston Martin,24,0 days 00:01:37.878000,HARD,10,2,FALSE,Bahrain,2023,97.878
ALO,Aston Martin,25,0 days 00:01:38.139000,HARD,11,2,FALSE,Bahrain,2023,98.139
ALO,Aston Martin,26,0 days 00:01:38.127000,HARD,12,2,FALSE,Bahrain,2023,98.127
ALO,Aston Martin,27,0 days 00:01:38.612000,HARD,13,2,FALSE,Bahrain,2023,98.612
ALO,Aston Martin,28,0 days 00:01:38.199000,HARD,14,2,FALSE,Bahrain,2023,98.199
ALO,Aston Martin,29,0 days 00:01:38.585000,HARD,15,2,FALSE,Bahrain,2023,98.585
ALO,Aston Martin,30,0 days 00:01:38.282000,HARD,16,2,FALSE,Bahrain,2023,98.282
ALO,Aston Martin,31,0 days 00:01:38.009000,HARD,17,2,FALSE,Bahrain,2023,98.009
ALO,Aston Martin,32,0 days 00:01:37.871000,HARD,18,2,FALSE,Bahrain,2023,97.871
ALO,Aston Martin,33,0 days 00:01:37.769000,HARD,19,2,FALSE,Bahrain,2023,97.769
ALO,Aston Martin,34,0 days 00:01:40.353000,HARD,20,2,FALSE,Bahrain,2023,100.353
ALO,Aston Martin,35,0 days 00:01:57.389000,HARD,1,3,FALSE,Bahrain,2023,117.389
ALO,Aston Martin,36,0 days 00:01:36.156000,HARD,2,3,TRUE,Bahrain,2023,96.156
ALO,Aston Martin,37,0 days 00:01:37.431000,HARD,3,3,FALSE,Bahrain,2023,97.431
ALO,Aston Martin,38,0 days 00:01:37.002000,HARD,4,3,FALSE,Bahrain,2023,97.002
ALO,Aston Martin,39,0 days 00:01:37.243000,HARD,5,3,FALSE,Bahrain,2023,97.243
ALO,Aston Martin,40,0 days 00:01:37.208000,HARD,6,3,FALSE,Bahrain,2023,97.208
ALO,Aston Martin,41,0 days 00:02:06.713000,HARD,7,3,FALSE,Bahrain,2023,126.713
ALO,Aston Martin,42,0 days 00:01:36.334000,HARD,8,3,FALSE,Bahrain,2023,96.334
ALO,Aston Martin,43,0 days 00:01:36.911000,HARD,9,3,FALSE,Bahrain,2023,96.911
ALO,Aston Martin,44,0 days 00:01:37.022000,HARD,10,3,FALSE,Bahrain,2023,97.022
ALO,Aston Martin,45,0 days 00:01:37.931000,HARD,11,3,FALSE,Bahrain,2023,97.931
ALO,Aston Martin,46,0 days 00:01:37.087000,HARD,12,3,FALSE,Bahrain,2023,97.087
ALO,Aston Martin,47,0 days 00:01:37.326000,HARD,13,3,FALSE,Bahrain,2023,97.326
ALO,Aston Martin,48,0 days 00:01:36.783000,HARD,14,3,FALSE,Bahrain,2023,96.783
ALO,Aston Martin,49,0 days 00:01:36.726000,HARD,15,3,FALSE,Bahrain,2023,96.726
ALO,Aston Martin,50,0 days 00:01:36.331000,HARD,16,3,FALSE,Bahrain,2023,96.331
ALO,Aston Martin,51,0 days 00:01:36.960000,HARD,17,3,FALSE,Bahrain,2023,96.96
ALO,Aston Martin,52,0 days 00:01:37.010000,HARD,18,3,FALSE,Bahrain,2023,97.01
ALO,Aston Martin,53,0 days 00:01:37.010000,HARD,19,3,FALSE,Bahrain,2023,97.01
ALO,Aston Martin,54,0 days 00:01:37.599000,HARD,20,3,FALSE,Bahrain,2023,97.599
ALO,Aston Martin,55,0 days 00:01:37.662000,HARD,21,3,FALSE,Bahrain,2023,97.662
ALO,Aston Martin,56,0 days 00:01:37.473000,HARD,22,3,FALSE,Bahrain,2023,97.473
ALO,Aston Martin,57,0 days 00:01:37.422000,HARD,23,3,FALSE,Bahrain,2023,97.422
LEC,Ferrari,1,0 days 00:01:40.230000,SOFT,1,1,FALSE,Bahrain,2023,100.23
LEC,Ferrari,2,0 days 00:01:38.750000,SOFT,2,1,TRUE,Bahrain,2023,98.75
LEC,Ferrari,3,0 days 00:01:38.658000,SOFT,3,1,TRUE,Bahrain,2023,98.658
LEC,Ferrari,4,0 days 00:01:38.825000,SOFT,4,1,FALSE,Bahrain,2023,98.825
LEC,Ferrari,5,0 days 00:01:38.664000,SOFT,5,1,FALSE,Bahrain,2023,98.664
LEC,Ferrari,6,0 days 00:01:38.572000,SOFT,6,1,TRUE,Bahrain,2023,98.572
LEC,Ferrari,7,0 days 00:01:38.691000,SOFT,7,1,FALSE,Bahrain,2023,98.691
LEC,Ferrari,8,0 days 00:01:38.614000,SOFT,8,1,FALSE,Bahrain,2023,98.614
LEC,Ferrari,9,0 days 00:01:38.828000,SOFT,9,1,FALSE,Bahrain,2023,98.828
LEC,Ferrari,10,0 days 00:01:39.073000,SOFT,10,1,FALSE,Bahrain,2023,99.073
LEC,Ferrari,11,0 days 00:01:39.212000,SOFT,11,1,FALSE,Bahrain,2023,99.212
LEC,Ferrari,12,0 days 00:01:39.489000,SOFT,12,1,FALSE,Bahrain,2023,99.489
LEC,Ferrari,13,0 days 00:01:42.068000,SOFT,13,1,FALSE,Bahrain,2023,102.068
LEC,Ferrari,14,0 days 00:01:58.770000,HARD,1,2,FALSE,Bahrain,2023,118.77
LEC,Ferrari,15,0 days 00:01:38.477000,HARD,2,2,TRUE,Bahrain,2023,98.477
LEC,Ferrari,16,0 days 00:01:37.953000,HARD,3,2,TRUE,Bahrain,2023,97.953
LEC,Ferrari,17,0 days 00:01:38.031000,HARD,4,2,FALSE,Bahrain,2023,98.031
LEC,Ferrari,18,0 days 00:01:37.798000,HARD,5,2,TRUE,Bahrain,2023,97.798
LEC,Ferrari,19,0 days 00:01:37.858000,HARD,6,2,FALSE,Bahrain,2023,97.858
LEC,Ferrari,20,0 days 00:01:37.631000,HARD,7,2,TRUE,Bahrain,2023,97.631
LEC,Ferrari,21,0 days 00:01:37.753000,HARD,8,2,FALSE,Bahrain,2023,97.753
LEC,Ferrari,22,0 days 00:01:38.162000,HARD,9,2,FALSE,Bahrain,2023,98.162
LEC,Ferrari,23,0 days 00:01:38.054000,HARD,10,2,FALSE,Bahrain,2023,98.054
LEC,Ferrari,24,0 days 00:01:37.972000,HARD,11,2,FALSE,Bahrain,2023,97.972
LEC,Ferrari,25,0 days 00:01:38.541000,HARD,12,2,FALSE,Bahrain,2023,98.541
LEC,Ferrari,26,0 days 00:01:39.668000,HARD,13,2,FALSE,Bahrain,2023,99.668
LEC,Ferrari,27,0 days 00:01:38.814000,HARD,14,2,FALSE,Bahrain,2023,98.814
LEC,Ferrari,28,0 days 00:01:38.618000,HARD,15,2,FALSE,Bahrain,2023,98.618
LEC,Ferrari,29,0 days 00:01:38.447000,HARD,16,2,FALSE,Bahrain,2023,98.447
LEC,Ferrari,30,0 days 00:01:38.390000,HARD,17,2,FALSE,Bahrain,2023,98.39
LEC,Ferrari,31,0 days 00:01:38.746000,HARD,18,2,FALSE,Bahrain,2023,98.746
LEC,Ferrari,32,0 days 00:01:38.948000,HARD,19,2,FALSE,Bahrain,2023,98.948
LEC,Ferrari,33,0 days 00:01:41.323000,HARD,20,2,FALSE,Bahrain,2023,101.323
LEC,Ferrari,34,0 days 00:01:59.477000,HARD,1,3,FALSE,Bahrain,2023,119.477
LEC,Ferrari,35,0 days 00:01:38.073000,HARD,2,3,FALSE,Bahrain,2023,98.073
LEC,Ferrari,36,0 days 00:01:37.313000,HARD,3,3,TRUE,Bahrain,2023,97.313
LEC,Ferrari,37,0 days 00:01:37.170000,HARD,4,3,TRUE,Bahrain,2023,97.17
LEC,Ferrari,38,0 days 00:01:37.170000,HARD,5,3,FALSE,Bahrain,2023,97.17
LEC,Ferrari,39,0 days 00:01:37.287000,HARD,6,3,FALSE,Bahrain,2023,97.287
LEC,Ferrari,40,,HARD,7,3,,Bahrain,2023,
STR,Aston Martin,1,0 days 00:01:44.670000,SOFT,4,1,FALSE,Bahrain,2023,104.67
STR,Aston Martin,2,0 days 00:01:39.892000,SOFT,5,1,TRUE,Bahrain,2023,99.892
STR,Aston Martin,3,0 days 00:01:39.625000,SOFT,6,1,TRUE,Bahrain,2023,99.625
STR,Aston Martin,4,0 days 00:01:39.745000,SOFT,7,1,FALSE,Bahrain,2023,99.745
STR,Aston Martin,5,0 days 00:01:39.144000,SOFT,8,1,TRUE,Bahrain,2023,99.144
STR,Aston Martin,6,0 days 00:01:39.714000,SOFT,9,1,FALSE,Bahrain,2023,99.714
STR,Aston Martin,7,0 days 00:01:39.945000,SOFT,10,1,FALSE,Bahrain,2023,99.945
STR,Aston Martin,8,0 days 00:01:39.801000,SOFT,11,1,FALSE,Bahrain,2023,99.801
STR,Aston Martin,9,0 days 00:01:40.106000,SOFT,12,1,FALSE,Bahrain,2023,100.106
STR,Aston Martin,10,0 days 00:01:40.192000,SOFT,13,1,FALSE,Bahrain,2023,100.192
STR,Aston Martin,11,0 days 00:01:40.923000,SOFT,14,1,FALSE,Bahrain,2023,100.923
STR,Aston Martin,12,0 days 00:01:41.039000,SOFT,15,1,FALSE,Bahrain,2023,101.039
STR,Aston Martin,13,0 days 00:01:41.120000,SOFT,16,1,FALSE,Bahrain,2023,101.12
STR,Aston Martin,14,0 days 00:01:40.002000,SOFT,17,1,FALSE,Bahrain,2023,100.002
STR,Aston Martin,15,0 days 00:01:42.841000,SOFT,18,1,FALSE,Bahrain,2023,102.841
STR,Aston Martin,16,0 days 00:01:59.876000,HARD,1,2,FALSE,Bahrain,2023,119.876
STR,Aston Martin,17,0 days 00:01:37.507000,HARD,2,2,TRUE,Bahrain,2023,97.507
STR,Aston Martin,18,0 days 00:01:38.127000,HARD,3,2,FALSE,Bahrain,2023,98.127
STR,Aston Martin,19,0 days 00:01:38.587000,HARD,4,2,FALSE,Bahrain,2023,98.587
STR,Aston Martin,20,0 days 00:01:38.038000,HARD,5,2,FALSE,Bahrain,2023,98.038
STR,Aston Martin,21,0 days 00:01:38.273000,HARD,6,2,FALSE,Bahrain,2023,98.273
STR,Aston Martin,22,0 days 00:01:38.730000,HARD,7,2,FALSE,Bahrain,2023,98.73
STR,Aston Martin,23,0 days 00:01:38.295000,HARD,8,2,FALSE,Bahrain,2023,98.295
STR,Aston Martin,24,0 days 00:01:38.478000,HARD,9,2,FALSE,Bahrain,2023,98.478
STR,Aston Martin,25,0 days 00:01:38.250000,HARD,10,2,FALSE,Bahrain,2023,98.25
STR,Aston Martin,26,0 days 00:01:38.482000,HARD,11,2,FALSE,Bahrain,2023,98.482
STR,Aston Martin,27,0 days 00:01:39.021000,HARD,12,2,FALSE,Bahrain,2023,99.021
STR,Aston Martin,28,0 days 00:01:38.723000,HARD,13,2,FALSE,Bahrain,2023,98.723
STR,Aston Martin,29,0 days 00:01:38.710000,HARD,14,2,FALSE,Bahrain,2023,98.71
STR,Aston Martin,30,0 days 00:01:41.467000,HARD,15,2,FALSE,Bahrain,2023,101.467
STR,Aston Martin,31,0 days 00:01:57.063000,HARD,1,3,FALSE,Bahrain,2023,117.063
STR,Aston Martin,32,0 days 00:01:36.546000,HARD,2,3,TRUE,Bahrain,2023,96.546
STR,Aston Martin,33,0 days 00:01:37.210000,HARD,3,3,FALSE,Bahrain,2023,97.21
STR,Aston Martin,34,0 days 00:01:37.168000,HARD,4,3,FALSE,Bahrain,2023,97.168
STR,Aston Martin,35,0 days 00:01:37.521000,HARD,5,3,FALSE,Bahrain,2023,97.521
STR,Aston Martin,36,0 days 00:01:37.720000,HARD,6,3,FALSE,Bahrain,2023,97.72
STR,Aston Martin,37,0 days 00:01:37.680000,HARD,7,3,FALSE,Bahrain,2023,97.68
STR,Aston Martin,38,0 days 00:01:37.274000,HARD,8,3,FALSE,Bahrain,2023,97.274
STR,Aston Martin,39,0 days 00:01:37.456000,HARD,9,3,FALSE,Bahrain,2023,97.456
STR,Aston Martin,40,0 days 00:01:37.916000,HARD,10,3,FALSE,Bahrain,2023,97.916
STR,Aston Martin,41,0 days 00:02:06.809000,HARD,11,3,FALSE,Bahrain,2023,126.809
STR,Aston Martin,42,0 days 00:01:37.298000,HARD,12,3,FALSE,Bahrain,2023,97.298
STR,Aston Martin,43,0 days 00:01:37.304000,HARD,13,3,FALSE,Bahrain,2023,97.304
STR,Aston Martin,44,0 days 00:01:37.299000,HARD,14,3,FALSE,Bahrain,2023,97.299
STR,Aston Martin,45,0 days 00:01:37.222000,HARD,15,3,FALSE,Bahrain,2023,97.222
STR,Aston Martin,46,0 days 00:01:37.562000,HARD,16,3,FALSE,Bahrain,2023,97.562
STR,Aston Martin,47,0 days 00:01:37.257000,HARD,17,3,FALSE,Bahrain,2023,97.257
STR,Aston Martin,48,0 days 00:01:37.448000,HARD,18,3,FALSE,Bahrain,2023,97.448
STR,Aston Martin,49,0 days 00:01:37.551000,HARD,19,3,FALSE,Bahrain,2023,97.551
STR,Aston Martin,50,0 days 00:01:37.388000,HARD,20,3,FALSE,Bahrain,2023,97.388
STR,Aston Martin,51,0 days 00:01:37.866000,HARD,21,3,FALSE,Bahrain,2023,97.866
STR,Aston Martin,52,0 days 00:01:37.579000,HARD,22,3,FALSE,Bahrain,2023,97.579
STR,Aston Martin,53,0 days 00:01:38.379000,HARD,23,3,FALSE,Bahrain,2023,98.379
STR,Aston Martin,54,0 days 00:01:37.597000,HARD,24,3,FALSE,Bahrain,2023,97.597
STR,Aston Martin,55,0 days 00:01:37.701000,HARD,25,3,FALSE,Bahrain,2023,97.701
STR,Aston Martin,56,0 days 00:01:38.110000,HARD,26,3,FALSE,Bahrain,2023,98.11
STR,Aston Martin,57,0 days 00:01:37.991000,HARD,27,3,FALSE,Bahrain,2023,97.991
SAR,Williams,1,0 days 00:01:46.855000,SOFT,1,1,FALSE,Bahrain,2023,106.855
SAR,Williams,2,0 days 00:01:40.467000,SOFT,2,1,TRUE,Bahrain,2023,100.467
SAR,Williams,3,0 days 00:01:40.349000,SOFT,3,1,TRUE,Bahrain,2023,100.349
SAR,Williams,4,0 days 00:01:40.644000,SOFT,4,1,FALSE,Bahrain,2023,100.644
SAR,Williams,5,0 days 00:01:40.902000,SOFT,5,1,FALSE,Bahrain,2023,100.902
SAR,Williams,6,0 days 00:01:40.791000,SOFT,6,1,FALSE,Bahrain,2023,100.791
SAR,Williams,7,0 days 00:01:40.892000,SOFT,7,1,FALSE,Bahrain,2023,100.892
SAR,Williams,8,0 days 00:01:40.868000,SOFT,8,1,FALSE,Bahrain,2023,100.868
SAR,Williams,9,0 days 00:01:40.908000,SOFT,9,1,FALSE,Bahrain,2023,100.908
SAR,Williams,10,0 days 00:01:41.133000,SOFT,10,1,FALSE,Bahrain,2023,101.133
SAR,Williams,11,0 days 00:01:41.532000,SOFT,11,1,FALSE,Bahrain,2023,101.532
SAR,Williams,12,0 days 00:01:43.880000,SOFT,12,1,FALSE,Bahrain,2023,103.88
SAR,Williams,13,0 days 00:02:00.255000,SOFT,1,2,FALSE,Bahrain,2023,120.255
SAR,Williams,14,0 days 00:01:38.413000,SOFT,2,2,TRUE,Bahrain,2023,98.413
SAR,Williams,15,0 days 00:01:39.033000,SOFT,3,2,FALSE,Bahrain,2023,99.033
SAR,Williams,16,0 days 00:01:38.988000,SOFT,4,2,FALSE,Bahrain,2023,98.988
SAR,Williams,17,0 days 00:01:39.439000,SOFT,5,2,FALSE,Bahrain,2023,99.439
SAR,Williams,18,0 days 00:01:39.399000,SOFT,6,2,FALSE,Bahrain,2023,99.399
SAR,Williams,19,0 days 00:01:39.220000,SOFT,7,2,FALSE,Bahrain,2023,99.22
SAR,Williams,20,0 days 00:01:39.186000,SOFT,8,2,FALSE,Bahrain,2023,99.186
SAR,Williams,21,0 days 00:01:39.612000,SOFT,9,2,FALSE,Bahrain,2023,99.612
SAR,Williams,22,0 days 00:01:39.362000,SOFT,10,2,FALSE,Bahrain,2023,99.362
SAR,Williams,23,0 days 00:01:39.692000,SOFT,11,2,FALSE,Bahrain,2023,99.692
SAR,Williams,24,0 days 00:01:39.872000,SOFT,12,2,FALSE,Bahrain,2023,99.872
SAR,Williams,25,0 days 00:01:39.834000,SOFT,13,2,FALSE,Bahrain,2023,99.834
SAR,Williams,26,0 days 00:01:40.006000,SOFT,14,2,FALSE,Bahrain,2023,100.006
SAR,Williams,27,0 days 00:01:39.602000,SOFT,15,2,FALSE,Bahrain,2023,99.602
SAR,Williams,28,0 days 00:01:39.620000,SOFT,16,2,FALSE,Bahrain,2023,99.62
SAR,Williams,29,0 days 00:01:39.673000,SOFT,17,2,FALSE,Bahrain,2023,99.673
SAR,Williams,30,0 days 00:01:42.409000,SOFT,18,2,FALSE,Bahrain,2023,102.409
SAR,Williams,31,0 days 00:01:59.303000,HARD,1,3,FALSE,Bahrain,2023,119.303
SAR,Williams,32,0 days 00:01:37.613000,HARD,2,3,TRUE,Bahrain,2023,97.613
SAR,Williams,33,0 days 00:01:37.862000,HARD,3,3,FALSE,Bahrain,2023,97.862
SAR,Williams,34,0 days 00:01:37.902000,HARD,4,3,FALSE,Bahrain,2023,97.902
SAR,Williams,35,0 days 00:01:38.029000,HARD,5,3,FALSE,Bahrain,2023,98.029
SAR,Williams,36,0 days 00:01:37.717000,HARD,6,3,FALSE,Bahrain,2023,97.717
SAR,Williams,37,0 days 00:01:37.831000,HARD,7,3,FALSE,Bahrain,2023,97.831
SAR,Williams,38,0 days 00:01:38.015000,HARD,8,3,FALSE,Bahrain,2023,98.015
SAR,Williams,39,0 days 00:01:37.971000,HARD,9,3,FALSE,Bahrain,2023,97.971
SAR,Williams,40,0 days 00:01:53.753000,HARD,10,3,FALSE,Bahrain,2023,113.753
SAR,Williams,41,0 days 00:02:05.614000,SOFT,1,4,FALSE,Bahrain,2023,125.614
SAR,Williams,42,0 days 00:01:36.037000,SOFT,2,4,TRUE,Bahrain,2023,96.037
SAR,Williams,43,0 days 00:01:36.801000,SOFT,3,4,FALSE,Bahrain,2023,96.801
SAR,Williams,44,0 days 00:01:37.407000,SOFT,4,4,FALSE,Bahrain,2023,97.407
SAR,Williams,45,0 days 00:01:37.462000,SOFT,5,4,FALSE,Bahrain,2023,97.462
SAR,Williams,46,0 days 00:01:38.441000,SOFT,6,4,FALSE,Bahrain,2023,98.441
SAR,Williams,47,0 days 00:01:37.227000,SOFT,7,4,FALSE,Bahrain,2023,97.227
SAR,Williams,48,0 days 00:01:37.068000,SOFT,8,4,FALSE,Bahrain,2023,97.068
SAR,Williams,49,0 days 00:01:37.225000,SOFT,9,4,FALSE,Bahrain,2023,97.225
SAR,Williams,50,0 days 00:01:37.290000,SOFT,10,4,FALSE,Bahrain,2023,97.29
SAR,Williams,51,0 days 00:01:37.472000,SOFT,11,4,FALSE,Bahrain,2023,97.472
SAR,Williams,52,0 days 00:01:37.456000,SOFT,12,4,FALSE,Bahrain,2023,97.456
SAR,Williams,53,0 days 00:01:37.662000,SOFT,13,4,FALSE,Bahrain,2023,97.662
SAR,Williams,54,0 days 00:01:37.936000,SOFT,14,4,FALSE,Bahrain,2023,97.936
SAR,Williams,55,0 days 00:01:38.316000,SOFT,15,4,FALSE,Bahrain,2023,98.316
SAR,Williams,56,0 days 00:01:39.626000,SOFT,16,4,FALSE,Bahrain,2023,99.626
MAG,Haas F1 Team,1,0 days 00:01:49.330000,HARD,1,1,FALSE,Bahrain,2023,109.33
MAG,Haas F1 Team,2,0 days 00:01:41.521000,HARD,2,1,TRUE,Bahrain,2023,101.521
MAG,Haas F1 Team,3,0 days 00:01:41.978000,HARD,3,1,FALSE,Bahrain,2023,101.978
MAG,Haas F1 Team,4,0 days 00:01:40.773000,HARD,4,1,TRUE,Bahrain,2023,100.773
MAG,Haas F1 Team,5,0 days 00:01:41.340000,HARD,5,1,FALSE,Bahrain,2023,101.34
MAG,Haas F1 Team,6,0 days 00:01:41.125000,HARD,6,1,FALSE,Bahrain,2023,101.125
MAG,Haas F1 Team,7,0 days 00:01:41.526000,HARD,7,1,FALSE,Bahrain,2023,101.526
MAG,Haas F1 Team,8,0 days 00:01:41.283000,HARD,8,1,FALSE,Bahrain,2023,101.283
MAG,Haas F1 Team,9,0 days 00:01:41.278000,HARD,9,1,FALSE,Bahrain,2023,101.278
MAG,Haas F1 Team,10,0 days 00:01:41.719000,HARD,10,1,FALSE,Bahrain,2023,101.719
MAG,Haas F1 Team,11,0 days 00:01:42.049000,HARD,11,1,FALSE,Bahrain,2023,102.049
MAG,Haas F1 Team,12,0 days 00:01:41.345000,HARD,12,1,FALSE,Bahrain,2023,101.345
MAG,Haas F1 Team,13,0 days 00:01:41.654000,HARD,13,1,FALSE,Bahrain,2023,101.654
MAG,Haas F1 Team,14,0 days 00:01:41.739000,HARD,14,1,FALSE,Bahrain,2023,101.739
MAG,Haas F1 Team,15,0 days 00:01:44.899000,HARD,15,1,FALSE,Bahrain,2023,104.899
MAG,Haas F1 Team,16,0 days 00:02:00.587000,HARD,1,2,FALSE,Bahrain,2023,120.587
MAG,Haas F1 Team,17,0 days 00:01:38.319000,HARD,2,2,TRUE,Bahrain,2023,98.319
MAG,Haas F1 Team,18,0 days 00:01:38.274000,HARD,3,2,TRUE,Bahrain,2023,98.274
MAG,Haas F1 Team,19,0 days 00:01:38.803000,HARD,4,2,FALSE,Bahrain,2023,98.803
MAG,Haas F1 Team,20,0 days 00:01:39.083000,HARD,5,2,FALSE,Bahrain,2023,99.083
MAG,Haas F1 Team,21,0 days 00:01:39.086000,HARD,6,2,FALSE,Bahrain,2023,99.086
MAG,Haas F1 Team,22,0 days 00:01:38.913000,HARD,7,2,FALSE,Bahrain,2023,98.913
MAG,Haas F1 Team,23,0 days 00:01:39.027000,HARD,8,2,FALSE,Bahrain,2023,99.027
MAG,Haas F1 Team,24,0 days 00:01:38.947000,HARD,9,2,FALSE,Bahrain,2023,98.947
MAG,Haas F1 Team,25,0 days 00:01:39.476000,HARD,10,2,FALSE,Bahrain,2023,99.476
MAG,Haas F1 Team,26,0 days 00:01:39.601000,HARD,11,2,FALSE,Bahrain,2023,99.601
MAG,Haas F1 Team,27,0 days 00:01:39.298000,HARD,12,2,FALSE,Bahrain,2023,99.298
MAG,Haas F1 Team,28,0 days 00:01:39.316000,HARD,13,2,FALSE,Bahrain,2023,99.316
MAG,Haas F1 Team,29,0 days 00:01:41.979000,HARD,14,2,FALSE,Bahrain,2023,101.979
MAG,Haas F1 Team,30,0 days 00:02:00.933000,SOFT,1,3,FALSE,Bahrain,2023,120.933
MAG,Haas F1 Team,31,0 days 00:01:38.593000,SOFT,2,3,FALSE,Bahrain,2023,98.593
MAG,Haas F1 Team,32,0 days 00:01:37.644000,SOFT,3,3,TRUE,Bahrain,2023,97.644
MAG,Haas F1 Team,33,0 days 00:01:37.097000,SOFT,4,3,TRUE,Bahrain,2023,97.097
MAG,Haas F1 Team,34,0 days 00:01:37.528000,SOFT,5,3,FALSE,Bahrain,2023,97.528
MAG,Haas F1 Team,35,0 days 00:01:37.460000,SOFT,6,3,FALSE,Bahrain,2023,97.46
MAG,Haas F1 Team,36,0 days 00:01:37.754000,SOFT,7,3,FALSE,Bahrain,2023,97.754
MAG,Haas F1 Team,37,0 days 00:01:37.998000,SOFT,8,3,FALSE,Bahrain,2023,97.998
MAG,Haas F1 Team,38,0 days 00:01:38.303000,SOFT,9,3,FALSE,Bahrain,2023,98.303
MAG,Haas F1 Team,39,0 days 00:01:38.587000,SOFT,10,3,FALSE,Bahrain,2023,98.587
MAG,Haas F1 Team,40,0 days 00:01:57.797000,SOFT,11,3,FALSE,Bahrain,2023,117.797
MAG,Haas F1 Team,41,0 days 00:02:02.547000,SOFT,1,4,FALSE,Bahrain,2023,122.547
MAG,Haas F1 Team,42,0 days 00:01:36.471000,SOFT,2,4,TRUE,Bahrain,2023,96.471
MAG,Haas F1 Team,43,0 days 00:01:36.942000,SOFT,3,4,FALSE,Bahrain,2023,96.942
MAG,Haas F1 Team,44,0 days 00:01:36.588000,SOFT,4,4,FALSE,Bahrain,2023,96.588
MAG,Haas F1 Team,45,0 days 00:01:37.126000,SOFT,5,4,FALSE,Bahrain,2023,97.126
MAG,Haas F1 Team,46,0 days 00:01:37.589000,SOFT,6,4,FALSE,Bahrain,2023,97.589
MAG,Haas F1 Team,47,0 days 00:01:37.629000,SOFT,7,4,FALSE,Bahrain,2023,97.629
MAG,Haas F1 Team,48,0 days 00:01:37.607000,SOFT,8,4,FALSE,Bahrain,2023,97.607
MAG,Haas F1 Team,49,0 days 00:01:37.739000,SOFT,9,4,FALSE,Bahrain,2023,97.739
MAG,Haas F1 Team,50,0 days 00:01:38.315000,SOFT,10,4,FALSE,Bahrain,2023,98.315
MAG,Haas F1 Team,51,0 days 00:01:38.157000,SOFT,11,4,FALSE,Bahrain,2023,98.157
MAG,Haas F1 Team,52,0 days 00:01:37.963000,SOFT,12,4,FALSE,Bahrain,2023,97.963
MAG,Haas F1 Team,53,0 days 00:01:37.982000,SOFT,13,4,FALSE,Bahrain,2023,97.982
MAG,Haas F1 Team,54,0 days 00:01:39.651000,SOFT,14,4,FALSE,Bahrain,2023,99.651
MAG,Haas F1 Team,55,0 days 00:01:38.446000,SOFT,15,4,FALSE,Bahrain,2023,98.446
MAG,Haas F1 Team,56,0 days 00:01:38.779000,SOFT,16,4,FALSE,Bahrain,2023,98.779
DEV,AlphaTauri,1,0 days 00:01:49.959000,SOFT,1,1,FALSE,Bahrain,2023,109.959
DEV,AlphaTauri,2,0 days 00:01:41.289000,SOFT,2,1,TRUE,Bahrain,2023,101.289
DEV,AlphaTauri,3,0 days 00:01:40.914000,SOFT,3,1,TRUE,Bahrain,2023,100.914
DEV,AlphaTauri,4,0 days 00:01:40.373000,SOFT,4,1,TRUE,Bahrain,2023,100.373
DEV,AlphaTauri,5,0 days 00:01:40.630000,SOFT,5,1,FALSE,Bahrain,2023,100.63
DEV,AlphaTauri,6,0 days 00:01:41.125000,SOFT,6,1,FALSE,Bahrain,2023,101.125
DEV,AlphaTauri,7,0 days 00:01:41.166000,SOFT,7,1,FALSE,Bahrain,2023,101.166
DEV,AlphaTauri,8,0 days 00:01:41.230000,SOFT,8,1,FALSE,Bahrain,2023,101.23
DEV,AlphaTauri,9,0 days 00:01:41.573000,SOFT,9,1,FALSE,Bahrain,2023,101.573
DEV,AlphaTauri,10,0 days 00:01:41.666000,SOFT,10,1,FALSE,Bahrain,2023,101.666
DEV,AlphaTauri,11,0 days 00:01:45.460000,SOFT,11,1,FALSE,Bahrain,2023,105.46
DEV,AlphaTauri,12,0 days 00:02:01.184000,HARD,1,2,FALSE,Bahrain,2023,121.184
DEV,AlphaTauri,13,0 days 00:01:38.924000,HARD,2,2,TRUE,Bahrain,2023,98.924
DEV,AlphaTauri,14,0 days 00:01:38.829000,HARD,3,2,TRUE,Bahrain,2023,98.829
DEV,AlphaTauri,15,0 days 00:01:38.868000,HARD,4,2,FALSE,Bahrain,2023,98.868
DEV,AlphaTauri,16,0 days 00:01:39.127000,HARD,5,2,FALSE,Bahrain,2023,99.127
DEV,AlphaTauri,17,0 days 00:01:38.996000,HARD,6,2,FALSE,Bahrain,2023,98.996
DEV,AlphaTauri,18,0 days 00:01:39.054000,HARD,7,2,FALSE,Bahrain,2023,99.054
DEV,AlphaTauri,19,0 days 00:01:39.078000,HARD,8,2,FALSE,Bahrain,2023,99.078
DEV,AlphaTauri,20,0 days 00:01:39.182000,HARD,9,2,FALSE,Bahrain,2023,99.182
DEV,AlphaTauri,21,0 days 00:01:39.182000,HARD,10,2,FALSE,Bahrain,2023,99.182
DEV,AlphaTauri,22,0 days 00:01:39.296000,HARD,11,2,FALSE,Bahrain,2023,99.296
DEV,AlphaTauri,23,0 days 00:01:39.542000,HARD,12,2,FALSE,Bahrain,2023,99.542
DEV,AlphaTauri,24,0 days 00:01:39.807000,HARD,13,2,FALSE,Bahrain,2023,99.807
DEV,AlphaTauri,25,0 days 00:01:40.960000,HARD,14,2,FALSE,Bahrain,2023,100.96
DEV,AlphaTauri,26,0 days 00:01:39.970000,HARD,15,2,FALSE,Bahrain,2023,99.97
DEV,AlphaTauri,27,0 days 00:01:42.309000,HARD,16,2,FALSE,Bahrain,2023,102.309
DEV,AlphaTauri,28,0 days 00:02:00.083000,HARD,1,3,FALSE,Bahrain,2023,120.083
DEV,AlphaTauri,29,0 days 00:01:38.121000,HARD,2,3,TRUE,Bahrain,2023,98.121
DEV,AlphaTauri,30,0 days 00:01:37.709000,HARD,3,3,TRUE,Bahrain,2023,97.709
DEV,AlphaTauri,31,0 days 00:01:37.909000,HARD,4,3,FALSE,Bahrain,2023,97.909
DEV,AlphaTauri,32,0 days 00:01:37.902000,HARD,5,3,FALSE,Bahrain,2023,97.902
DEV,AlphaTauri,33,0 days 00:01:37.933000,HARD,6,3,FALSE,Bahrain,2023,97.933
DEV,AlphaTauri,34,0 days 00:01:38.266000,HARD,7,3,FALSE,Bahrain,2023,98.266
DEV,AlphaTauri,35,0 days 00:01:38.123000,HARD,8,3,FALSE,Bahrain,2023,98.123
DEV,AlphaTauri,36,0 days 00:01:38.206000,HARD,9,3,FALSE,Bahrain,2023,98.206
DEV,AlphaTauri,37,0 days 00:01:38.423000,HARD,10,3,FALSE,Bahrain,2023,98.423
DEV,AlphaTauri,38,0 days 00:01:38.379000,HARD,11,3,FALSE,Bahrain,2023,98.379
DEV,AlphaTauri,39,0 days 00:01:38.535000,HARD,12,3,FALSE,Bahrain,2023,98.535
DEV,AlphaTauri,40,0 days 00:01:53.544000,HARD,13,3,FALSE,Bahrain,2023,113.544
DEV,AlphaTauri,41,0 days 00:01:54.359000,HARD,14,3,FALSE,Bahrain,2023,114.359
DEV,AlphaTauri,42,0 days 00:01:39.873000,HARD,15,3,FALSE,Bahrain,2023,99.873
DEV,AlphaTauri,43,0 days 00:01:40.177000,HARD,16,3,FALSE,Bahrain,2023,100.177
DEV,AlphaTauri,44,0 days 00:01:39.588000,HARD,17,3,FALSE,Bahrain,2023,99.588
DEV,AlphaTauri,45,0 days 00:01:38.889000,HARD,18,3,FALSE,Bahrain,2023,98.889
DEV,AlphaTauri,46,0 days 00:01:38.871000,HARD,19,3,FALSE,Bahrain,2023,98.871
DEV,AlphaTauri,47,0 days 00:01:38.921000,HARD,20,3,FALSE,Bahrain,2023,98.921
DEV,AlphaTauri,48,0 days 00:01:40.441000,HARD,21,3,FALSE,Bahrain,2023,100.441
DEV,AlphaTauri,49,0 days 00:01:38.985000,HARD,22,3,FALSE,Bahrain,2023,98.985
DEV,AlphaTauri,50,0 days 00:01:39.089000,HARD,23,3,FALSE,Bahrain,2023,99.089
DEV,AlphaTauri,51,0 days 00:01:40.475000,HARD,24,3,FALSE,Bahrain,2023,100.475
DEV,AlphaTauri,52,0 days 00:01:40.330000,HARD,25,3,FALSE,Bahrain,2023,100.33
DEV,AlphaTauri,53,0 days 00:01:39.150000,HARD,26,3,FALSE,Bahrain,2023,99.15
DEV,AlphaTauri,54,0 days 00:01:38.885000,HARD,27,3,FALSE,Bahrain,2023,98.885
DEV,AlphaTauri,55,0 days 00:01:39.239000,HARD,28,3,FALSE,Bahrain,2023,99.239
DEV,AlphaTauri,56,0 days 00:01:39.161000,HARD,29,3,FALSE,Bahrain,2023,99.161
TSU,AlphaTauri,1,0 days 00:01:47.791000,SOFT,1,1,FALSE,Bahrain,2023,107.791
TSU,AlphaTauri,2,0 days 00:01:40.837000,SOFT,2,1,TRUE,Bahrain,2023,100.837
TSU,AlphaTauri,3,0 days 00:01:40.243000,SOFT,3,1,TRUE,Bahrain,2023,100.243
TSU,AlphaTauri,4,0 days 00:01:39.950000,SOFT,4,1,TRUE,Bahrain,2023,99.95
TSU,AlphaTauri,5,0 days 00:01:41.131000,SOFT,5,1,FALSE,Bahrain,2023,101.131
TSU,AlphaTauri,6,0 days 00:01:40.886000,SOFT,6,1,FALSE,Bahrain,2023,100.886
TSU,AlphaTauri,7,0 days 00:01:40.952000,SOFT,7,1,FALSE,Bahrain,2023,100.952
TSU,AlphaTauri,8,0 days 00:01:40.846000,SOFT,8,1,FALSE,Bahrain,2023,100.846
TSU,AlphaTauri,9,0 days 00:01:41.010000,SOFT,9,1,FALSE,Bahrain,2023,101.01
TSU,AlphaTauri,10,0 days 00:01:43.749000,SOFT,10,1,FALSE,Bahrain,2023,103.749
TSU,AlphaTauri,11,0 days 00:01:59.843000,HARD,1,2,FALSE,Bahrain,2023,119.843
TSU,AlphaTauri,12,0 days 00:01:39.143000,HARD,2,2,TRUE,Bahrain,2023,99.143
TSU,AlphaTauri,13,0 days 00:01:39.471000,HARD,3,2,FALSE,Bahrain,2023,99.471
TSU,AlphaTauri,14,0 days 00:01:38.742000,HARD,4,2,TRUE,Bahrain,2023,98.742
TSU,AlphaTauri,15,0 days 00:01:38.975000,HARD,5,2,FALSE,Bahrain,2023,98.975
TSU,AlphaTauri,16,0 days 00:01:39.061000,HARD,6,2,FALSE,Bahrain,2023,99.061
TSU,AlphaTauri,17,0 days 00:01:39.021000,HARD,7,2,FALSE,Bahrain,2023,99.021
TSU,AlphaTauri,18,0 days 00:01:39.302000,HARD,8,2,FALSE,Bahrain,2023,99.302
TSU,AlphaTauri,19,0 days 00:01:39.170000,HARD,9,2,FALSE,Bahrain,2023,99.17
TSU,AlphaTauri,20,0 days 00:01:39.282000,HARD,10,2,FALSE,Bahrain,2023,99.282
TSU,AlphaTauri,21,0 days 00:01:39.325000,HARD,11,2,FALSE,Bahrain,2023,99.325
TSU,AlphaTauri,22,0 days 00:01:39.439000,HARD,12,2,FALSE,Bahrain,2023,99.439
TSU,AlphaTauri,23,0 days 00:01:39.632000,HARD,13,2,FALSE,Bahrain,2023,99.632
TSU,AlphaTauri,24,0 days 00:01:40.109000,HARD,14,2,FALSE,Bahrain,2023,100.109
TSU,AlphaTauri,25,0 days 00:01:39.746000,HARD,15,2,FALSE,Bahrain,2023,99.746
TSU,AlphaTauri,26,0 days 00:01:42.227000,HARD,16,2,FALSE,Bahrain,2023,102.227
TSU,AlphaTauri,27,0 days 00:02:00.300000,HARD,1,3,FALSE,Bahrain,2023,120.3
TSU,AlphaTauri,28,0 days 00:01:37.824000,HARD,2,3,TRUE,Bahrain,2023,97.824
TSU,AlphaTauri,29,0 days 00:01:37.779000,HARD,3,3,TRUE,Bahrain,2023,97.779
TSU,AlphaTauri,30,0 days 00:01:38.147000,HARD,4,3,FALSE,Bahrain,2023,98.147
TSU,AlphaTauri,31,0 days 00:01:37.813000,HARD,5,3,FALSE,Bahrain,2023,97.813
TSU,AlphaTauri,32,0 days 00:01:38.017000,HARD,6,3,FALSE,Bahrain,2023,98.017
TSU,AlphaTauri,33,0 days 00:01:38.094000,HARD,7,3,FALSE,Bahrain,2023,98.094
TSU,AlphaTauri,34,0 days 00:01:38.130000,HARD,8,3,FALSE,Bahrain,2023,98.13
TSU,AlphaTauri,35,0 days 00:01:38.163000,HARD,9,3,FALSE,Bahrain,2023,98.163
TSU,AlphaTauri,36,0 days 00:01:38.059000,HARD,10,3,FALSE,Bahrain,2023,98.059
TSU,AlphaTauri,37,0 days 00:01:38.075000,HARD,11,3,FALSE,Bahrain,2023,98.075
TSU,AlphaTauri,38,0 days 00:01:38.084000,HARD,12,3,FALSE,Bahrain,2023,98.084
TSU,AlphaTauri,39,0 days 00:01:38.419000,HARD,13,3,FALSE,Bahrain,2023,98.419
TSU,AlphaTauri,40,0 days 00:01:50.350000,HARD,14,3,FALSE,Bahrain,2023,110.35
TSU,AlphaTauri,41,0 days 00:02:10.782000,SOFT,4,4,FALSE,Bahrain,2023,130.782
TSU,AlphaTauri,42,0 days 00:01:36.637000,SOFT,5,4,TRUE,Bahrain,2023,96.637
TSU,AlphaTauri,43,0 days 00:01:37.028000,SOFT,6,4,FALSE,Bahrain,2023,97.028
TSU,AlphaTauri,44,0 days 00:01:37.010000,SOFT,7,4,FALSE,Bahrain,2023,97.01
TSU,AlphaTauri,45,0 days 00:01:37.021000,SOFT,8,4,FALSE,Bahrain,2023,97.021
TSU,AlphaTauri,46,0 days 00:01:37.258000,SOFT,9,4,FALSE,Bahrain,2023,97.258
TSU,AlphaTauri,47,0 days 00:01:37.359000,SOFT,10,4,FALSE,Bahrain,2023,97.359
TSU,AlphaTauri,48,0 days 00:01:37.238000,SOFT,11,4,FALSE,Bahrain,2023,97.238
TSU,AlphaTauri,49,0 days 00:01:37.528000,SOFT,12,4,FALSE,Bahrain,2023,97.528
TSU,AlphaTauri,50,0 days 00:01:37.624000,SOFT,13,4,FALSE,Bahrain,2023,97.624
TSU,AlphaTauri,51,0 days 00:01:37.706000,SOFT,14,4,FALSE,Bahrain,2023,97.706
TSU,AlphaTauri,52,0 days 00:01:37.590000,SOFT,15,4,FALSE,Bahrain,2023,97.59
TSU,AlphaTauri,53,0 days 00:01:37.675000,SOFT,16,4,FALSE,Bahrain,2023,97.675
TSU,AlphaTauri,54,0 days 00:01:37.720000,SOFT,17,4,FALSE,Bahrain,2023,97.72
TSU,AlphaTauri,55,0 days 00:01:37.945000,SOFT,18,4,FALSE,Bahrain,2023,97.945
TSU,AlphaTauri,56,0 days 00:01:38.102000,SOFT,19,4,FALSE,Bahrain,2023,98.102
TSU,AlphaTauri,57,0 days 00:01:38.246000,SOFT,20,4,FALSE,Bahrain,2023,98.246
ALB,Williams,1,0 days 00:01:46.453000,SOFT,1,1,FALSE,Bahrain,2023,106.453
ALB,Williams,2,0 days 00:01:40.430000,SOFT,2,1,TRUE,Bahrain,2023,100.43
ALB,Williams,3,0 days 00:01:40.143000,SOFT,3,1,TRUE,Bahrain,2023,100.143
ALB,Williams,4,0 days 00:01:39.761000,SOFT,4,1,TRUE,Bahrain,2023,99.761
ALB,Williams,5,0 days 00:01:40.606000,SOFT,5,1,FALSE,Bahrain,2023,100.606
ALB,Williams,6,0 days 00:01:40.744000,SOFT,6,1,FALSE,Bahrain,2023,100.744
ALB,Williams,7,0 days 00:01:40.646000,SOFT,7,1,FALSE,Bahrain,2023,100.646
ALB,Williams,8,0 days 00:01:40.918000,SOFT,8,1,FALSE,Bahrain,2023,100.918
ALB,Williams,9,0 days 00:01:40.969000,SOFT,9,1,FALSE,Bahrain,2023,100.969
ALB,Williams,10,0 days 00:01:41.119000,SOFT,10,1,FALSE,Bahrain,2023,101.119
ALB,Williams,11,0 days 00:01:43.948000,SOFT,11,1,FALSE,Bahrain,2023,103.948
ALB,Williams,12,0 days 00:01:59.445000,SOFT,1,2,FALSE,Bahrain,2023,119.445
ALB,Williams,13,0 days 00:01:38.649000,SOFT,2,2,TRUE,Bahrain,2023,98.649
ALB,Williams,14,0 days 00:01:38.472000,SOFT,3,2,TRUE,Bahrain,2023,98.472
ALB,Williams,15,0 days 00:01:39.158000,SOFT,4,2,FALSE,Bahrain,2023,99.158
ALB,Williams,16,0 days 00:01:39.253000,SOFT,5,2,FALSE,Bahrain,2023,99.253
ALB,Williams,17,0 days 00:01:39.094000,SOFT,6,2,FALSE,Bahrain,2023,99.094
ALB,Williams,18,0 days 00:01:39.049000,SOFT,7,2,FALSE,Bahrain,2023,99.049
ALB,Williams,19,0 days 00:01:39.272000,SOFT,8,2,FALSE,Bahrain,2023,99.272
ALB,Williams,20,0 days 00:01:39.299000,SOFT,9,2,FALSE,Bahrain,2023,99.299
ALB,Williams,21,0 days 00:01:39.591000,SOFT,10,2,FALSE,Bahrain,2023,99.591
ALB,Williams,22,0 days 00:01:39.588000,SOFT,11,2,FALSE,Bahrain,2023,99.588
ALB,Williams,23,0 days 00:01:39.802000,SOFT,12,2,FALSE,Bahrain,2023,99.802
ALB,Williams,24,0 days 00:01:39.890000,SOFT,13,2,FALSE,Bahrain,2023,99.89
ALB,Williams,25,0 days 00:01:39.832000,SOFT,14,2,FALSE,Bahrain,2023,99.832
ALB,Williams,26,0 days 00:01:42.610000,SOFT,15,2,FALSE,Bahrain,2023,102.61
ALB,Williams,27,0 days 00:01:59.870000,HARD,1,3,FALSE,Bahrain,2023,119.87
ALB,Williams,28,0 days 00:01:37.503000,HARD,2,3,TRUE,Bahrain,2023,97.503
ALB,Williams,29,0 days 00:01:38.127000,HARD,3,3,FALSE,Bahrain,2023,98.127
ALB,Williams,30,0 days 00:01:37.931000,HARD,4,3,FALSE,Bahrain,2023,97.931
ALB,Williams,31,0 days 00:01:38.104000,HARD,5,3,FALSE,Bahrain,2023,98.104
ALB,Williams,32,0 days 00:01:37.919000,HARD,6,3,FALSE,Bahrain,2023,97.919
ALB,Williams,33,0 days 00:01:38.104000,HARD,7,3,FALSE,Bahrain,2023,98.104
ALB,Williams,34,0 days 00:01:37.961000,HARD,8,3,FALSE,Bahrain,2023,97.961
ALB,Williams,35,0 days 00:01:37.984000,HARD,9,3,FALSE,Bahrain,2023,97.984
ALB,Williams,36,0 days 00:01:38.176000,HARD,10,3,FALSE,Bahrain,2023,98.176
ALB,Williams,37,0 days 00:01:38.038000,HARD,11,3,FALSE,Bahrain,2023,98.038
ALB,Williams,38,0 days 00:01:38.330000,HARD,12,3,FALSE,Bahrain,2023,98.33
ALB,Williams,39,0 days 00:01:38.346000,HARD,13,3,FALSE,Bahrain,2023,98.346
ALB,Williams,40,0 days 00:01:50.177000,HARD,14,3,FALSE,Bahrain,2023,110.177
ALB,Williams,41,0 days 00:02:08.659000,SOFT,1,4,FALSE,Bahrain,2023,128.659
ALB,Williams,42,0 days 00:01:37.211000,SOFT,2,4,TRUE,Bahrain,2023,97.211
ALB,Williams,43,0 days 00:01:37.144000,SOFT,3,4,TRUE,Bahrain,2023,97.144
ALB,Williams,44,0 days 00:01:37.327000,SOFT,4,4,FALSE,Bahrain,2023,97.327
ALB,Williams,45,0 days 00:01:37.503000,SOFT,5,4,FALSE,Bahrain,2023,97.503
ALB,Williams,46,0 days 00:01:37.577000,SOFT,6,4,FALSE,Bahrain,2023,97.577
ALB,Williams,47,0 days 00:01:37.545000,SOFT,7,4,FALSE,Bahrain,2023,97.545
ALB,Williams,48,0 days 00:01:37.684000,SOFT,8,4,FALSE,Bahrain,2023,97.684
ALB,Williams,49,0 days 00:01:37.609000,SOFT,9,4,FALSE,Bahrain,2023,97.609
ALB,Williams,50,0 days 00:01:37.695000,SOFT,10,4,FALSE,Bahrain,2023,97.695
ALB,Williams,51,0 days 00:01:37.727000,SOFT,11,4,FALSE,Bahrain,2023,97.727
ALB,Williams,52,0 days 00:01:37.861000,SOFT,12,4,FALSE,Bahrain,2023,97.861
ALB,Williams,53,0 days 00:01:37.778000,SOFT,13,4,FALSE,Bahrain,2023,97.778
ALB,Williams,54,0 days 00:01:37.780000,SOFT,14,4,FALSE,Bahrain,2023,97.78
ALB,Williams,55,0 days 00:01:37.803000,SOFT,15,4,FALSE,Bahrain,2023,97.803
ALB,Williams,56,0 days 00:01:38.159000,SOFT,16,4,FALSE,Bahrain,2023,98.159
ALB,Williams,57,0 days 00:01:38.137000,SOFT,17,4,FALSE,Bahrain,2023,98.137
ZHO,Alfa Romeo,1,0 days 00:01:48.467000,SOFT,1,1,FALSE,Bahrain,2023,108.467
ZHO,Alfa Romeo,2,0 days 00:01:41.091000,SOFT,2,1,TRUE,Bahrain,2023,101.091
ZHO,Alfa Romeo,3,0 days 00:01:40.596000,SOFT,3,1,TRUE,Bahrain,2023,100.596
ZHO,Alfa Romeo,4,0 days 00:01:40.853000,SOFT,4,1,FALSE,Bahrain,2023,100.853
ZHO,Alfa Romeo,5,0 days 00:01:40.814000,SOFT,5,1,FALSE,Bahrain,2023,100.814
ZHO,Alfa Romeo,6,0 days 00:01:41.156000,SOFT,6,1,FALSE,Bahrain,2023,101.156
ZHO,Alfa Romeo,7,0 days 00:01:41.197000,SOFT,7,1,FALSE,Bahrain,2023,101.197
ZHO,Alfa Romeo,8,0 days 00:01:41.184000,SOFT,8,1,FALSE,Bahrain,2023,101.184
ZHO,Alfa Romeo,9,0 days 00:01:41.526000,SOFT,9,1,FALSE,Bahrain,2023,101.526
ZHO,Alfa Romeo,10,0 days 00:01:41.743000,SOFT,10,1,FALSE,Bahrain,2023,101.743
ZHO,Alfa Romeo,11,0 days 00:01:42.108000,SOFT,11,1,FALSE,Bahrain,2023,102.108
ZHO,Alfa Romeo,12,0 days 00:01:43.870000,SOFT,12,1,FALSE,Bahrain,2023,103.87
ZHO,Alfa Romeo,13,0 days 00:02:02.101000,HARD,1,2,FALSE,Bahrain,2023,122.101
ZHO,Alfa Romeo,14,0 days 00:01:39.330000,HARD,2,2,TRUE,Bahrain,2023,99.33
ZHO,Alfa Romeo,15,0 days 00:01:39.229000,HARD,3,2,TRUE,Bahrain,2023,99.229
ZHO,Alfa Romeo,16,0 days 00:01:38.998000,HARD,4,2,TRUE,Bahrain,2023,98.998
ZHO,Alfa Romeo,17,0 days 00:01:39.143000,HARD,5,2,FALSE,Bahrain,2023,99.143
ZHO,Alfa Romeo,18,0 days 00:01:38.873000,HARD,6,2,TRUE,Bahrain,2023,98.873
ZHO,Alfa Romeo,19,0 days 00:01:38.794000,HARD,7,2,TRUE,Bahrain,2023,98.794
ZHO,Alfa Romeo,20,0 days 00:01:38.896000,HARD,8,2,FALSE,Bahrain,2023,98.896
ZHO,Alfa Romeo,21,0 days 00:01:38.888000,HARD,9,2,FALSE,Bahrain,2023,98.888
ZHO,Alfa Romeo,22,0 days 00:01:39.115000,HARD,10,2,FALSE,Bahrain,2023,99.115
ZHO,Alfa Romeo,23,0 days 00:01:39.462000,HARD,11,2,FALSE,Bahrain,2023,99.462
ZHO,Alfa Romeo,24,0 days 00:01:39.503000,HARD,12,2,FALSE,Bahrain,2023,99.503
ZHO,Alfa Romeo,25,0 days 00:01:39.066000,HARD,13,2,FALSE,Bahrain,2023,99.066
ZHO,Alfa Romeo,26,0 days 00:01:39.427000,HARD,14,2,FALSE,Bahrain,2023,99.427
ZHO,Alfa Romeo,27,0 days 00:01:39.235000,HARD,15,2,FALSE,Bahrain,2023,99.235
ZHO,Alfa Romeo,28,0 days 00:01:39.412000,HARD,16,2,FALSE,Bahrain,2023,99.412
ZHO,Alfa Romeo,29,0 days 00:01:39.361000,HARD,17,2,FALSE,Bahrain,2023,99.361
ZHO,Alfa Romeo,30,0 days 00:01:39.382000,HARD,18,2,FALSE,Bahrain,2023,99.382
ZHO,Alfa Romeo,31,0 days 00:01:39.670000,HARD,19,2,FALSE,Bahrain,2023,99.67
ZHO,Alfa Romeo,32,0 days 00:01:42.096000,HARD,20,2,FALSE,Bahrain,2023,102.096
ZHO,Alfa Romeo,33,0 days 00:01:59.659000,SOFT,4,3,FALSE,Bahrain,2023,119.659
ZHO,Alfa Romeo,34,0 days 00:01:37.037000,SOFT,5,3,TRUE,Bahrain,2023,97.037
ZHO,Alfa Romeo,35,0 days 00:01:37.550000,SOFT,6,3,FALSE,Bahrain,2023,97.55
ZHO,Alfa Romeo,36,0 days 00:01:37.957000,SOFT,7,3,FALSE,Bahrain,2023,97.957
ZHO,Alfa Romeo,37,0 days 00:01:38.003000,SOFT,8,3,FALSE,Bahrain,2023,98.003
ZHO,Alfa Romeo,38,0 days 00:01:38.422000,SOFT,9,3,FALSE,Bahrain,2023,98.422
ZHO,Alfa Romeo,39,0 days 00:01:38.368000,SOFT,10,3,FALSE,Bahrain,2023,98.368
ZHO,Alfa Romeo,40,0 days 00:01:53.456000,SOFT,11,3,FALSE,Bahrain,2023,113.456
ZHO,Alfa Romeo,41,0 days 00:01:52.500000,SOFT,12,3,FALSE,Bahrain,2023,112.5
ZHO,Alfa Romeo,42,0 days 00:01:39.904000,SOFT,13,3,FALSE,Bahrain,2023,99.904
ZHO,Alfa Romeo,43,0 days 00:01:38.311000,SOFT,14,3,FALSE,Bahrain,2023,98.311
ZHO,Alfa Romeo,44,0 days 00:01:37.974000,SOFT,15,3,FALSE,Bahrain,2023,97.974
ZHO,Alfa Romeo,45,0 days 00:01:37.950000,SOFT,16,3,FALSE,Bahrain,2023,97.95
ZHO,Alfa Romeo,46,0 days 00:01:38.336000,SOFT,17,3,FALSE,Bahrain,2023,98.336
ZHO,Alfa Romeo,47,0 days 00:01:39.553000,SOFT,18,3,FALSE,Bahrain,2023,99.553
ZHO,Alfa Romeo,48,0 days 00:01:38.596000,SOFT,19,3,FALSE,Bahrain,2023,98.596
ZHO,Alfa Romeo,49,0 days 00:01:38.628000,SOFT,20,3,FALSE,Bahrain,2023,98.628
ZHO,Alfa Romeo,50,0 days 00:01:39.893000,SOFT,21,3,FALSE,Bahrain,2023,99.893
ZHO,Alfa Romeo,51,0 days 00:01:38.719000,SOFT,22,3,FALSE,Bahrain,2023,98.719
ZHO,Alfa Romeo,52,0 days 00:01:38.713000,SOFT,23,3,FALSE,Bahrain,2023,98.713
ZHO,Alfa Romeo,53,0 days 00:01:38.634000,SOFT,24,3,FALSE,Bahrain,2023,98.634
ZHO,Alfa Romeo,54,0 days 00:01:41.967000,SOFT,25,3,FALSE,Bahrain,2023,101.967
ZHO,Alfa Romeo,55,0 days 00:02:07.673000,SOFT,4,4,FALSE,Bahrain,2023,127.673
ZHO,Alfa Romeo,56,0 days 00:01:33.996000,SOFT,5,4,TRUE,Bahrain,2023,93.996
HUL,Haas F1 Team,1,0 days 00:01:47.339000,SOFT,4,1,FALSE,Bahrain,2023,107.339
HUL,Haas F1 Team,2,0 days 00:01:40.720000,SOFT,5,1,TRUE,Bahrain,2023,100.72
HUL,Haas F1 Team,3,0 days 00:01:40.484000,SOFT,6,1,TRUE,Bahrain,2023,100.484
HUL,Haas F1 Team,4,0 days 00:01:41.004000,SOFT,7,1,FALSE,Bahrain,2023,101.004
HUL,Haas F1 Team,5,0 days 00:01:41.002000,SOFT,8,1,FALSE,Bahrain,2023,101.002
HUL,Haas F1 Team,6,0 days 00:01:41.002000,SOFT,9,1,FALSE,Bahrain,2023,101.002
HUL,Haas F1 Team,7,0 days 00:01:41.148000,SOFT,10,1,FALSE,Bahrain,2023,101.148
HUL,Haas F1 Team,8,0 days 00:01:41.249000,SOFT,11,1,FALSE,Bahrain,2023,101.249
HUL,Haas F1 Team,9,0 days 00:01:41.615000,SOFT,12,1,FALSE,Bahrain,2023,101.615
HUL,Haas F1 Team,10,0 days 00:01:42.252000,SOFT,13,1,FALSE,Bahrain,2023,102.252
HUL,Haas F1 Team,11,0 days 00:01:46.790000,SOFT,14,1,FALSE,Bahrain,2023,106.79
HUL,Haas F1 Team,12,0 days 00:02:02.579000,HARD,1,2,FALSE,Bahrain,2023,122.579
HUL,Haas F1 Team,13,0 days 00:01:39.406000,HARD,2,2,TRUE,Bahrain,2023,99.406
HUL,Haas F1 Team,14,0 days 00:01:38.847000,HARD,3,2,TRUE,Bahrain,2023,98.847
HUL,Haas F1 Team,15,0 days 00:01:38.972000,HARD,4,2,FALSE,Bahrain,2023,98.972
HUL,Haas F1 Team,16,0 days 00:01:39.136000,HARD,5,2,FALSE,Bahrain,2023,99.136
HUL,Haas F1 Team,17,0 days 00:01:39.396000,HARD,6,2,FALSE,Bahrain,2023,99.396
HUL,Haas F1 Team,18,0 days 00:01:40.323000,HARD,7,2,FALSE,Bahrain,2023,100.323
HUL,Haas F1 Team,19,0 days 00:01:39.633000,HARD,8,2,FALSE,Bahrain,2023,99.633
HUL,Haas F1 Team,20,0 days 00:01:39.495000,HARD,9,2,FALSE,Bahrain,2023,99.495
HUL,Haas F1 Team,21,0 days 00:01:39.703000,HARD,10,2,FALSE,Bahrain,2023,99.703
HUL,Haas F1 Team,22,0 days 00:01:39.934000,HARD,11,2,FALSE,Bahrain,2023,99.934
HUL,Haas F1 Team,23,0 days 00:01:39.866000,HARD,12,2,FALSE,Bahrain,2023,99.866
HUL,Haas F1 Team,24,0 days 00:01:39.855000,HARD,13,2,FALSE,Bahrain,2023,99.855
HUL,Haas F1 Team,25,0 days 00:01:40.295000,HARD,14,2,FALSE,Bahrain,2023,100.295
HUL,Haas F1 Team,26,0 days 00:01:42.931000,HARD,15,2,FALSE,Bahrain,2023,102.931
HUL,Haas F1 Team,27,0 days 00:02:12.037000,HARD,1,3,FALSE,Bahrain,2023,132.037
HUL,Haas F1 Team,28,0 days 00:01:36.981000,HARD,2,3,TRUE,Bahrain,2023,96.981
HUL,Haas F1 Team,29,0 days 00:01:37.398000,HARD,3,3,FALSE,Bahrain,2023,97.398
HUL,Haas F1 Team,30,0 days 00:01:37.617000,HARD,4,3,FALSE,Bahrain,2023,97.617
HUL,Haas F1 Team,31,0 days 00:01:37.891000,HARD,5,3,FALSE,Bahrain,2023,97.891
HUL,Haas F1 Team,32,0 days 00:01:37.806000,HARD,6,3,FALSE,Bahrain,2023,97.806
HUL,Haas F1 Team,33,0 days 00:01:37.761000,HARD,7,3,FALSE,Bahrain,2023,97.761
HUL,Haas F1 Team,34,0 days 00:01:37.895000,HARD,8,3,FALSE,Bahrain,2023,97.895
HUL,Haas F1 Team,35,0 days 00:01:38.093000,HARD,9,3,FALSE,Bahrain,2023,98.093
HUL,Haas F1 Team,36,0 days 00:01:38.245000,HARD,10,3,FALSE,Bahrain,2023,98.245
HUL,Haas F1 Team,37,0 days 00:01:38.108000,HARD,11,3,FALSE,Bahrain,2023,98.108
HUL,Haas F1 Team,38,0 days 00:01:38.191000,HARD,12,3,FALSE,Bahrain,2023,98.191
HUL,Haas F1 Team,39,0 days 00:01:38.184000,HARD,13,3,FALSE,Bahrain,2023,98.184
HUL,Haas F1 Team,40,0 days 00:01:58.689000,HARD,14,3,FALSE,Bahrain,2023,118.689
HUL,Haas F1 Team,41,0 days 00:02:05.275000,SOFT,4,4,FALSE,Bahrain,2023,125.275
HUL,Haas F1 Team,42,0 days 00:01:36.616000,SOFT,5,4,TRUE,Bahrain,2023,96.616
HUL,Haas F1 Team,43,0 days 00:01:36.793000,SOFT,6,4,FALSE,Bahrain,2023,96.793
HUL,Haas F1 Team,44,0 days 00:01:37.076000,SOFT,7,4,FALSE,Bahrain,2023,97.076
HUL,Haas F1 Team,45,0 days 00:01:37.314000,SOFT,8,4,FALSE,Bahrain,2023,97.314
HUL,Haas F1 Team,46,0 days 00:01:39.972000,SOFT,9,4,FALSE,Bahrain,2023,99.972
HUL,Haas F1 Team,47,0 days 00:01:36.806000,SOFT,10,4,FALSE,Bahrain,2023,96.806
HUL,Haas F1 Team,48,0 days 00:01:37.086000,SOFT,11,4,FALSE,Bahrain,2023,97.086
HUL,Haas F1 Team,49,0 days 00:01:37.077000,SOFT,12,4,FALSE,Bahrain,2023,97.077
HUL,Haas F1 Team,50,0 days 00:01:37.242000,SOFT,13,4,FALSE,Bahrain,2023,97.242
HUL,Haas F1 Team,51,0 days 00:01:37.306000,SOFT,14,4,FALSE,Bahrain,2023,97.306
HUL,Haas F1 Team,52,0 days 00:01:37.917000,SOFT,15,4,FALSE,Bahrain,2023,97.917
HUL,Haas F1 Team,53,0 days 00:01:38.067000,SOFT,16,4,FALSE,Bahrain,2023,98.067
HUL,Haas F1 Team,54,0 days 00:01:38.458000,SOFT,17,4,FALSE,Bahrain,2023,98.458
HUL,Haas F1 Team,55,0 days 00:01:38.564000,SOFT,18,4,FALSE,Bahrain,2023,98.564
HUL,Haas F1 Team,56,0 days 00:01:39.206000,SOFT,19,4,FALSE,Bahrain,2023,99.206
OCO,Alpine,1,0 days 00:01:45.967000,SOFT,4,1,FALSE,Bahrain,2023,105.967
OCO,Alpine,2,0 days 00:01:40.408000,SOFT,5,1,TRUE,Bahrain,2023,100.408
OCO,Alpine,3,0 days 00:01:39.948000,SOFT,6,1,TRUE,Bahrain,2023,99.948
OCO,Alpine,4,0 days 00:01:39.543000,SOFT,7,1,TRUE,Bahrain,2023,99.543
OCO,Alpine,5,0 days 00:01:40.281000,SOFT,8,1,FALSE,Bahrain,2023,100.281
OCO,Alpine,6,0 days 00:01:40.331000,SOFT,9,1,FALSE,Bahrain,2023,100.331
OCO,Alpine,7,0 days 00:01:40.488000,SOFT,10,1,FALSE,Bahrain,2023,100.488
OCO,Alpine,8,0 days 00:01:40.562000,SOFT,11,1,FALSE,Bahrain,2023,100.562
OCO,Alpine,9,0 days 00:01:40.866000,SOFT,12,1,FALSE,Bahrain,2023,100.866
OCO,Alpine,10,0 days 00:01:40.858000,SOFT,13,1,FALSE,Bahrain,2023,100.858
OCO,Alpine,11,0 days 00:01:41.035000,SOFT,14,1,FALSE,Bahrain,2023,101.035
OCO,Alpine,12,0 days 00:01:43.787000,SOFT,15,1,FALSE,Bahrain,2023,103.787
OCO,Alpine,13,0 days 00:02:00.381000,HARD,1,2,FALSE,Bahrain,2023,120.381
OCO,Alpine,14,0 days 00:01:38.649000,HARD,2,2,TRUE,Bahrain,2023,98.649
OCO,Alpine,15,0 days 00:01:41.863000,HARD,3,2,FALSE,Bahrain,2023,101.863
OCO,Alpine,16,0 days 00:02:15.708000,HARD,4,3,FALSE,Bahrain,2023,135.708
OCO,Alpine,17,0 days 00:01:38.780000,HARD,5,3,FALSE,Bahrain,2023,98.78
OCO,Alpine,18,0 days 00:01:38.886000,HARD,6,3,FALSE,Bahrain,2023,98.886
OCO,Alpine,19,0 days 00:01:38.817000,HARD,7,3,FALSE,Bahrain,2023,98.817
OCO,Alpine,20,0 days 00:01:38.809000,HARD,8,3,FALSE,Bahrain,2023,98.809
OCO,Alpine,21,0 days 00:01:38.976000,HARD,9,3,FALSE,Bahrain,2023,98.976
OCO,Alpine,22,0 days 00:01:39.028000,HARD,10,3,FALSE,Bahrain,2023,99.028
OCO,Alpine,23,0 days 00:01:40.052000,HARD,11,3,FALSE,Bahrain,2023,100.052
OCO,Alpine,24,0 days 00:01:39.382000,HARD,12,3,FALSE,Bahrain,2023,99.382
OCO,Alpine,25,0 days 00:01:39.435000,HARD,13,3,FALSE,Bahrain,2023,99.435
OCO,Alpine,26,0 days 00:01:39.521000,HARD,14,3,FALSE,Bahrain,2023,99.521
OCO,Alpine,27,0 days 00:01:39.594000,HARD,15,3,FALSE,Bahrain,2023,99.594
OCO,Alpine,28,0 days 00:01:40.026000,HARD,16,3,FALSE,Bahrain,2023,100.026
OCO,Alpine,29,0 days 00:01:41.181000,HARD,17,3,FALSE,Bahrain,2023,101.181
OCO,Alpine,30,0 days 00:01:39.757000,HARD,18,3,FALSE,Bahrain,2023,99.757
OCO,Alpine,31,0 days 00:01:39.748000,HARD,19,3,FALSE,Bahrain,2023,99.748
OCO,Alpine,32,0 days 00:01:44.296000,HARD,20,3,FALSE,Bahrain,2023,104.296
OCO,Alpine,33,0 days 00:02:18.694000,HARD,1,4,FALSE,Bahrain,2023,138.694
OCO,Alpine,34,0 days 00:01:36.797000,HARD,2,4,TRUE,Bahrain,2023,96.797
OCO,Alpine,35,0 days 00:01:36.964000,HARD,3,4,FALSE,Bahrain,2023,96.964
OCO,Alpine,36,0 days 00:01:37.364000,HARD,4,4,FALSE,Bahrain,2023,97.364
OCO,Alpine,37,0 days 00:01:37.338000,HARD,5,4,FALSE,Bahrain,2023,97.338
OCO,Alpine,38,0 days 00:01:37.216000,HARD,6,4,FALSE,Bahrain,2023,97.216
OCO,Alpine,39,0 days 00:01:37.523000,HARD,7,4,FALSE,Bahrain,2023,97.523
OCO,Alpine,40,0 days 00:02:08.023000,HARD,8,4,FALSE,Bahrain,2023,128.023
OCO,Alpine,41,0 days 00:01:42.684000,HARD,9,4,FALSE,Bahrain,2023,102.684
NOR,McLaren,1,0 days 00:01:45.364000,SOFT,1,1,FALSE,Bahrain,2023,105.364
NOR,McLaren,2,0 days 00:01:40.433000,SOFT,2,1,TRUE,Bahrain,2023,100.433
NOR,McLaren,3,0 days 00:01:39.777000,SOFT,3,1,FALSE,Bahrain,2023,99.777
NOR,McLaren,4,0 days 00:01:42.267000,SOFT,4,1,FALSE,Bahrain,2023,102.267
NOR,McLaren,5,0 days 00:01:40.664000,SOFT,5,1,FALSE,Bahrain,2023,100.664
NOR,McLaren,6,0 days 00:01:40.814000,SOFT,6,1,FALSE,Bahrain,2023,100.814
NOR,McLaren,7,0 days 00:01:40.726000,SOFT,7,1,FALSE,Bahrain,2023,100.726
NOR,McLaren,8,0 days 00:01:40.857000,SOFT,8,1,FALSE,Bahrain,2023,100.857
NOR,McLaren,9,0 days 00:01:40.783000,SOFT,9,1,FALSE,Bahrain,2023,100.783
NOR,McLaren,10,0 days 00:01:43.521000,SOFT,10,1,FALSE,Bahrain,2023,103.521
NOR,McLaren,11,0 days 00:02:09.886000,HARD,1,2,FALSE,Bahrain,2023,129.886
NOR,McLaren,12,0 days 00:01:39.314000,HARD,2,2,TRUE,Bahrain,2023,99.314
NOR,McLaren,13,0 days 00:01:39.510000,HARD,3,2,FALSE,Bahrain,2023,99.51
NOR,McLaren,14,0 days 00:01:39.243000,HARD,4,2,TRUE,Bahrain,2023,99.243
NOR,McLaren,15,0 days 00:01:38.870000,HARD,5,2,FALSE,Bahrain,2023,98.87
NOR,McLaren,16,0 days 00:01:38.860000,HARD,6,2,TRUE,Bahrain,2023,98.86
NOR,McLaren,17,0 days 00:01:41.501000,HARD,7,2,FALSE,Bahrain,2023,101.501
NOR,McLaren,18,0 days 00:02:08.607000,SOFT,4,3,FALSE,Bahrain,2023,128.607
NOR,McLaren,19,0 days 00:01:37.966000,SOFT,5,3,TRUE,Bahrain,2023,97.966
NOR,McLaren,20,0 days 00:01:38.345000,SOFT,6,3,FALSE,Bahrain,2023,98.345
NOR,McLaren,21,0 days 00:01:38.297000,SOFT,7,3,FALSE,Bahrain,2023,98.297
NOR,McLaren,22,0 days 00:01:38.908000,SOFT,8,3,FALSE,Bahrain,2023,98.908
NOR,McLaren,23,0 days 00:01:38.291000,SOFT,9,3,FALSE,Bahrain,2023,98.291
NOR,McLaren,24,0 days 00:01:38.696000,SOFT,10,3,FALSE,Bahrain,2023,98.696
NOR,McLaren,25,0 days 00:01:38.447000,SOFT,11,3,FALSE,Bahrain,2023,98.447
NOR,McLaren,26,0 days 00:01:38.440000,SOFT,12,3,FALSE,Bahrain,2023,98.44
NOR,McLaren,27,0 days 00:01:40.973000,SOFT,13,3,FALSE,Bahrain,2023,100.973
NOR,McLaren,28,0 days 00:02:07.663000,MEDIUM,1,4,FALSE,Bahrain,2023,127.663
NOR,McLaren,29,0 days 00:01:37.260000,MEDIUM,2,4,TRUE,Bahrain,2023,97.26
NOR,McLaren,30,0 days 00:01:37.605000,MEDIUM,3,4,FALSE,Bahrain,2023,97.605
NOR,McLaren,31,0 days 00:01:37.768000,MEDIUM,4,4,FALSE,Bahrain,2023,97.768
NOR,McLaren,32,0 days 00:01:38.111000,MEDIUM,5,4,FALSE,Bahrain,2023,98.111
NOR,McLaren,33,0 days 00:01:37.520000,MEDIUM,6,4,FALSE,Bahrain,2023,97.52
NOR,McLaren,34,0 days 00:01:37.987000,MEDIUM,7,4,FALSE,Bahrain,2023,97.987
NOR,McLaren,35,0 days 00:01:37.870000,MEDIUM,8,4,FALSE,Bahrain,2023,97.87
NOR,McLaren,36,0 days 00:01:39.886000,MEDIUM,9,4,FALSE,Bahrain,2023,99.886
NOR,McLaren,37,0 days 00:01:40.197000,MEDIUM,10,4,FALSE,Bahrain,2023,100.197
NOR,McLaren,38,0 days 00:02:08.682000,HARD,1,5,FALSE,Bahrain,2023,128.682
NOR,McLaren,39,0 days 00:01:38.347000,HARD,2,5,FALSE,Bahrain,2023,98.347
NOR,McLaren,40,0 days 00:02:07.970000,HARD,3,5,FALSE,Bahrain,2023,127.97
NOR,McLaren,41,0 days 00:01:36.705000,HARD,4,5,TRUE,Bahrain,2023,96.705
NOR,McLaren,42,0 days 00:01:36.668000,HARD,5,5,TRUE,Bahrain,2023,96.668
NOR,McLaren,43,0 days 00:01:36.687000,HARD,6,5,FALSE,Bahrain,2023,96.687
NOR,McLaren,44,0 days 00:01:37.219000,HARD,7,5,FALSE,Bahrain,2023,97.219
NOR,McLaren,45,0 days 00:01:37.426000,HARD,8,5,FALSE,Bahrain,2023,97.426
NOR,McLaren,46,0 days 00:01:37.656000,HARD,9,5,FALSE,Bahrain,2023,97.656
NOR,McLaren,47,0 days 00:01:40.433000,HARD,10,5,FALSE,Bahrain,2023,100.433
NOR,McLaren,48,0 days 00:02:06.905000,SOFT,5,6,FALSE,Bahrain,2023,126.905
NOR,McLaren,49,0 days 00:01:39.080000,SOFT,6,6,FALSE,Bahrain,2023,99.08
NOR,McLaren,50,0 days 00:01:35.257000,SOFT,7,6,FALSE,Bahrain,2023,95.257
NOR,McLaren,51,0 days 00:01:35.822000,SOFT,8,6,TRUE,Bahrain,2023,95.822
NOR,McLaren,52,0 days 00:01:36.152000,SOFT,9,6,FALSE,Bahrain,2023,96.152
NOR,McLaren,53,0 days 00:01:36.500000,SOFT,10,6,FALSE,Bahrain,2023,96.5
NOR,McLaren,54,0 days 00:01:39.789000,SOFT,11,6,FALSE,Bahrain,2023,99.789
NOR,McLaren,55,0 days 00:02:04.847000,SOFT,7,7,FALSE,Bahrain,2023,124.847
HAM,Mercedes,1,0 days 00:01:42.288000,SOFT,4,1,FALSE,Bahrain,2023,102.288
HAM,Mercedes,2,0 days 00:01:39.166000,SOFT,5,1,TRUE,Bahrain,2023,99.166
HAM,Mercedes,3,0 days 00:01:39.220000,SOFT,6,1,FALSE,Bahrain,2023,99.22
HAM,Mercedes,4,0 days 00:01:39.198000,SOFT,7,1,FALSE,Bahrain,2023,99.198
HAM,Mercedes,5,0 days 00:01:39.335000,SOFT,8,1,FALSE,Bahrain,2023,99.335
HAM,Mercedes,6,0 days 00:01:39.756000,SOFT,9,1,FALSE,Bahrain,2023,99.756
HAM,Mercedes,7,0 days 00:01:39.757000,SOFT,10,1,FALSE,Bahrain,2023,99.757
HAM,Mercedes,8,0 days 00:01:40.267000,SOFT,11,1,FALSE,Bahrain,2023,100.267
HAM,Mercedes,9,0 days 00:01:40.323000,SOFT,12,1,FALSE,Bahrain,2023,100.323
HAM,Mercedes,10,0 days 00:01:40.289000,SOFT,13,1,FALSE,Bahrain,2023,100.289
HAM,Mercedes,11,0 days 00:01:40.752000,SOFT,14,1,FALSE,Bahrain,2023,100.752
HAM,Mercedes,12,0 days 00:01:43.336000,SOFT,15,1,FALSE,Bahrain,2023,103.336
HAM,Mercedes,13,0 days 00:01:59.179000,HARD,1,2,FALSE,Bahrain,2023,119.179
HAM,Mercedes,14,0 days 00:01:38.308000,HARD,2,2,TRUE,Bahrain,2023,98.308
HAM,Mercedes,15,0 days 00:01:38.527000,HARD,3,2,FALSE,Bahrain,2023,98.527
HAM,Mercedes,16,0 days 00:01:38.617000,HARD,4,2,FALSE,Bahrain,2023,98.617
HAM,Mercedes,17,0 days 00:01:38.704000,HARD,5,2,FALSE,Bahrain,2023,98.704
HAM,Mercedes,18,0 days 00:01:38.690000,HARD,6,2,FALSE,Bahrain,2023,98.69
HAM,Mercedes,19,0 days 00:01:38.684000,HARD,7,2,FALSE,Bahrain,2023,98.684
HAM,Mercedes,20,0 days 00:01:38.478000,HARD,8,2,FALSE,Bahrain,2023,98.478
HAM,Mercedes,21,0 days 00:01:38.581000,HARD,9,2,FALSE,Bahrain,2023,98.581
HAM,Mercedes,22,0 days 00:01:38.460000,HARD,10,2,FALSE,Bahrain,2023,98.46
HAM,Mercedes,23,0 days 00:01:38.384000,HARD,11,2,FALSE,Bahrain,2023,98.384
HAM,Mercedes,24,0 days 00:01:38.367000,HARD,12,2,FALSE,Bahrain,2023,98.367
HAM,Mercedes,25,0 days 00:01:38.290000,HARD,13,2,TRUE,Bahrain,2023,98.29
HAM,Mercedes,26,0 days 00:01:38.339000,HARD,14,2,FALSE,Bahrain,2023,98.339
HAM,Mercedes,27,0 days 00:01:38.369000,HARD,15,2,FALSE,Bahrain,2023,98.369
HAM,Mercedes,28,0 days 00:01:38.265000,HARD,16,2,TRUE,Bahrain,2023,98.265
HAM,Mercedes,29,0 days 00:01:38.380000,HARD,17,2,FALSE,Bahrain,2023,98.38
HAM,Mercedes,30,0 days 00:01:41.175000,HARD,18,2,FALSE,Bahrain,2023,101.175
HAM,Mercedes,31,0 days 00:01:59.503000,HARD,1,3,FALSE,Bahrain,2023,119.503
HAM,Mercedes,32,0 days 00:01:37.563000,HARD,2,3,TRUE,Bahrain,2023,97.563
HAM,Mercedes,33,0 days 00:01:37.549000,HARD,3,3,TRUE,Bahrain,2023,97.549
HAM,Mercedes,34,0 days 00:01:38.135000,HARD,4,3,FALSE,Bahrain,2023,98.135
HAM,Mercedes,35,0 days 00:01:36.831000,HARD,5,3,TRUE,Bahrain,2023,96.831
HAM,Mercedes,36,0 days 00:01:36.546000,HARD,6,3,TRUE,Bahrain,2023,96.546
HAM,Mercedes,37,0 days 00:01:37.388000,HARD,7,3,FALSE,Bahrain,2023,97.388
HAM,Mercedes,38,0 days 00:01:38.304000,HARD,8,3,FALSE,Bahrain,2023,98.304
HAM,Mercedes,39,0 days 00:01:37.478000,HARD,9,3,FALSE,Bahrain,2023,97.478
HAM,Mercedes,40,0 days 00:01:37.494000,HARD,10,3,FALSE,Bahrain,2023,97.494
HAM,Mercedes,41,0 days 00:02:06.491000,HARD,11,3,FALSE,Bahrain,2023,126.491
HAM,Mercedes,42,0 days 00:01:37.061000,HARD,12,3,FALSE,Bahrain,2023,97.061
HAM,Mercedes,43,0 days 00:01:37.111000,HARD,13,3,FALSE,Bahrain,2023,97.111
HAM,Mercedes,44,0 days 00:01:37.048000,HARD,14,3,FALSE,Bahrain,2023,97.048
HAM,Mercedes,45,0 days 00:01:37.661000,HARD,15,3,FALSE,Bahrain,2023,97.661
HAM,Mercedes,46,0 days 00:01:37.779000,HARD,16,3,FALSE,Bahrain,2023,97.779
HAM,Mercedes,47,0 days 00:01:38.517000,HARD,17,3,FALSE,Bahrain,2023,98.517
HAM,Mercedes,48,0 days 00:01:37.844000,HARD,18,3,FALSE,Bahrain,2023,97.844
HAM,Mercedes,49,0 days 00:01:37.954000,HARD,19,3,FALSE,Bahrain,2023,97.954
HAM,Mercedes,50,0 days 00:01:37.770000,HARD,20,3,FALSE,Bahrain,2023,97.77
HAM,Mercedes,51,0 days 00:01:38.014000,HARD,21,3,FALSE,Bahrain,2023,98.014
HAM,Mercedes,52,0 days 00:01:37.803000,HARD,22,3,FALSE,Bahrain,2023,97.803
HAM,Mercedes,53,0 days 00:01:37.988000,HARD,23,3,FALSE,Bahrain,2023,97.988
HAM,Mercedes,54,0 days 00:01:38.076000,HARD,24,3,FALSE,Bahrain,2023,98.076
HAM,Mercedes,55,0 days 00:01:37.955000,HARD,25,3,FALSE,Bahrain,2023,97.955
HAM,Mercedes,56,0 days 00:01:38.111000,HARD,26,3,FALSE,Bahrain,2023,98.111
HAM,Mercedes,57,0 days 00:01:38.255000,HARD,27,3,FALSE,Bahrain,2023,98.255
SAI,Ferrari,1,0 days 00:01:41.659000,SOFT,4,1,FALSE,Bahrain,2023,101.659
SAI,Ferrari,2,0 days 00:01:38.933000,SOFT,5,1,TRUE,Bahrain,2023,98.933
SAI,Ferrari,3,0 days 00:01:39.042000,SOFT,6,1,FALSE,Bahrain,2023,99.042
SAI,Ferrari,4,0 days 00:01:38.985000,SOFT,7,1,FALSE,Bahrain,2023,98.985
SAI,Ferrari,5,0 days 00:01:39.128000,SOFT,8,1,FALSE,Bahrain,2023,99.128
SAI,Ferrari,6,0 days 00:01:39.474000,SOFT,9,1,FALSE,Bahrain,2023,99.474
SAI,Ferrari,7,0 days 00:01:39.502000,SOFT,10,1,FALSE,Bahrain,2023,99.502
SAI,Ferrari,8,0 days 00:01:39.779000,SOFT,11,1,FALSE,Bahrain,2023,99.779
SAI,Ferrari,9,0 days 00:01:39.744000,SOFT,12,1,FALSE,Bahrain,2023,99.744
SAI,Ferrari,10,0 days 00:01:40.102000,SOFT,13,1,FALSE,Bahrain,2023,100.102
SAI,Ferrari,11,0 days 00:01:40.507000,SOFT,14,1,FALSE,Bahrain,2023,100.507
SAI,Ferrari,12,0 days 00:01:40.520000,SOFT,15,1,FALSE,Bahrain,2023,100.52
SAI,Ferrari,13,0 days 00:01:43.310000,SOFT,16,1,FALSE,Bahrain,2023,103.31
SAI,Ferrari,14,0 days 00:01:59.006000,HARD,1,2,FALSE,Bahrain,2023,119.006
SAI,Ferrari,15,0 days 00:01:37.985000,HARD,2,2,TRUE,Bahrain,2023,97.985
SAI,Ferrari,16,0 days 00:01:38.433000,HARD,3,2,FALSE,Bahrain,2023,98.433
SAI,Ferrari,17,0 days 00:01:38.161000,HARD,4,2,FALSE,Bahrain,2023,98.161
SAI,Ferrari,18,0 days 00:01:38.287000,HARD,5,2,FALSE,Bahrain,2023,98.287
SAI,Ferrari,19,0 days 00:01:38.210000,HARD,6,2,FALSE,Bahrain,2023,98.21
SAI,Ferrari,20,0 days 00:01:38.096000,HARD,7,2,FALSE,Bahrain,2023,98.096
SAI,Ferrari,21,0 days 00:01:38.240000,HARD,8,2,FALSE,Bahrain,2023,98.24
SAI,Ferrari,22,0 days 00:01:38.453000,HARD,9,2,FALSE,Bahrain,2023,98.453
SAI,Ferrari,23,0 days 00:01:38.597000,HARD,10,2,FALSE,Bahrain,2023,98.597
SAI,Ferrari,24,0 days 00:01:38.314000,HARD,11,2,FALSE,Bahrain,2023,98.314
SAI,Ferrari,25,0 days 00:01:38.571000,HARD,12,2,FALSE,Bahrain,2023,98.571
SAI,Ferrari,26,0 days 00:01:38.331000,HARD,13,2,FALSE,Bahrain,2023,98.331
SAI,Ferrari,27,0 days 00:01:38.423000,HARD,14,2,FALSE,Bahrain,2023,98.423
SAI,Ferrari,28,0 days 00:01:38.474000,HARD,15,2,FALSE,Bahrain,2023,98.474
SAI,Ferrari,29,0 days 00:01:38.550000,HARD,16,2,FALSE,Bahrain,2023,98.55
SAI,Ferrari,30,0 days 00:01:38.601000,HARD,17,2,FALSE,Bahrain,2023,98.601
SAI,Ferrari,31,0 days 00:01:41.274000,HARD,18,2,FALSE,Bahrain,2023,101.274
SAI,Ferrari,32,0 days 00:01:58.492000,HARD,1,3,FALSE,Bahrain,2023,118.492
SAI,Ferrari,33,0 days 00:01:37.548000,HARD,2,3,TRUE,Bahrain,2023,97.548
SAI,Ferrari,34,0 days 00:01:37.475000,HARD,3,3,TRUE,Bahrain,2023,97.475
SAI,Ferrari,35,0 days 00:01:37.441000,HARD,4,3,TRUE,Bahrain,2023,97.441
SAI,Ferrari,36,0 days 00:01:37.706000,HARD,5,3,FALSE,Bahrain,2023,97.706
SAI,Ferrari,37,0 days 00:01:37.130000,HARD,6,3,TRUE,Bahrain,2023,97.13
SAI,Ferrari,38,0 days 00:01:37.444000,HARD,7,3,FALSE,Bahrain,2023,97.444
SAI,Ferrari,39,0 days 00:01:37.403000,HARD,8,3,FALSE,Bahrain,2023,97.403
SAI,Ferrari,40,0 days 00:01:37.587000,HARD,9,3,FALSE,Bahrain,2023,97.587
SAI,Ferrari,41,0 days 00:02:06.436000,HARD,10,3,FALSE,Bahrain,2023,126.436
SAI,Ferrari,42,0 days 00:01:37.375000,HARD,11,3,FALSE,Bahrain,2023,97.375
SAI,Ferrari,43,0 days 00:01:37.294000,HARD,12,3,FALSE,Bahrain,2023,97.294
SAI,Ferrari,44,0 days 00:01:37.389000,HARD,13,3,FALSE,Bahrain,2023,97.389
SAI,Ferrari,45,0 days 00:01:39.561000,HARD,14,3,FALSE,Bahrain,2023,99.561
SAI,Ferrari,46,0 days 00:01:37.844000,HARD,15,3,FALSE,Bahrain,2023,97.844
SAI,Ferrari,47,0 days 00:01:38.222000,HARD,16,3,FALSE,Bahrain,2023,98.222
SAI,Ferrari,48,0 days 00:01:37.897000,HARD,17,3,FALSE,Bahrain,2023,97.897
SAI,Ferrari,49,0 days 00:01:37.765000,HARD,18,3,FALSE,Bahrain,2023,97.765
SAI,Ferrari,50,0 days 00:01:37.604000,HARD,19,3,FALSE,Bahrain,2023,97.604
SAI,Ferrari,51,0 days 00:01:37.672000,HARD,20,3,FALSE,Bahrain,2023,97.672
SAI,Ferrari,52,0 days 00:01:37.490000,HARD,21,3,FALSE,Bahrain,2023,97.49
SAI,Ferrari,53,0 days 00:01:37.660000,HARD,22,3,FALSE,Bahrain,2023,97.66
SAI,Ferrari,54,0 days 00:01:37.694000,HARD,23,3,FALSE,Bahrain,2023,97.694
SAI,Ferrari,55,0 days 00:01:37.821000,HARD,24,3,FALSE,Bahrain,2023,97.821
SAI,Ferrari,56,0 days 00:01:38.126000,HARD,25,3,FALSE,Bahrain,2023,98.126
SAI,Ferrari,57,0 days 00:01:38.021000,HARD,26,3,FALSE,Bahrain,2023,98.021
RUS,Mercedes,1,0 days 00:01:42.662000,SOFT,4,1,FALSE,Bahrain,2023,102.662
RUS,Mercedes,2,0 days 00:01:39.590000,SOFT,5,1,TRUE,Bahrain,2023,99.59
RUS,Mercedes,3,0 days 00:01:39.093000,SOFT,6,1,TRUE,Bahrain,2023,99.093
RUS,Mercedes,4,0 days 00:01:39.261000,SOFT,7,1,FALSE,Bahrain,2023,99.261
RUS,Mercedes,5,0 days 00:01:39.549000,SOFT,8,1,FALSE,Bahrain,2023,99.549
RUS,Mercedes,6,0 days 00:01:39.493000,SOFT,9,1,FALSE,Bahrain,2023,99.493
RUS,Mercedes,7,0 days 00:01:40.056000,SOFT,10,1,FALSE,Bahrain,2023,100.056
RUS,Mercedes,8,0 days 00:01:40.310000,SOFT,11,1,FALSE,Bahrain,2023,100.31
RUS,Mercedes,9,0 days 00:01:40.420000,SOFT,12,1,FALSE,Bahrain,2023,100.42
RUS,Mercedes,10,0 days 00:01:40.532000,SOFT,13,1,FALSE,Bahrain,2023,100.532
RUS,Mercedes,11,0 days 00:01:41.085000,SOFT,14,1,FALSE,Bahrain,2023,101.085
RUS,Mercedes,12,0 days 00:01:41.112000,SOFT,15,1,FALSE,Bahrain,2023,101.112
RUS,Mercedes,13,0 days 00:01:44.691000,SOFT,16,1,FALSE,Bahrain,2023,104.691
RUS,Mercedes,14,0 days 00:02:01.269000,HARD,1,2,FALSE,Bahrain,2023,121.269
RUS,Mercedes,15,0 days 00:01:37.460000,HARD,2,2,TRUE,Bahrain,2023,97.46
RUS,Mercedes,16,0 days 00:01:37.833000,HARD,3,2,FALSE,Bahrain,2023,97.833
RUS,Mercedes,17,0 days 00:01:38.604000,HARD,4,2,FALSE,Bahrain,2023,98.604
RUS,Mercedes,18,0 days 00:01:38.427000,HARD,5,2,FALSE,Bahrain,2023,98.427
RUS,Mercedes,19,0 days 00:01:38.512000,HARD,6,2,FALSE,Bahrain,2023,98.512
RUS,Mercedes,20,0 days 00:01:38.578000,HARD,7,2,FALSE,Bahrain,2023,98.578
RUS,Mercedes,21,0 days 00:01:38.555000,HARD,8,2,FALSE,Bahrain,2023,98.555
RUS,Mercedes,22,0 days 00:01:38.438000,HARD,9,2,FALSE,Bahrain,2023,98.438
RUS,Mercedes,23,0 days 00:01:38.773000,HARD,10,2,FALSE,Bahrain,2023,98.773
RUS,Mercedes,24,0 days 00:01:38.643000,HARD,11,2,FALSE,Bahrain,2023,98.643
RUS,Mercedes,25,0 days 00:01:38.487000,HARD,12,2,FALSE,Bahrain,2023,98.487
RUS,Mercedes,26,0 days 00:01:38.462000,HARD,13,2,FALSE,Bahrain,2023,98.462
RUS,Mercedes,27,0 days 00:01:38.625000,HARD,14,2,FALSE,Bahrain,2023,98.625
RUS,Mercedes,28,0 days 00:01:38.448000,HARD,15,2,FALSE,Bahrain,2023,98.448
RUS,Mercedes,29,0 days 00:01:38.792000,HARD,16,2,FALSE,Bahrain,2023,98.792
RUS,Mercedes,30,0 days 00:01:38.541000,HARD,17,2,FALSE,Bahrain,2023,98.541
RUS,Mercedes,31,0 days 00:01:41.035000,HARD,18,2,FALSE,Bahrain,2023,101.035
RUS,Mercedes,32,0 days 00:01:58.694000,HARD,1,3,FALSE,Bahrain,2023,118.694
RUS,Mercedes,33,0 days 00:01:37.221000,HARD,2,3,TRUE,Bahrain,2023,97.221
RUS,Mercedes,34,0 days 00:01:37.311000,HARD,3,3,FALSE,Bahrain,2023,97.311
RUS,Mercedes,35,0 days 00:01:37.592000,HARD,4,3,FALSE,Bahrain,2023,97.592
RUS,Mercedes,36,0 days 00:01:37.607000,HARD,5,3,FALSE,Bahrain,2023,97.607
RUS,Mercedes,37,0 days 00:01:37.822000,HARD,6,3,FALSE,Bahrain,2023,97.822
RUS,Mercedes,38,0 days 00:01:37.660000,HARD,7,3,FALSE,Bahrain,2023,97.66
RUS,Mercedes,39,0 days 00:01:37.495000,HARD,8,3,FALSE,Bahrain,2023,97.495
RUS,Mercedes,40,0 days 00:01:38.085000,HARD,9,3,FALSE,Bahrain,2023,98.085
RUS,Mercedes,41,0 days 00:02:06.293000,HARD,10,3,FALSE,Bahrain,2023,126.293
RUS,Mercedes,42,0 days 00:01:37.035000,HARD,11,3,FALSE,Bahrain,2023,97.035
RUS,Mercedes,43,0 days 00:01:37.480000,HARD,12,3,FALSE,Bahrain,2023,97.48
RUS,Mercedes,44,0 days 00:01:37.597000,HARD,13,3,FALSE,Bahrain,2023,97.597
RUS,Mercedes,45,0 days 00:01:37.316000,HARD,14,3,FALSE,Bahrain,2023,97.316
RUS,Mercedes,46,0 days 00:01:37.571000,HARD,15,3,FALSE,Bahrain,2023,97.571
RUS,Mercedes,47,0 days 00:01:37.432000,HARD,16,3,FALSE,Bahrain,2023,97.432
RUS,Mercedes,48,0 days 00:01:37.520000,HARD,17,3,FALSE,Bahrain,2023,97.52
RUS,Mercedes,49,0 days 00:01:37.718000,HARD,18,3,FALSE,Bahrain,2023,97.718
RUS,Mercedes,50,0 days 00:01:37.383000,HARD,19,3,FALSE,Bahrain,2023,97.383
RUS,Mercedes,51,0 days 00:01:37.825000,HARD,20,3,FALSE,Bahrain,2023,97.825
RUS,Mercedes,52,0 days 00:01:37.589000,HARD,21,3,FALSE,Bahrain,2023,97.589
RUS,Mercedes,53,0 days 00:01:37.841000,HARD,22,3,FALSE,Bahrain,2023,97.841
RUS,Mercedes,54,0 days 00:01:37.923000,HARD,23,3,FALSE,Bahrain,2023,97.923
RUS,Mercedes,55,0 days 00:01:37.860000,HARD,24,3,FALSE,Bahrain,2023,97.86
RUS,Mercedes,56,0 days 00:01:37.636000,HARD,25,3,FALSE,Bahrain,2023,97.636
RUS,Mercedes,57,0 days 00:01:37.767000,HARD,26,3,FALSE,Bahrain,2023,97.767
BOT,Alfa Romeo,1,0 days 00:01:44.154000,SOFT,1,1,FALSE,Bahrain,2023,104.154
BOT,Alfa Romeo,2,0 days 00:01:39.956000,SOFT,2,1,TRUE,Bahrain,2023,99.956
BOT,Alfa Romeo,3,0 days 00:01:39.397000,SOFT,3,1,TRUE,Bahrain,2023,99.397
BOT,Alfa Romeo,4,0 days 00:01:39.823000,SOFT,4,1,FALSE,Bahrain,2023,99.823
BOT,Alfa Romeo,5,0 days 00:01:41.033000,SOFT,5,1,FALSE,Bahrain,2023,101.033
BOT,Alfa Romeo,6,0 days 00:01:40.265000,SOFT,6,1,FALSE,Bahrain,2023,100.265
BOT,Alfa Romeo,7,0 days 00:01:40.564000,SOFT,7,1,FALSE,Bahrain,2023,100.564
BOT,Alfa Romeo,8,0 days 00:01:40.387000,SOFT,8,1,FALSE,Bahrain,2023,100.387
BOT,Alfa Romeo,9,0 days 00:01:40.275000,SOFT,9,1,FALSE,Bahrain,2023,100.275
BOT,Alfa Romeo,10,0 days 00:01:40.676000,SOFT,10,1,FALSE,Bahrain,2023,100.676
BOT,Alfa Romeo,11,0 days 00:01:43.269000,SOFT,11,1,FALSE,Bahrain,2023,103.269
BOT,Alfa Romeo,12,0 days 00:01:59.450000,HARD,1,2,FALSE,Bahrain,2023,119.45
BOT,Alfa Romeo,13,0 days 00:01:38.030000,HARD,2,2,TRUE,Bahrain,2023,98.03
BOT,Alfa Romeo,14,0 days 00:01:38.098000,HARD,3,2,FALSE,Bahrain,2023,98.098
BOT,Alfa Romeo,15,0 days 00:01:38.851000,HARD,4,2,FALSE,Bahrain,2023,98.851
BOT,Alfa Romeo,16,0 days 00:01:38.494000,HARD,5,2,FALSE,Bahrain,2023,98.494
BOT,Alfa Romeo,17,0 days 00:01:39.973000,HARD,6,2,FALSE,Bahrain,2023,99.973
BOT,Alfa Romeo,18,0 days 00:01:40.240000,HARD,7,2,FALSE,Bahrain,2023,100.24
BOT,Alfa Romeo,19,0 days 00:01:39.497000,HARD,8,2,FALSE,Bahrain,2023,99.497
BOT,Alfa Romeo,20,0 days 00:01:40.442000,HARD,9,2,FALSE,Bahrain,2023,100.442
BOT,Alfa Romeo,21,0 days 00:01:39.355000,HARD,10,2,FALSE,Bahrain,2023,99.355
BOT,Alfa Romeo,22,0 days 00:01:39.356000,HARD,11,2,FALSE,Bahrain,2023,99.356
BOT,Alfa Romeo,23,0 days 00:01:39.311000,HARD,12,2,FALSE,Bahrain,2023,99.311
BOT,Alfa Romeo,24,0 days 00:01:39.427000,HARD,13,2,FALSE,Bahrain,2023,99.427
BOT,Alfa Romeo,25,0 days 00:01:39.490000,HARD,14,2,FALSE,Bahrain,2023,99.49
BOT,Alfa Romeo,26,0 days 00:01:39.500000,HARD,15,2,FALSE,Bahrain,2023,99.5
BOT,Alfa Romeo,27,0 days 00:01:39.287000,HARD,16,2,FALSE,Bahrain,2023,99.287
BOT,Alfa Romeo,28,0 days 00:01:39.016000,HARD,17,2,FALSE,Bahrain,2023,99.016
BOT,Alfa Romeo,29,0 days 00:01:42.220000,HARD,18,2,FALSE,Bahrain,2023,102.22
BOT,Alfa Romeo,30,0 days 00:01:58.886000,HARD,1,3,FALSE,Bahrain,2023,118.886
BOT,Alfa Romeo,31,0 days 00:01:37.379000,HARD,2,3,TRUE,Bahrain,2023,97.379
BOT,Alfa Romeo,32,0 days 00:01:37.675000,HARD,3,3,FALSE,Bahrain,2023,97.675
BOT,Alfa Romeo,33,0 days 00:01:37.775000,HARD,4,3,FALSE,Bahrain,2023,97.775
BOT,Alfa Romeo,34,0 days 00:01:37.774000,HARD,5,3,FALSE,Bahrain,2023,97.774
BOT,Alfa Romeo,35,0 days 00:01:37.817000,HARD,6,3,FALSE,Bahrain,2023,97.817
BOT,Alfa Romeo,36,0 days 00:01:37.827000,HARD,7,3,FALSE,Bahrain,2023,97.827
BOT,Alfa Romeo,37,0 days 00:01:37.774000,HARD,8,3,FALSE,Bahrain,2023,97.774
BOT,Alfa Romeo,38,0 days 00:01:37.658000,HARD,9,3,FALSE,Bahrain,2023,97.658
BOT,Alfa Romeo,39,0 days 00:01:37.784000,HARD,10,3,FALSE,Bahrain,2023,97.784
BOT,Alfa Romeo,40,0 days 00:01:50.376000,HARD,11,3,FALSE,Bahrain,2023,110.376
BOT,Alfa Romeo,41,0 days 00:01:55.281000,HARD,12,3,FALSE,Bahrain,2023,115.281
BOT,Alfa Romeo,42,0 days 00:01:37.736000,HARD,13,3,FALSE,Bahrain,2023,97.736
BOT,Alfa Romeo,43,0 days 00:01:37.813000,HARD,14,3,FALSE,Bahrain,2023,97.813
BOT,Alfa Romeo,44,0 days 00:01:37.868000,HARD,15,3,FALSE,Bahrain,2023,97.868
BOT,Alfa Romeo,45,0 days 00:01:37.688000,HARD,16,3,FALSE,Bahrain,2023,97.688
BOT,Alfa Romeo,46,0 days 00:01:37.830000,HARD,17,3,FALSE,Bahrain,2023,97.83
BOT,Alfa Romeo,47,0 days 00:01:37.815000,HARD,18,3,FALSE,Bahrain,2023,97.815
BOT,Alfa Romeo,48,0 days 00:01:37.500000,HARD,19,3,FALSE,Bahrain,2023,97.5
BOT,Alfa Romeo,49,0 days 00:01:37.850000,HARD,20,3,FALSE,Bahrain,2023,97.85
BOT,Alfa Romeo,50,0 days 00:01:37.710000,HARD,21,3,FALSE,Bahrain,2023,97.71
BOT,Alfa Romeo,51,0 days 00:01:37.816000,HARD,22,3,FALSE,Bahrain,2023,97.816
BOT,Alfa Romeo,52,0 days 00:01:37.947000,HARD,23,3,FALSE,Bahrain,2023,97.947
BOT,Alfa Romeo,53,0 days 00:01:37.856000,HARD,24,3,FALSE,Bahrain,2023,97.856
BOT,Alfa Romeo,54,0 days 00:01:37.738000,HARD,25,3,FALSE,Bahrain,2023,97.738
BOT,Alfa Romeo,55,0 days 00:01:37.807000,HARD,26,3,FALSE,Bahrain,2023,97.807
BOT,Alfa Romeo,56,0 days 00:01:38.160000,HARD,27,3,FALSE,Bahrain,2023,98.16
BOT,Alfa Romeo,57,0 days 00:01:38.407000,HARD,28,3,FALSE,Bahrain,2023,98.407
PIA,McLaren,1,0 days 00:01:48.214000,SOFT,1,1,FALSE,Bahrain,2023,108.214
PIA,McLaren,2,0 days 00:01:40.830000,SOFT,2,1,TRUE,Bahrain,2023,100.83
PIA,McLaren,3,0 days 00:01:40.691000,SOFT,3,1,TRUE,Bahrain,2023,100.691
PIA,McLaren,4,0 days 00:01:40.718000,SOFT,4,1,FALSE,Bahrain,2023,100.718
PIA,McLaren,5,0 days 00:01:40.862000,SOFT,5,1,FALSE,Bahrain,2023,100.862
PIA,McLaren,6,0 days 00:01:41.111000,SOFT,6,1,FALSE,Bahrain,2023,101.111
PIA,McLaren,7,0 days 00:01:41.167000,SOFT,7,1,FALSE,Bahrain,2023,101.167
PIA,McLaren,8,0 days 00:01:41.295000,SOFT,8,1,FALSE,Bahrain,2023,101.295
PIA,McLaren,9,0 days 00:01:41.534000,SOFT,9,1,FALSE,Bahrain,2023,101.534
PIA,McLaren,10,0 days 00:01:41.584000,SOFT,10,1,FALSE,Bahrain,2023,101.584
PIA,McLaren,11,0 days 00:01:41.352000,SOFT,11,1,FALSE,Bahrain,2023,101.352
PIA,McLaren,12,0 days 00:01:41.156000,SOFT,12,1,FALSE,Bahrain,2023,101.156
PIA,McLaren,13,0 days 00:02:02.071000,SOFT,13,1,FALSE,Bahrain,2023,122.071
VER,Red Bull Racing,1,0 days 00:01:24.238000,MEDIUM,1,1,FALSE,Monaco,2023,84.238
VER,Red Bull Racing,2,0 days 00:01:19.367000,MEDIUM,2,1,TRUE,Monaco,2023,79.367
VER,Red Bull Racing,3,0 days 00:01:19.074000,MEDIUM,3,1,TRUE,Monaco,2023,79.074
VER,Red Bull Racing,4,0 days 00:01:18.129000,MEDIUM,4,1,TRUE,Monaco,2023,78.129
VER,Red Bull Racing,5,0 days 00:01:18.019000,MEDIUM,5,1,TRUE,Monaco,2023,78.019
VER,Red Bull Racing,6,0 days 00:01:17.640000,MEDIUM,6,1,TRUE,Monaco,2023,77.64
VER,Red Bull Racing,7,0 days 00:01:17.633000,MEDIUM,7,1,TRUE,Monaco,2023,77.633
VER,Red Bull Racing,8,0 days 00:01:17.397000,MEDIUM,8,1,TRUE,Monaco,2023,77.397
VER,Red Bull Racing,9,0 days 00:01:17.031000,MEDIUM,9,1,TRUE,Monaco,2023,77.031
VER,Red Bull Racing,10,0 days 00:01:17.084000,MEDIUM,10,1,FALSE,Monaco,2023,77.084
VER,Red Bull Racing,11,0 days 00:01:16.858000,MEDIUM,11,1,TRUE,Monaco,2023,76.858
VER,Red Bull Racing,12,0 days 00:01:16.993000,MEDIUM,12,1,FALSE,Monaco,2023,76.993
VER,Red Bull Racing,13,0 days 00:01:17.434000,MEDIUM,13,1,FALSE,Monaco,2023,77.434
VER,Red Bull Racing,14,0 days 00:01:17.065000,MEDIUM,14,1,FALSE,Monaco,2023,77.065
VER,Red Bull Racing,15,0 days 00:01:17.079000,MEDIUM,15,1,FALSE,Monaco,2023,77.079
VER,Red Bull Racing,16,0 days 00:01:16.824000,MEDIUM,16,1,TRUE,Monaco,2023,76.824
VER,Red Bull Racing,17,0 days 00:01:16.860000,MEDIUM,17,1,FALSE,Monaco,2023,76.86
VER,Red Bull Racing,18,0 days 00:01:16.712000,MEDIUM,18,1,TRUE,Monaco,2023,76.712
VER,Red Bull Racing,19,0 days 00:01:16.823000,MEDIUM,19,1,FALSE,Monaco,2023,76.823
VER,Red Bull Racing,20,0 days 00:01:17.214000,MEDIUM,20,1,FALSE,Monaco,2023,77.214
VER,Red Bull Racing,21,0 days 00:01:16.803000,MEDIUM,21,1,FALSE,Monaco,2023,76.803
VER,Red Bull Racing,22,0 days 00:01:16.659000,MEDIUM,22,1,TRUE,Monaco,2023,76.659
VER,Red Bull Racing,23,0 days 00:01:16.604000,MEDIUM,23,1,TRUE,Monaco,2023,76.604
VER,Red Bull Racing,24,0 days 00:01:16.798000,MEDIUM,24,1,FALSE,Monaco,2023,76.798
VER,Red Bull Racing,25,0 days 00:01:17.183000,MEDIUM,25,1,FALSE,Monaco,2023,77.183
VER,Red Bull Racing,26,0 days 00:01:17.212000,MEDIUM,26,1,FALSE,Monaco,2023,77.212
VER,Red Bull Racing,27,0 days 00:01:17.259000,MEDIUM,27,1,FALSE,Monaco,2023,77.259
VER,Red Bull Racing,28,0 days 00:01:17.770000,MEDIUM,28,1,FALSE,Monaco,2023,77.77
VER,Red Bull Racing,29,0 days 00:01:18.001000,MEDIUM,29,1,FALSE,Monaco,2023,78.001
VER,Red Bull Racing,30,0 days 00:01:18.160000,MEDIUM,30,1,FALSE,Monaco,2023,78.16
VER,Red Bull Racing,31,0 days 00:01:18.741000,MEDIUM,31,1,FALSE,Monaco,2023,78.741
VER,Red Bull Racing,32,0 days 00:01:18.816000,MEDIUM,32,1,FALSE,Monaco,2023,78.816
VER,Red Bull Racing,33,0 days 00:01:18.946000,MEDIUM,33,1,FALSE,Monaco,2023,78.946
VER,Red Bull Racing,34,0 days 00:01:18.044000,MEDIUM,34,1,FALSE,Monaco,2023,78.044
VER,Red Bull Racing,35,0 days 00:01:18.024000,MEDIUM,35,1,FALSE,Monaco,2023,78.024
VER,Red Bull Racing,36,0 days 00:01:17.974000,MEDIUM,36,1,FALSE,Monaco,2023,77.974
VER,Red Bull Racing,37,0 days 00:01:17.273000,MEDIUM,37,1,FALSE,Monaco,2023,77.273
VER,Red Bull Racing,38,0 days 00:01:17.122000,MEDIUM,38,1,FALSE,Monaco,2023,77.122
VER,Red Bull Racing,39,0 days 00:01:16.966000,MEDIUM,39,1,FALSE,Monaco,2023,76.966
VER,Red Bull Racing,40,0 days 00:01:17.161000,MEDIUM,40,1,FALSE,Monaco,2023,77.161
VER,Red Bull Racing,41,0 days 00:01:16.944000,MEDIUM,41,1,FALSE,Monaco,2023,76.944
VER,Red Bull Racing,42,0 days 00:01:16.800000,MEDIUM,42,1,FALSE,Monaco,2023,76.8
VER,Red Bull Racing,43,0 days 00:01:16.963000,MEDIUM,43,1,FALSE,Monaco,2023,76.963
VER,Red Bull Racing,44,0 days 00:01:16.722000,MEDIUM,44,1,FALSE,Monaco,2023,76.722
VER,Red Bull Racing,45,0 days 00:01:16.701000,MEDIUM,45,1,FALSE,Monaco,2023,76.701
VER,Red Bull Racing,46,0 days 00:01:17.075000,MEDIUM,46,1,FALSE,Monaco,2023,77.075
VER,Red Bull Racing,47,0 days 00:01:17.160000,MEDIUM,47,1,FALSE,Monaco,2023,77.16
VER,Red Bull Racing,48,0 days 00:01:17.065000,MEDIUM,48,1,FALSE,Monaco,2023,77.065
VER,Red Bull Racing,49,0 days 00:01:17.428000,MEDIUM,49,1,FALSE,Monaco,2023,77.428
VER,Red Bull Racing,50,0 days 00:01:17.314000,MEDIUM,50,1,FALSE,Monaco,2023,77.314
VER,Red Bull Racing,51,0 days 00:01:17.427000,MEDIUM,51,1,FALSE,Monaco,2023,77.427
VER,Red Bull Racing,52,0 days 00:01:24.046000,MEDIUM,52,1,FALSE,Monaco,2023,84.046
VER,Red Bull Racing,53,0 days 00:01:29.919000,MEDIUM,53,1,FALSE,Monaco,2023,89.919
VER,Red Bull Racing,54,0 days 00:01:38.946000,MEDIUM,54,1,FALSE,Monaco,2023,98.946
VER,Red Bull Racing,55,0 days 00:02:10.567000,MEDIUM,55,1,FALSE,Monaco,2023,130.567
VER,Red Bull Racing,56,0 days 00:01:46.131000,INTERMEDIATE,1,2,FALSE,Monaco,2023,106.131
VER,Red Bull Racing,57,0 days 00:01:43.464000,INTERMEDIATE,2,2,FALSE,Monaco,2023,103.464
VER,Red Bull Racing,58,0 days 00:01:42.808000,INTERMEDIATE,3,2,FALSE,Monaco,2023,102.808
VER,Red Bull Racing,59,0 days 00:01:43.791000,INTERMEDIATE,4,2,FALSE,Monaco,2023,103.791
VER,Red Bull Racing,60,0 days 00:01:41.540000,INTERMEDIATE,5,2,FALSE,Monaco,2023,101.54
VER,Red Bull Racing,61,0 days 00:01:40.797000,INTERMEDIATE,6,2,FALSE,Monaco,2023,100.797
VER,Red Bull Racing,62,0 days 00:01:39.272000,INTERMEDIATE,7,2,FALSE,Monaco,2023,99.272
VER,Red Bull Racing,63,0 days 00:01:39.610000,INTERMEDIATE,8,2,FALSE,Monaco,2023,99.61
VER,Red Bull Racing,64,0 days 00:01:38.364000,INTERMEDIATE,9,2,FALSE,Monaco,2023,98.364
VER,Red Bull Racing,65,0 days 00:01:37.160000,INTERMEDIATE,10,2,FALSE,Monaco,2023,97.16
VER,Red Bull Racing,66,0 days 00:01:34.035000,INTERMEDIATE,11,2,FALSE,Monaco,2023,94.035
VER,Red Bull Racing,67,0 days 00:01:32.921000,INTERMEDIATE,12,2,FALSE,Monaco,2023,92.921
VER,Red Bull Racing,68,0 days 00:01:33.659000,INTERMEDIATE,13,2,FALSE,Monaco,2023,93.659
VER,Red Bull Racing,69,0 days 00:01:31.607000,INTERMEDIATE,14,2,FALSE,Monaco,2023,91.607
VER,Red Bull Racing,70,0 days 00:01:31.244000,INTERMEDIATE,15,2,FALSE,Monaco,2023,91.244
VER,Red Bull Racing,71,0 days 00:01:30.363000,INTERMEDIATE,16,2,FALSE,Monaco,2023,90.363
VER,Red Bull Racing,72,0 days 00:01:30.402000,INTERMEDIATE,17,2,FALSE,Monaco,2023,90.402
VER,Red Bull Racing,73,0 days 00:01:28.386000,INTERMEDIATE,18,2,FALSE,Monaco,2023,88.386
VER,Red Bull Racing,74,0 days 00:01:26.864000,INTERMEDIATE,19,2,FALSE,Monaco,2023,86.864
VER,Red Bull Racing,75,0 days 00:01:25.518000,INTERMEDIATE,20,2,FALSE,Monaco,2023,85.518
VER,Red Bull Racing,76,0 days 00:01:25.316000,INTERMEDIATE,21,2,FALSE,Monaco,2023,85.316
VER,Red Bull Racing,77,0 days 00:01:25.460000,INTERMEDIATE,22,2,FALSE,Monaco,2023,85.46
VER,Red Bull Racing,78,0 days 00:01:25.201000,INTERMEDIATE,23,2,FALSE,Monaco,2023,85.201
GAS,Alpine,1,0 days 00:01:29.701000,HARD,1,1,FALSE,Monaco,2023,89.701
GAS,Alpine,2,0 days 00:01:20.636000,HARD,2,1,TRUE,Monaco,2023,80.636
GAS,Alpine,3,0 days 00:01:20.282000,HARD,3,1,TRUE,Monaco,2023,80.282
GAS,Alpine,4,0 days 00:01:19.577000,HARD,4,1,TRUE,Monaco,2023,79.577
GAS,Alpine,5,0 days 00:01:18.893000,HARD,5,1,TRUE,Monaco,2023,78.893
GAS,Alpine,6,0 days 00:01:18.842000,HARD,6,1,TRUE,Monaco,2023,78.842
GAS,Alpine,7,0 days 00:01:18.604000,HARD,7,1,TRUE,Monaco,2023,78.604
GAS,Alpine,8,0 days 00:01:19.317000,HARD,8,1,FALSE,Monaco,2023,79.317
GAS,Alpine,9,0 days 00:01:18.788000,HARD,9,1,FALSE,Monaco,2023,78.788
GAS,Alpine,10,0 days 00:01:18.310000,HARD,10,1,TRUE,Monaco,2023,78.31
GAS,Alpine,11,0 days 00:01:18.367000,HARD,11,1,FALSE,Monaco,2023,78.367
GAS,Alpine,12,0 days 00:01:18.582000,HARD,12,1,FALSE,Monaco,2023,78.582
GAS,Alpine,13,0 days 00:01:17.713000,HARD,13,1,TRUE,Monaco,2023,77.713
GAS,Alpine,14,0 days 00:01:18.564000,HARD,14,1,FALSE,Monaco,2023,78.564
GAS,Alpine,15,0 days 00:01:18.284000,HARD,15,1,FALSE,Monaco,2023,78.284
GAS,Alpine,16,0 days 00:01:18.298000,HARD,16,1,FALSE,Monaco,2023,78.298
GAS,Alpine,17,0 days 00:01:17.990000,HARD,17,1,FALSE,Monaco,2023,77.99
GAS,Alpine,18,0 days 00:01:18.453000,HARD,18,1,FALSE,Monaco,2023,78.453
GAS,Alpine,19,0 days 00:01:18.109000,HARD,19,1,FALSE,Monaco,2023,78.109
GAS,Alpine,20,0 days 00:01:18.587000,HARD,20,1,FALSE,Monaco,2023,78.587
GAS,Alpine,21,0 days 00:01:17.810000,HARD,21,1,FALSE,Monaco,2023,77.81
GAS,Alpine,22,0 days 00:01:18.213000,HARD,22,1,FALSE,Monaco,2023,78.213
GAS,Alpine,23,0 days 00:01:17.942000,HARD,23,1,FALSE,Monaco,2023,77.942
GAS,Alpine,24,0 days 00:01:17.577000,HARD,24,1,TRUE,Monaco,2023,77.577
GAS,Alpine,25,0 days 00:01:17.540000,HARD,25,1,TRUE,Monaco,2023,77.54
GAS,Alpine,26,0 days 00:01:17.912000,HARD,26,1,FALSE,Monaco,2023,77.912
GAS,Alpine,27,0 days 00:01:18.012000,HARD,27,1,FALSE,Monaco,2023,78.012
GAS,Alpine,28,0 days 00:01:17.285000,HARD,28,1,TRUE,Monaco,2023,77.285
GAS,Alpine,29,0 days 00:01:17.373000,HARD,29,1,FALSE,Monaco,2023,77.373
GAS,Alpine,30,0 days 00:01:17.083000,HARD,30,1,TRUE,Monaco,2023,77.083
GAS,Alpine,31,0 days 00:01:18.015000,HARD,31,1,FALSE,Monaco,2023,78.015
GAS,Alpine,32,0 days 00:01:17.384000,HARD,32,1,FALSE,Monaco,2023,77.384
GAS,Alpine,33,0 days 00:01:17.450000,HARD,33,1,FALSE,Monaco,2023,77.45
GAS,Alpine,34,0 days 00:01:17.207000,HARD,34,1,FALSE,Monaco,2023,77.207
GAS,Alpine,35,0 days 00:01:17.421000,HARD,35,1,FALSE,Monaco,2023,77.421
GAS,Alpine,36,0 days 00:01:17.668000,HARD,36,1,FALSE,Monaco,2023,77.668
GAS,Alpine,37,0 days 00:01:17.212000,HARD,37,1,FALSE,Monaco,2023,77.212
GAS,Alpine,38,0 days 00:01:17.556000,HARD,38,1,FALSE,Monaco,2023,77.556
GAS,Alpine,39,0 days 00:01:17.102000,HARD,39,1,FALSE,Monaco,2023,77.102
GAS,Alpine,40,0 days 00:01:17.221000,HARD,40,1,FALSE,Monaco,2023,77.221
GAS,Alpine,41,0 days 00:01:17.654000,HARD,41,1,FALSE,Monaco,2023,77.654
GAS,Alpine,42,0 days 00:01:18.559000,HARD,42,1,FALSE,Monaco,2023,78.559
GAS,Alpine,43,0 days 00:01:17.699000,HARD,43,1,FALSE,Monaco,2023,77.699
GAS,Alpine,44,0 days 00:01:18.042000,HARD,44,1,FALSE,Monaco,2023,78.042
GAS,Alpine,45,0 days 00:01:16.839000,HARD,45,1,TRUE,Monaco,2023,76.839
GAS,Alpine,46,0 days 00:01:16.997000,HARD,46,1,FALSE,Monaco,2023,76.997
GAS,Alpine,47,0 days 00:01:33.267000,HARD,47,1,FALSE,Monaco,2023,93.267
GAS,Alpine,48,0 days 00:01:19.884000,MEDIUM,1,2,FALSE,Monaco,2023,79.884
GAS,Alpine,49,0 days 00:01:15.831000,MEDIUM,2,2,TRUE,Monaco,2023,75.831
GAS,Alpine,50,0 days 00:01:15.955000,MEDIUM,3,2,FALSE,Monaco,2023,75.955
GAS,Alpine,51,0 days 00:01:16.711000,MEDIUM,4,2,FALSE,Monaco,2023,76.711
GAS,Alpine,52,0 days 00:01:22.349000,MEDIUM,5,2,FALSE,Monaco,2023,82.349
GAS,Alpine,53,0 days 00:01:35.781000,MEDIUM,6,2,FALSE,Monaco,2023,95.781
GAS,Alpine,54,0 days 00:02:01.097000,MEDIUM,7,2,FALSE,Monaco,2023,121.097
GAS,Alpine,55,0 days 00:01:43.220000,INTERMEDIATE,1,3,FALSE,Monaco,2023,103.22
GAS,Alpine,56,0 days 00:01:41.478000,INTERMEDIATE,2,3,FALSE,Monaco,2023,101.478
GAS,Alpine,57,0 days 00:01:43.496000,INTERMEDIATE,3,3,FALSE,Monaco,2023,103.496
GAS,Alpine,58,0 days 00:01:43.238000,INTERMEDIATE,4,3,FALSE,Monaco,2023,103.238
GAS,Alpine,59,0 days 00:01:43.477000,INTERMEDIATE,5,3,FALSE,Monaco,2023,103.477
GAS,Alpine,60,0 days 00:01:42.923000,INTERMEDIATE,6,3,FALSE,Monaco,2023,102.923
GAS,Alpine,61,0 days 00:01:42.263000,INTERMEDIATE,7,3,FALSE,Monaco,2023,102.263
GAS,Alpine,62,0 days 00:01:40.864000,INTERMEDIATE,8,3,FALSE,Monaco,2023,100.864
GAS,Alpine,63,0 days 00:01:40.280000,INTERMEDIATE,9,3,FALSE,Monaco,2023,100.28
GAS,Alpine,64,0 days 00:01:39.374000,INTERMEDIATE,10,3,FALSE,Monaco,2023,99.374
GAS,Alpine,65,0 days 00:01:38.169000,INTERMEDIATE,11,3,FALSE,Monaco,2023,98.169
GAS,Alpine,66,0 days 00:01:36.252000,INTERMEDIATE,12,3,FALSE,Monaco,2023,96.252
GAS,Alpine,67,0 days 00:01:34.612000,INTERMEDIATE,13,3,FALSE,Monaco,2023,94.612
GAS,Alpine,68,0 days 00:01:33.318000,INTERMEDIATE,14,3,FALSE,Monaco,2023,93.318
GAS,Alpine,69,0 days 00:01:36.097000,INTERMEDIATE,15,3,FALSE,Monaco,2023,96.097
GAS,Alpine,70,0 days 00:01:31.098000,INTERMEDIATE,16,3,FALSE,Monaco,2023,91.098
GAS,Alpine,71,0 days 00:01:30.098000,INTERMEDIATE,17,3,FALSE,Monaco,2023,90.098
GAS,Alpine,72,0 days 00:01:29.916000,INTERMEDIATE,18,3,FALSE,Monaco,2023,89.916
GAS,Alpine,73,0 days 00:01:28.128000,INTERMEDIATE,19,3,FALSE,Monaco,2023,88.128
GAS,Alpine,74,0 days 00:01:27.856000,INTERMEDIATE,20,3,FALSE,Monaco,2023,87.856
GAS,Alpine,75,0 days 00:01:26.378000,INTERMEDIATE,21,3,FALSE,Monaco,2023,86.378
GAS,Alpine,76,0 days 00:01:26.077000,INTERMEDIATE,22,3,FALSE,Monaco,2023,86.077
GAS,Alpine,77,0 days 00:01:25.607000,INTERMEDIATE,23,3,FALSE,Monaco,2023,85.607
GAS,Alpine,78,0 days 00:01:26.578000,INTERMEDIATE,24,3,FALSE,Monaco,2023,86.578
PER,Red Bull Racing,1,0 days 00:01:58.190000,MEDIUM,1,1,FALSE,Monaco,2023,118.19
PER,Red Bull Racing,2,0 days 00:01:19.704000,HARD,1,2,FALSE,Monaco,2023,79.704
PER,Red Bull Racing,3,0 days 00:01:16.387000,HARD,2,2,TRUE,Monaco,2023,76.387
PER,Red Bull Racing,4,0 days 00:01:16.535000,HARD,3,2,FALSE,Monaco,2023,76.535
PER,Red Bull Racing,5,0 days 00:01:16.269000,HARD,4,2,TRUE,Monaco,2023,76.269
PER,Red Bull Racing,6,0 days 00:01:16.458000,HARD,5,2,FALSE,Monaco,2023,76.458
PER,Red Bull Racing,7,0 days 00:01:17.399000,HARD,6,2,FALSE,Monaco,2023,77.399
PER,Red Bull Racing,8,0 days 00:01:17.937000,HARD,7,2,FALSE,Monaco,2023,77.937
PER,Red Bull Racing,9,0 days 00:01:18.254000,HARD,8,2,FALSE,Monaco,2023,78.254
PER,Red Bull Racing,10,0 days 00:01:19.787000,HARD,9,2,FALSE,Monaco,2023,79.787
PER,Red Bull Racing,11,0 days 00:01:19.848000,HARD,10,2,FALSE,Monaco,2023,79.848
PER,Red Bull Racing,12,0 days 00:01:20.433000,HARD,11,2,FALSE,Monaco,2023,80.433
PER,Red Bull Racing,13,0 days 00:01:20.797000,HARD,12,2,FALSE,Monaco,2023,80.797
PER,Red Bull Racing,14,0 days 00:01:20.283000,HARD,13,2,FALSE,Monaco,2023,80.283
PER,Red Bull Racing,15,0 days 00:01:20.418000,HARD,14,2,FALSE,Monaco,2023,80.418
PER,Red Bull Racing,16,0 days 00:01:20.487000,HARD,15,2,FALSE,Monaco,2023,80.487
PER,Red Bull Racing,17,0 days 00:01:21.315000,HARD,16,2,FALSE,Monaco,2023,81.315
PER,Red Bull Racing,18,0 days 00:01:18.092000,HARD,17,2,FALSE,Monaco,2023,78.092
PER,Red Bull Racing,19,0 days 00:01:17.867000,HARD,18,2,FALSE,Monaco,2023,77.867
PER,Red Bull Racing,20,0 days 00:01:17.979000,HARD,19,2,FALSE,Monaco,2023,77.979
PER,Red Bull Racing,21,0 days 00:01:18.523000,HARD,20,2,FALSE,Monaco,2023,78.523
PER,Red Bull Racing,22,0 days 00:01:18.803000,HARD,21,2,FALSE,Monaco,2023,78.803
PER,Red Bull Racing,23,0 days 00:01:18.604000,HARD,22,2,FALSE,Monaco,2023,78.604
PER,Red Bull Racing,24,0 days 00:01:18.624000,HARD,23,2,FALSE,Monaco,2023,78.624
PER,Red Bull Racing,25,0 days 00:01:18.541000,HARD,24,2,FALSE,Monaco,2023,78.541
PER,Red Bull Racing,26,0 days 00:01:19.877000,HARD,25,2,FALSE,Monaco,2023,79.877
PER,Red Bull Racing,27,0 days 00:01:19.319000,HARD,26,2,FALSE,Monaco,2023,79.319
PER,Red Bull Racing,28,0 days 00:01:19.611000,HARD,27,2,FALSE,Monaco,2023,79.611
PER,Red Bull Racing,29,0 days 00:01:19.986000,HARD,28,2,FALSE,Monaco,2023,79.986
PER,Red Bull Racing,30,0 days 00:01:20.771000,HARD,29,2,FALSE,Monaco,2023,80.771
PER,Red Bull Racing,31,0 days 00:01:19.292000,HARD,30,2,FALSE,Monaco,2023,79.292
PER,Red Bull Racing,32,0 days 00:01:19.607000,HARD,31,2,FALSE,Monaco,2023,79.607
PER,Red Bull Racing,33,0 days 00:01:22.083000,HARD,32,2,FALSE,Monaco,2023,82.083
PER,Red Bull Racing,34,0 days 00:01:46.451000,HARD,33,2,FALSE,Monaco,2023,106.451
PER,Red Bull Racing,35,0 days 00:01:19.581000,MEDIUM,2,3,FALSE,Monaco,2023,79.581
PER,Red Bull Racing,36,0 days 00:01:16.882000,MEDIUM,3,3,FALSE,Monaco,2023,76.882
PER,Red Bull Racing,37,0 days 00:01:16.706000,MEDIUM,4,3,FALSE,Monaco,2023,76.706
PER,Red Bull Racing,38,0 days 00:01:16.353000,MEDIUM,5,3,FALSE,Monaco,2023,76.353
PER,Red Bull Racing,39,0 days 00:01:16.445000,MEDIUM,6,3,FALSE,Monaco,2023,76.445
PER,Red Bull Racing,40,0 days 00:01:16.755000,MEDIUM,7,3,FALSE,Monaco,2023,76.755
PER,Red Bull Racing,41,0 days 00:01:17.959000,MEDIUM,8,3,FALSE,Monaco,2023,77.959
PER,Red Bull Racing,42,0 days 00:01:17.460000,MEDIUM,9,3,FALSE,Monaco,2023,77.46
PER,Red Bull Racing,43,0 days 00:01:17.847000,MEDIUM,10,3,FALSE,Monaco,2023,77.847
PER,Red Bull Racing,44,0 days 00:01:17.616000,MEDIUM,11,3,FALSE,Monaco,2023,77.616
PER,Red Bull Racing,45,0 days 00:01:17.128000,MEDIUM,12,3,FALSE,Monaco,2023,77.128
PER,Red Bull Racing,46,0 days 00:01:17.047000,MEDIUM,13,3,FALSE,Monaco,2023,77.047
PER,Red Bull Racing,47,0 days 00:01:16.859000,MEDIUM,14,3,FALSE,Monaco,2023,76.859
PER,Red Bull Racing,48,0 days 00:01:16.980000,MEDIUM,15,3,FALSE,Monaco,2023,76.98
PER,Red Bull Racing,49,0 days 00:01:18.524000,MEDIUM,16,3,FALSE,Monaco,2023,78.524
PER,Red Bull Racing,50,0 days 00:01:24.856000,MEDIUM,17,3,FALSE,Monaco,2023,84.856
PER,Red Bull Racing,51,0 days 00:01:25.645000,MEDIUM,18,3,FALSE,Monaco,2023,85.645
PER,Red Bull Racing,52,0 days 00:01:38.200000,MEDIUM,19,3,FALSE,Monaco,2023,98.2
PER,Red Bull Racing,53,0 days 00:01:55.544000,MEDIUM,20,3,FALSE,Monaco,2023,115.544
PER,Red Bull Racing,54,0 days 00:01:42.332000,INTERMEDIATE,1,4,FALSE,Monaco,2023,102.332
PER,Red Bull Racing,55,0 days 00:01:40.446000,INTERMEDIATE,2,4,FALSE,Monaco,2023,100.446
PER,Red Bull Racing,56,0 days 00:01:45.055000,INTERMEDIATE,3,4,FALSE,Monaco,2023,105.055
PER,Red Bull Racing,57,0 days 00:02:05.839000,INTERMEDIATE,4,4,FALSE,Monaco,2023,125.839
PER,Red Bull Racing,58,0 days 00:01:45.989000,WET,1,5,FALSE,Monaco,2023,105.989
PER,Red Bull Racing,59,0 days 00:01:40.595000,WET,2,5,FALSE,Monaco,2023,100.595
PER,Red Bull Racing,60,0 days 00:01:41.082000,WET,3,5,FALSE,Monaco,2023,101.082
PER,Red Bull Racing,61,0 days 00:01:41.220000,WET,4,5,FALSE,Monaco,2023,101.22
PER,Red Bull Racing,62,0 days 00:01:39.631000,WET,5,5,FALSE,Monaco,2023,99.631
PER,Red Bull Racing,63,0 days 00:01:39.405000,WET,6,5,FALSE,Monaco,2023,99.405
PER,Red Bull Racing,64,0 days 00:01:37.112000,WET,7,5,FALSE,Monaco,2023,97.112
PER,Red Bull Racing,65,0 days 00:01:37.675000,WET,8,5,FALSE,Monaco,2023,97.675
PER,Red Bull Racing,66,0 days 00:01:36.451000,WET,9,5,FALSE,Monaco,2023,96.451
PER,Red Bull Racing,67,0 days 00:01:35.957000,WET,10,5,FALSE,Monaco,2023,95.957
PER,Red Bull Racing,68,0 days 00:01:36.297000,WET,11,5,FALSE,Monaco,2023,96.297
PER,Red Bull Racing,69,0 days 00:01:35.708000,WET,12,5,FALSE,Monaco,2023,95.708
PER,Red Bull Racing,70,0 days 00:01:58.066000,WET,13,5,FALSE,Monaco,2023,118.066
PER,Red Bull Racing,71,0 days 00:01:36.744000,INTERMEDIATE,1,6,FALSE,Monaco,2023,96.744
PER,Red Bull Racing,72,0 days 00:01:29.537000,INTERMEDIATE,2,6,FALSE,Monaco,2023,89.537
PER,Red Bull Racing,73,0 days 00:01:26.820000,INTERMEDIATE,3,6,FALSE,Monaco,2023,86.82
PER,Red Bull Racing,74,0 days 00:01:25.704000,INTERMEDIATE,4,6,FALSE,Monaco,2023,85.704
PER,Red Bull Racing,75,0 days 00:01:34.148000,INTERMEDIATE,5,6,FALSE,Monaco,2023,94.148
PER,Red Bull Racing,76,0 days 00:01:30.273000,INTERMEDIATE,6,6,FALSE,Monaco,2023,90.273
ALO,Aston Martin,1,0 days 00:01:25.527000,HARD,2,1,FALSE,Monaco,2023,85.527
ALO,Aston Martin,2,0 days 00:01:19.646000,HARD,3,1,TRUE,Monaco,2023,79.646
ALO,Aston Martin,3,0 days 00:01:19.113000,HARD,4,1,TRUE,Monaco,2023,79.113
ALO,Aston Martin,4,0 days 00:01:18.776000,HARD,5,1,TRUE,Monaco,2023,78.776
ALO,Aston Martin,5,0 days 00:01:17.939000,HARD,6,1,TRUE,Monaco,2023,77.939
ALO,Aston Martin,6,0 days 00:01:17.952000,HARD,7,1,FALSE,Monaco,2023,77.952
ALO,Aston Martin,7,0 days 00:01:17.505000,HARD,8,1,TRUE,Monaco,2023,77.505
ALO,Aston Martin,8,0 days 00:01:17.391000,HARD,9,1,TRUE,Monaco,2023,77.391
ALO,Aston Martin,9,0 days 00:01:17.783000,HARD,10,1,FALSE,Monaco,2023,77.783
ALO,Aston Martin,10,0 days 00:01:17.324000,HARD,11,1,TRUE,Monaco,2023,77.324
ALO,Aston Martin,11,0 days 00:01:17.249000,HARD,12,1,TRUE,Monaco,2023,77.249
ALO,Aston Martin,12,0 days 00:01:17.588000,HARD,13,1,FALSE,Monaco,2023,77.588
ALO,Aston Martin,13,0 days 00:01:18.443000,HARD,14,1,FALSE,Monaco,2023,78.443
ALO,Aston Martin,14,0 days 00:01:17.508000,HARD,15,1,FALSE,Monaco,2023,77.508
ALO,Aston Martin,15,0 days 00:01:17.444000,HARD,16,1,FALSE,Monaco,2023,77.444
ALO,Aston Martin,16,0 days 00:01:17.170000,HARD,17,1,TRUE,Monaco,2023,77.17
ALO,Aston Martin,17,0 days 00:01:17.699000,HARD,18,1,FALSE,Monaco,2023,77.699
ALO,Aston Martin,18,0 days 00:01:17.528000,HARD,19,1,FALSE,Monaco,2023,77.528
ALO,Aston Martin,19,0 days 00:01:17.258000,HARD,20,1,FALSE,Monaco,2023,77.258
ALO,Aston Martin,20,0 days 00:01:17.130000,HARD,21,1,TRUE,Monaco,2023,77.13
ALO,Aston Martin,21,0 days 00:01:17.664000,HARD,22,1,FALSE,Monaco,2023,77.664
ALO,Aston Martin,22,0 days 00:01:17.947000,HARD,23,1,FALSE,Monaco,2023,77.947
ALO,Aston Martin,23,0 days 00:01:17.272000,HARD,24,1,FALSE,Monaco,2023,77.272
ALO,Aston Martin,24,0 days 00:01:17.285000,HARD,25,1,FALSE,Monaco,2023,77.285
ALO,Aston Martin,25,0 days 00:01:17.182000,HARD,26,1,FALSE,Monaco,2023,77.182
ALO,Aston Martin,26,0 days 00:01:17.141000,HARD,27,1,FALSE,Monaco,2023,77.141
ALO,Aston Martin,27,0 days 00:01:17.228000,HARD,28,1,FALSE,Monaco,2023,77.228
ALO,Aston Martin,28,0 days 00:01:17.562000,HARD,29,1,FALSE,Monaco,2023,77.562
ALO,Aston Martin,29,0 days 00:01:17.111000,HARD,30,1,TRUE,Monaco,2023,77.111
ALO,Aston Martin,30,0 days 00:01:16.965000,HARD,31,1,TRUE,Monaco,2023,76.965
ALO,Aston Martin,31,0 days 00:01:17.259000,HARD,32,1,FALSE,Monaco,2023,77.259
ALO,Aston Martin,32,0 days 00:01:17.637000,HARD,33,1,FALSE,Monaco,2023,77.637
ALO,Aston Martin,33,0 days 00:01:17.816000,HARD,34,1,FALSE,Monaco,2023,77.816
ALO,Aston Martin,34,0 days 00:01:19.297000,HARD,35,1,FALSE,Monaco,2023,79.297
ALO,Aston Martin,35,0 days 00:01:18.634000,HARD,36,1,FALSE,Monaco,2023,78.634
ALO,Aston Martin,36,0 days 00:01:17.876000,HARD,37,1,FALSE,Monaco,2023,77.876
ALO,Aston Martin,37,0 days 00:01:17.974000,HARD,38,1,FALSE,Monaco,2023,77.974
ALO,Aston Martin,38,0 days 00:01:17.141000,HARD,39,1,FALSE,Monaco,2023,77.141
ALO,Aston Martin,39,0 days 00:01:17.705000,HARD,40,1,FALSE,Monaco,2023,77.705
ALO,Aston Martin,40,0 days 00:01:17.630000,HARD,41,1,FALSE,Monaco,2023,77.63
ALO,Aston Martin,41,0 days 00:01:17.016000,HARD,42,1,FALSE,Monaco,2023,77.016
ALO,Aston Martin,42,0 days 00:01:16.719000,HARD,43,1,TRUE,Monaco,2023,76.719
ALO,Aston Martin,43,0 days 00:01:16.674000,HARD,44,1,TRUE,Monaco,2023,76.674
ALO,Aston Martin,44,0 days 00:01:16.919000,HARD,45,1,FALSE,Monaco,2023,76.919
ALO,Aston Martin,45,0 days 00:01:16.862000,HARD,46,1,FALSE,Monaco,2023,76.862
ALO,Aston Martin,46,0 days 00:01:17.114000,HARD,47,1,FALSE,Monaco,2023,77.114
ALO,Aston Martin,47,0 days 00:01:17.108000,HARD,48,1,FALSE,Monaco,2023,77.108
ALO,Aston Martin,48,0 days 00:01:16.931000,HARD,49,1,FALSE,Monaco,2023,76.931
ALO,Aston Martin,49,0 days 00:01:16.992000,HARD,50,1,FALSE,Monaco,2023,76.992
ALO,Aston Martin,50,0 days 00:01:17.408000,HARD,51,1,FALSE,Monaco,2023,77.408
ALO,Aston Martin,51,0 days 00:01:19.991000,HARD,52,1,FALSE,Monaco,2023,79.991
ALO,Aston Martin,52,0 days 00:01:24.967000,HARD,53,1,FALSE,Monaco,2023,84.967
ALO,Aston Martin,53,0 days 00:01:30.862000,HARD,54,1,FALSE,Monaco,2023,90.862
ALO,Aston Martin,54,0 days 00:01:50.311000,HARD,55,1,FALSE,Monaco,2023,110.311
ALO,Aston Martin,55,0 days 00:02:06.635000,MEDIUM,2,2,FALSE,Monaco,2023,126.635
ALO,Aston Martin,56,0 days 00:01:48.531000,INTERMEDIATE,1,3,FALSE,Monaco,2023,108.531
ALO,Aston Martin,57,0 days 00:01:42.581000,INTERMEDIATE,2,3,FALSE,Monaco,2023,102.581
ALO,Aston Martin,58,0 days 00:01:41.267000,INTERMEDIATE,3,3,FALSE,Monaco,2023,101.267
ALO,Aston Martin,59,0 days 00:01:40.897000,INTERMEDIATE,4,3,FALSE,Monaco,2023,100.897
ALO,Aston Martin,60,0 days 00:01:40.638000,INTERMEDIATE,5,3,FALSE,Monaco,2023,100.638
ALO,Aston Martin,61,0 days 00:01:42.727000,INTERMEDIATE,6,3,FALSE,Monaco,2023,102.727
ALO,Aston Martin,62,0 days 00:01:40.467000,INTERMEDIATE,7,3,FALSE,Monaco,2023,100.467
ALO,Aston Martin,63,0 days 00:01:39.671000,INTERMEDIATE,8,3,FALSE,Monaco,2023,99.671
ALO,Aston Martin,64,0 days 00:01:38.135000,INTERMEDIATE,9,3,FALSE,Monaco,2023,98.135
ALO,Aston Martin,65,0 days 00:01:37.640000,INTERMEDIATE,10,3,FALSE,Monaco,2023,97.64
ALO,Aston Martin,66,0 days 00:01:36.332000,INTERMEDIATE,11,3,FALSE,Monaco,2023,96.332
ALO,Aston Martin,67,0 days 00:01:33.205000,INTERMEDIATE,12,3,FALSE,Monaco,2023,93.205
ALO,Aston Martin,68,0 days 00:01:32.841000,INTERMEDIATE,13,3,FALSE,Monaco,2023,92.841
ALO,Aston Martin,69,0 days 00:01:33.864000,INTERMEDIATE,14,3,FALSE,Monaco,2023,93.864
ALO,Aston Martin,70,0 days 00:01:31.230000,INTERMEDIATE,15,3,FALSE,Monaco,2023,91.23
ALO,Aston Martin,71,0 days 00:01:31.057000,INTERMEDIATE,16,3,FALSE,Monaco,2023,91.057
ALO,Aston Martin,72,0 days 00:01:29.419000,INTERMEDIATE,17,3,FALSE,Monaco,2023,89.419
ALO,Aston Martin,73,0 days 00:01:30.346000,INTERMEDIATE,18,3,FALSE,Monaco,2023,90.346
ALO,Aston Martin,74,0 days 00:01:27.245000,INTERMEDIATE,19,3,FALSE,Monaco,2023,87.245
ALO,Aston Martin,75,0 days 00:01:25.700000,INTERMEDIATE,20,3,FALSE,Monaco,2023,85.7
ALO,Aston Martin,76,0 days 00:01:26.931000,INTERMEDIATE,21,3,FALSE,Monaco,2023,86.931
ALO,Aston Martin,77,0 days 00:01:24.701000,INTERMEDIATE,22,3,FALSE,Monaco,2023,84.701
ALO,Aston Martin,78,0 days 00:01:25.668000,INTERMEDIATE,23,3,FALSE,Monaco,2023,85.668
LEC,Ferrari,1,0 days 00:01:29.108000,HARD,1,1,FALSE,Monaco,2023,89.108
LEC,Ferrari,2,0 days 00:01:20.549000,HARD,2,1,TRUE,Monaco,2023,80.549
LEC,Ferrari,3,0 days 00:01:20.021000,HARD,3,1,TRUE,Monaco,2023,80.021
LEC,Ferrari,4,0 days 00:01:19.468000,HARD,4,1,TRUE,Monaco,2023,79.468
LEC,Ferrari,5,0 days 00:01:18.837000,HARD,5,1,TRUE,Monaco,2023,78.837
LEC,Ferrari,6,0 days 00:01:18.829000,HARD,6,1,TRUE,Monaco,2023,78.829
LEC,Ferrari,7,0 days 00:01:18.645000,HARD,7,1,TRUE,Monaco,2023,78.645
LEC,Ferrari,8,0 days 00:01:19.165000,HARD,8,1,FALSE,Monaco,2023,79.165
LEC,Ferrari,9,0 days 00:01:18.809000,HARD,9,1,FALSE,Monaco,2023,78.809
LEC,Ferrari,10,0 days 00:01:18.219000,HARD,10,1,TRUE,Monaco,2023,78.219
LEC,Ferrari,11,0 days 00:01:18.162000,HARD,11,1,TRUE,Monaco,2023,78.162
LEC,Ferrari,12,0 days 00:01:18.150000,HARD,12,1,TRUE,Monaco,2023,78.15
LEC,Ferrari,13,0 days 00:01:18.018000,HARD,13,1,TRUE,Monaco,2023,78.018
LEC,Ferrari,14,0 days 00:01:18.394000,HARD,14,1,FALSE,Monaco,2023,78.394
LEC,Ferrari,15,0 days 00:01:18.312000,HARD,15,1,FALSE,Monaco,2023,78.312
LEC,Ferrari,16,0 days 00:01:18.316000,HARD,16,1,FALSE,Monaco,2023,78.316
LEC,Ferrari,17,0 days 00:01:18.234000,HARD,17,1,FALSE,Monaco,2023,78.234
LEC,Ferrari,18,0 days 00:01:18.361000,HARD,18,1,FALSE,Monaco,2023,78.361
LEC,Ferrari,19,0 days 00:01:18.190000,HARD,19,1,FALSE,Monaco,2023,78.19
LEC,Ferrari,20,0 days 00:01:18.365000,HARD,20,1,FALSE,Monaco,2023,78.365
LEC,Ferrari,21,0 days 00:01:18.127000,HARD,21,1,FALSE,Monaco,2023,78.127
LEC,Ferrari,22,0 days 00:01:17.886000,HARD,22,1,TRUE,Monaco,2023,77.886
LEC,Ferrari,23,0 days 00:01:17.922000,HARD,23,1,FALSE,Monaco,2023,77.922
LEC,Ferrari,24,0 days 00:01:17.586000,HARD,24,1,TRUE,Monaco,2023,77.586
LEC,Ferrari,25,0 days 00:01:17.619000,HARD,25,1,FALSE,Monaco,2023,77.619
LEC,Ferrari,26,0 days 00:01:17.879000,HARD,26,1,FALSE,Monaco,2023,77.879
LEC,Ferrari,27,0 days 00:01:17.602000,HARD,27,1,FALSE,Monaco,2023,77.602
LEC,Ferrari,28,0 days 00:01:17.480000,HARD,28,1,TRUE,Monaco,2023,77.48
LEC,Ferrari,29,0 days 00:01:17.065000,HARD,29,1,TRUE,Monaco,2023,77.065
LEC,Ferrari,30,0 days 00:01:17.559000,HARD,30,1,FALSE,Monaco,2023,77.559
LEC,Ferrari,31,0 days 00:01:17.876000,HARD,31,1,FALSE,Monaco,2023,77.876
LEC,Ferrari,32,0 days 00:01:17.282000,HARD,32,1,FALSE,Monaco,2023,77.282
LEC,Ferrari,33,0 days 00:01:17.163000,HARD,33,1,FALSE,Monaco,2023,77.163
LEC,Ferrari,34,0 days 00:01:17.461000,HARD,34,1,FALSE,Monaco,2023,77.461
LEC,Ferrari,35,0 days 00:01:17.467000,HARD,35,1,FALSE,Monaco,2023,77.467
LEC,Ferrari,36,0 days 00:01:17.491000,HARD,36,1,FALSE,Monaco,2023,77.491
LEC,Ferrari,37,0 days 00:01:17.361000,HARD,37,1,FALSE,Monaco,2023,77.361
LEC,Ferrari,38,0 days 00:01:17.483000,HARD,38,1,FALSE,Monaco,2023,77.483
LEC,Ferrari,39,0 days 00:01:17.213000,HARD,39,1,FALSE,Monaco,2023,77.213
LEC,Ferrari,40,0 days 00:01:17.237000,HARD,40,1,FALSE,Monaco,2023,77.237
LEC,Ferrari,41,0 days 00:01:18.328000,HARD,41,1,FALSE,Monaco,2023,78.328
LEC,Ferrari,42,0 days 00:01:17.801000,HARD,42,1,FALSE,Monaco,2023,77.801
LEC,Ferrari,43,0 days 00:01:18.451000,HARD,43,1,FALSE,Monaco,2023,78.451
LEC,Ferrari,44,0 days 00:01:35.442000,HARD,44,1,FALSE,Monaco,2023,95.442
LEC,Ferrari,45,0 days 00:01:19.563000,MEDIUM,1,2,FALSE,Monaco,2023,79.563
LEC,Ferrari,46,0 days 00:01:15.773000,MEDIUM,2,2,TRUE,Monaco,2023,75.773
LEC,Ferrari,47,0 days 00:01:16.358000,MEDIUM,3,2,FALSE,Monaco,2023,76.358
LEC,Ferrari,48,0 days 00:01:16.971000,MEDIUM,4,2,FALSE,Monaco,2023,76.971
LEC,Ferrari,49,0 days 00:01:16.283000,MEDIUM,5,2,FALSE,Monaco,2023,76.283
LEC,Ferrari,50,0 days 00:01:15.956000,MEDIUM,6,2,FALSE,Monaco,2023,75.956
LEC,Ferrari,51,0 days 00:01:17.017000,MEDIUM,7,2,FALSE,Monaco,2023,77.017
LEC,Ferrari,52,0 days 00:01:23.243000,MEDIUM,8,2,FALSE,Monaco,2023,83.243
LEC,Ferrari,53,0 days 00:01:33.259000,MEDIUM,9,2,FALSE,Monaco,2023,93.259
LEC,Ferrari,54,0 days 00:01:35.725000,MEDIUM,10,2,FALSE,Monaco,2023,95.725
LEC,Ferrari,55,0 days 00:02:09.246000,MEDIUM,11,2,FALSE,Monaco,2023,129.246
LEC,Ferrari,56,0 days 00:01:43.008000,INTERMEDIATE,1,3,FALSE,Monaco,2023,103.008
LEC,Ferrari,57,0 days 00:01:43.373000,INTERMEDIATE,2,3,FALSE,Monaco,2023,103.373
LEC,Ferrari,58,0 days 00:01:43.473000,INTERMEDIATE,3,3,FALSE,Monaco,2023,103.473
LEC,Ferrari,59,0 days 00:01:42.305000,INTERMEDIATE,4,3,FALSE,Monaco,2023,102.305
LEC,Ferrari,60,0 days 00:01:42.852000,INTERMEDIATE,5,3,FALSE,Monaco,2023,102.852
LEC,Ferrari,61,0 days 00:01:42.262000,INTERMEDIATE,6,3,FALSE,Monaco,2023,102.262
LEC,Ferrari,62,0 days 00:01:41.144000,INTERMEDIATE,7,3,FALSE,Monaco,2023,101.144
LEC,Ferrari,63,0 days 00:01:40.396000,INTERMEDIATE,8,3,FALSE,Monaco,2023,100.396
LEC,Ferrari,64,0 days 00:01:39.223000,INTERMEDIATE,9,3,FALSE,Monaco,2023,99.223
LEC,Ferrari,65,0 days 00:01:38.481000,INTERMEDIATE,10,3,FALSE,Monaco,2023,98.481
LEC,Ferrari,66,0 days 00:01:35.050000,INTERMEDIATE,11,3,FALSE,Monaco,2023,95.05
LEC,Ferrari,67,0 days 00:01:34.515000,INTERMEDIATE,12,3,FALSE,Monaco,2023,94.515
LEC,Ferrari,68,0 days 00:01:33.903000,INTERMEDIATE,13,3,FALSE,Monaco,2023,93.903
LEC,Ferrari,69,0 days 00:01:35.087000,INTERMEDIATE,14,3,FALSE,Monaco,2023,95.087
LEC,Ferrari,70,0 days 00:01:32.309000,INTERMEDIATE,15,3,FALSE,Monaco,2023,92.309
LEC,Ferrari,71,0 days 00:01:30.198000,INTERMEDIATE,16,3,FALSE,Monaco,2023,90.198
LEC,Ferrari,72,0 days 00:01:28.677000,INTERMEDIATE,17,3,FALSE,Monaco,2023,88.677
LEC,Ferrari,73,0 days 00:01:29.177000,INTERMEDIATE,18,3,FALSE,Monaco,2023,89.177
LEC,Ferrari,74,0 days 00:01:27.848000,INTERMEDIATE,19,3,FALSE,Monaco,2023,87.848
LEC,Ferrari,75,0 days 00:01:26.923000,INTERMEDIATE,20,3,FALSE,Monaco,2023,86.923
LEC,Ferrari,76,0 days 00:01:26.435000,INTERMEDIATE,21,3,FALSE,Monaco,2023,86.435
LEC,Ferrari,77,0 days 00:01:25.965000,INTERMEDIATE,22,3,FALSE,Monaco,2023,85.965
LEC,Ferrari,78,0 days 00:01:26.939000,INTERMEDIATE,23,3,FALSE,Monaco,2023,86.939
STR,Aston Martin,1,0 days 00:01:39.562000,HARD,2,1,FALSE,Monaco,2023,99.562
STR,Aston Martin,2,0 days 00:01:19.989000,HARD,3,1,TRUE,Monaco,2023,79.989
STR,Aston Martin,3,0 days 00:01:19.928000,HARD,4,1,TRUE,Monaco,2023,79.928
STR,Aston Martin,4,0 days 00:01:19.998000,HARD,5,1,FALSE,Monaco,2023,79.998
STR,Aston Martin,5,0 days 00:01:20.438000,HARD,6,1,FALSE,Monaco,2023,80.438
STR,Aston Martin,6,0 days 00:01:19.785000,HARD,7,1,TRUE,Monaco,2023,79.785
STR,Aston Martin,7,0 days 00:01:19.417000,HARD,8,1,TRUE,Monaco,2023,79.417
STR,Aston Martin,8,0 days 00:01:18.733000,HARD,9,1,TRUE,Monaco,2023,78.733
STR,Aston Martin,9,0 days 00:01:18.659000,HARD,10,1,TRUE,Monaco,2023,78.659
STR,Aston Martin,10,0 days 00:01:19.893000,HARD,11,1,FALSE,Monaco,2023,79.893
STR,Aston Martin,11,0 days 00:01:19.758000,HARD,12,1,FALSE,Monaco,2023,79.758
STR,Aston Martin,12,0 days 00:01:20.639000,HARD,13,1,FALSE,Monaco,2023,80.639
STR,Aston Martin,13,0 days 00:01:20.847000,HARD,14,1,FALSE,Monaco,2023,80.847
STR,Aston Martin,14,0 days 00:01:20.295000,HARD,15,1,FALSE,Monaco,2023,80.295
STR,Aston Martin,15,0 days 00:01:20.203000,HARD,16,1,FALSE,Monaco,2023,80.203
STR,Aston Martin,16,0 days 00:01:20.545000,HARD,17,1,FALSE,Monaco,2023,80.545
STR,Aston Martin,17,0 days 00:01:21.170000,HARD,18,1,FALSE,Monaco,2023,81.17
STR,Aston Martin,18,0 days 00:01:17.769000,HARD,19,1,TRUE,Monaco,2023,77.769
STR,Aston Martin,19,0 days 00:01:17.915000,HARD,20,1,FALSE,Monaco,2023,77.915
STR,Aston Martin,20,0 days 00:01:18.061000,HARD,21,1,FALSE,Monaco,2023,78.061
STR,Aston Martin,21,0 days 00:01:18.594000,HARD,22,1,FALSE,Monaco,2023,78.594
STR,Aston Martin,22,0 days 00:01:18.548000,HARD,23,1,FALSE,Monaco,2023,78.548
STR,Aston Martin,23,0 days 00:01:18.927000,HARD,24,1,FALSE,Monaco,2023,78.927
STR,Aston Martin,24,0 days 00:01:18.439000,HARD,25,1,FALSE,Monaco,2023,78.439
STR,Aston Martin,25,0 days 00:01:19.058000,HARD,26,1,FALSE,Monaco,2023,79.058
STR,Aston Martin,26,0 days 00:01:18.926000,HARD,27,1,FALSE,Monaco,2023,78.926
STR,Aston Martin,27,0 days 00:01:19.772000,HARD,28,1,FALSE,Monaco,2023,79.772
STR,Aston Martin,28,0 days 00:01:19.860000,HARD,29,1,FALSE,Monaco,2023,79.86
STR,Aston Martin,29,0 days 00:01:19.831000,HARD,30,1,FALSE,Monaco,2023,79.831
STR,Aston Martin,30,0 days 00:01:19.860000,HARD,31,1,FALSE,Monaco,2023,79.86
STR,Aston Martin,31,0 days 00:01:21.753000,HARD,32,1,FALSE,Monaco,2023,81.753
STR,Aston Martin,32,0 days 00:01:19.387000,HARD,33,1,FALSE,Monaco,2023,79.387
STR,Aston Martin,33,0 days 00:01:20.446000,HARD,34,1,FALSE,Monaco,2023,80.446
STR,Aston Martin,34,0 days 00:01:18.583000,HARD,35,1,FALSE,Monaco,2023,78.583
STR,Aston Martin,35,0 days 00:01:21.072000,HARD,36,1,FALSE,Monaco,2023,81.072
STR,Aston Martin,36,0 days 00:01:19.544000,HARD,37,1,FALSE,Monaco,2023,79.544
STR,Aston Martin,37,0 days 00:01:18.760000,HARD,38,1,FALSE,Monaco,2023,78.76
STR,Aston Martin,38,0 days 00:01:18.424000,HARD,39,1,FALSE,Monaco,2023,78.424
STR,Aston Martin,39,0 days 00:01:18.498000,HARD,40,1,FALSE,Monaco,2023,78.498
STR,Aston Martin,40,0 days 00:01:18.498000,HARD,41,1,FALSE,Monaco,2023,78.498
STR,Aston Martin,41,0 days 00:01:18.574000,HARD,42,1,FALSE,Monaco,2023,78.574
STR,Aston Martin,42,0 days 00:01:18.732000,HARD,43,1,FALSE,Monaco,2023,78.732
STR,Aston Martin,43,0 days 00:01:18.898000,HARD,44,1,FALSE,Monaco,2023,78.898
STR,Aston Martin,44,0 days 00:01:18.533000,HARD,45,1,FALSE,Monaco,2023,78.533
STR,Aston Martin,45,0 days 00:01:18.374000,HARD,46,1,FALSE,Monaco,2023,78.374
STR,Aston Martin,46,0 days 00:01:18.723000,HARD,47,1,FALSE,Monaco,2023,78.723
STR,Aston Martin,47,0 days 00:01:19.033000,HARD,48,1,FALSE,Monaco,2023,79.033
STR,Aston Martin,48,0 days 00:01:18.573000,HARD,49,1,FALSE,Monaco,2023,78.573
STR,Aston Martin,49,0 days 00:01:18.418000,HARD,50,1,FALSE,Monaco,2023,78.418
STR,Aston Martin,50,0 days 00:01:20.218000,HARD,51,1,FALSE,Monaco,2023,80.218
STR,Aston Martin,51,0 days 00:01:44.501000,HARD,52,1,FALSE,Monaco,2023,104.501
STR,Aston Martin,52,0 days 00:01:32.189000,INTERMEDIATE,1,2,FALSE,Monaco,2023,92.189
STR,Aston Martin,53,0 days 00:01:36.321000,INTERMEDIATE,2,2,FALSE,Monaco,2023,96.321
STR,Aston Martin,54,,INTERMEDIATE,3,2,,Monaco,2023,
SAR,Williams,1,0 days 00:01:37.689000,MEDIUM,1,1,FALSE,Monaco,2023,97.689
SAR,Williams,2,0 days 00:01:19.658000,MEDIUM,2,1,TRUE,Monaco,2023,79.658
SAR,Williams,3,0 days 00:01:20.219000,MEDIUM,3,1,FALSE,Monaco,2023,80.219
SAR,Williams,4,0 days 00:01:20.246000,MEDIUM,4,1,FALSE,Monaco,2023,80.246
SAR,Williams,5,0 days 00:01:20.214000,MEDIUM,5,1,FALSE,Monaco,2023,80.214
SAR,Williams,6,0 days 00:01:19.312000,MEDIUM,6,1,TRUE,Monaco,2023,79.312
SAR,Williams,7,0 days 00:01:19.239000,MEDIUM,7,1,TRUE,Monaco,2023,79.239
SAR,Williams,8,0 days 00:01:18.947000,MEDIUM,8,1,TRUE,Monaco,2023,78.947
SAR,Williams,9,0 days 00:01:19.529000,MEDIUM,9,1,FALSE,Monaco,2023,79.529
SAR,Williams,10,0 days 00:01:20.334000,MEDIUM,10,1,FALSE,Monaco,2023,80.334
SAR,Williams,11,0 days 00:01:20.089000,MEDIUM,11,1,FALSE,Monaco,2023,80.089
SAR,Williams,12,0 days 00:01:20.638000,MEDIUM,12,1,FALSE,Monaco,2023,80.638
SAR,Williams,13,0 days 00:01:20.702000,MEDIUM,13,1,FALSE,Monaco,2023,80.702
SAR,Williams,14,0 days 00:01:20.318000,MEDIUM,14,1,FALSE,Monaco,2023,80.318
SAR,Williams,15,0 days 00:01:20.280000,MEDIUM,15,1,FALSE,Monaco,2023,80.28
SAR,Williams,16,0 days 00:01:20.471000,MEDIUM,16,1,FALSE,Monaco,2023,80.471
SAR,Williams,17,0 days 00:01:23.236000,MEDIUM,17,1,FALSE,Monaco,2023,83.236
SAR,Williams,18,0 days 00:01:21.410000,MEDIUM,18,1,FALSE,Monaco,2023,81.41
SAR,Williams,19,0 days 00:01:22.328000,MEDIUM,19,1,FALSE,Monaco,2023,82.328
SAR,Williams,20,0 days 00:01:37.211000,MEDIUM,20,1,FALSE,Monaco,2023,97.211
SAR,Williams,21,0 days 00:01:21.646000,HARD,1,2,FALSE,Monaco,2023,81.646
SAR,Williams,22,0 days 00:01:17.483000,HARD,2,2,TRUE,Monaco,2023,77.483
SAR,Williams,23,0 days 00:01:38.195000,HARD,3,2,FALSE,Monaco,2023,98.195
SAR,Williams,24,0 days 00:01:20.682000,SOFT,1,3,FALSE,Monaco,2023,80.682
SAR,Williams,25,0 days 00:01:17.894000,SOFT,2,3,FALSE,Monaco,2023,77.894
SAR,Williams,26,0 days 00:01:18.033000,SOFT,3,3,FALSE,Monaco,2023,78.033
SAR,Williams,27,0 days 00:01:17.875000,SOFT,4,3,FALSE,Monaco,2023,77.875
SAR,Williams,28,0 days 00:01:17.740000,SOFT,5,3,FALSE,Monaco,2023,77.74
SAR,Williams,29,0 days 00:01:17.753000,SOFT,6,3,FALSE,Monaco,2023,77.753
SAR,Williams,30,0 days 00:01:17.535000,SOFT,7,3,FALSE,Monaco,2023,77.535
SAR,Williams,31,0 days 00:01:17.493000,SOFT,8,3,FALSE,Monaco,2023,77.493
SAR,Williams,32,0 days 00:01:17.302000,SOFT,9,3,TRUE,Monaco,2023,77.302
SAR,Williams,33,0 days 00:01:17.344000,SOFT,10,3,FALSE,Monaco,2023,77.344
SAR,Williams,34,0 days 00:01:17.666000,SOFT,11,3,FALSE,Monaco,2023,77.666
SAR,Williams,35,0 days 00:01:18.638000,SOFT,12,3,FALSE,Monaco,2023,78.638
SAR,Williams,36,0 days 00:01:17.372000,SOFT,13,3,FALSE,Monaco,2023,77.372
SAR,Williams,37,0 days 00:01:17.383000,SOFT,14,3,FALSE,Monaco,2023,77.383
SAR,Williams,38,0 days 00:01:20.017000,SOFT,15,3,FALSE,Monaco,2023,80.017
SAR,Williams,39,0 days 00:01:21.035000,SOFT,16,3,FALSE,Monaco,2023,81.035
SAR,Williams,40,0 days 00:01:19.469000,SOFT,17,3,FALSE,Monaco,2023,79.469
SAR,Williams,41,0 days 00:01:18.519000,SOFT,18,3,FALSE,Monaco,2023,78.519
SAR,Williams,42,0 days 00:01:18.625000,SOFT,19,3,FALSE,Monaco,2023,78.625
SAR,Williams,43,0 days 00:01:18.773000,SOFT,20,3,FALSE,Monaco,2023,78.773
SAR,Williams,44,0 days 00:01:22.125000,SOFT,21,3,FALSE,Monaco,2023,82.125
SAR,Williams,45,0 days 00:01:19.618000,SOFT,22,3,FALSE,Monaco,2023,79.618
SAR,Williams,46,0 days 00:01:19.028000,SOFT,23,3,FALSE,Monaco,2023,79.028
SAR,Williams,47,0 days 00:01:18.910000,SOFT,24,3,FALSE,Monaco,2023,78.91
SAR,Williams,48,0 days 00:01:19.212000,SOFT,25,3,FALSE,Monaco,2023,79.212
SAR,Williams,49,0 days 00:01:22.128000,SOFT,26,3,FALSE,Monaco,2023,82.128
SAR,Williams,50,0 days 00:01:23.120000,SOFT,27,3,FALSE,Monaco,2023,83.12
SAR,Williams,51,0 days 00:01:32.385000,SOFT,28,3,FALSE,Monaco,2023,92.385
SAR,Williams,52,0 days 00:01:57.918000,SOFT,29,3,FALSE,Monaco,2023,117.918
SAR,Williams,53,0 days 00:01:42.041000,INTERMEDIATE,1,4,FALSE,Monaco,2023,102.041
SAR,Williams,54,0 days 00:01:38.806000,INTERMEDIATE,2,4,FALSE,Monaco,2023,98.806
SAR,Williams,55,0 days 00:01:41.078000,INTERMEDIATE,3,4,FALSE,Monaco,2023,101.078
SAR,Williams,56,0 days 00:01:42.285000,INTERMEDIATE,4,4,FALSE,Monaco,2023,102.285
SAR,Williams,57,0 days 00:01:58.063000,INTERMEDIATE,5,4,FALSE,Monaco,2023,118.063
SAR,Williams,58,0 days 00:01:42.599000,INTERMEDIATE,6,4,FALSE,Monaco,2023,102.599
SAR,Williams,59,0 days 00:01:43.687000,INTERMEDIATE,7,4,FALSE,Monaco,2023,103.687
SAR,Williams,60,0 days 00:01:42.558000,INTERMEDIATE,8,4,FALSE,Monaco,2023,102.558
SAR,Williams,61,0 days 00:01:40.969000,INTERMEDIATE,9,4,FALSE,Monaco,2023,100.969
SAR,Williams,62,0 days 00:01:39.586000,INTERMEDIATE,10,4,FALSE,Monaco,2023,99.586
SAR,Williams,63,0 days 00:01:43.289000,INTERMEDIATE,11,4,FALSE,Monaco,2023,103.289
SAR,Williams,64,0 days 00:01:38.302000,INTERMEDIATE,12,4,FALSE,Monaco,2023,98.302
SAR,Williams,65,0 days 00:01:38.073000,INTERMEDIATE,13,4,FALSE,Monaco,2023,98.073
SAR,Williams,66,0 days 00:01:36.293000,INTERMEDIATE,14,4,FALSE,Monaco,2023,96.293
SAR,Williams,67,0 days 00:01:39.467000,INTERMEDIATE,15,4,FALSE,Monaco,2023,99.467
SAR,Williams,68,0 days 00:01:31.921000,INTERMEDIATE,16,4,FALSE,Monaco,2023,91.921
SAR,Williams,69,0 days 00:01:33.193000,INTERMEDIATE,17,4,FALSE,Monaco,2023,93.193
SAR,Williams,70,0 days 00:01:58.263000,INTERMEDIATE,18,4,FALSE,Monaco,2023,118.263
SAR,Williams,71,0 days 00:01:29.015000,INTERMEDIATE,19,4,FALSE,Monaco,2023,89.015
SAR,Williams,72,0 days 00:01:32.354000,INTERMEDIATE,20,4,FALSE,Monaco,2023,92.354
SAR,Williams,73,0 days 00:01:27.137000,INTERMEDIATE,21,4,FALSE,Monaco,2023,87.137
SAR,Williams,74,0 days 00:01:27.954000,INTERMEDIATE,22,4,FALSE,Monaco,2023,87.954
SAR,Williams,75,0 days 00:01:27.968000,INTERMEDIATE,23,4,FALSE,Monaco,2023,87.968
SAR,Williams,76,0 days 00:01:29.076000,INTERMEDIATE,24,4,FALSE,Monaco,2023,89.076
MAG,Haas F1 Team,1,0 days 00:01:38.425000,HARD,1,1,FALSE,Monaco,2023,98.425
MAG,Haas F1 Team,2,0 days 00:01:20.175000,HARD,2,1,TRUE,Monaco,2023,80.175
MAG,Haas F1 Team,3,0 days 00:01:19.929000,HARD,3,1,TRUE,Monaco,2023,79.929
MAG,Haas F1 Team,4,0 days 00:01:20.407000,HARD,4,1,FALSE,Monaco,2023,80.407
MAG,Haas F1 Team,5,0 days 00:01:20.224000,HARD,5,1,FALSE,Monaco,2023,80.224
MAG,Haas F1 Team,6,0 days 00:01:19.352000,HARD,6,1,TRUE,Monaco,2023,79.352
MAG,Haas F1 Team,7,0 days 00:01:19.512000,HARD,7,1,FALSE,Monaco,2023,79.512
MAG,Haas F1 Team,8,0 days 00:01:19.052000,HARD,8,1,TRUE,Monaco,2023,79.052
MAG,Haas F1 Team,9,0 days 00:01:18.914000,HARD,9,1,TRUE,Monaco,2023,78.914
MAG,Haas F1 Team,10,0 days 00:01:19.929000,HARD,10,1,FALSE,Monaco,2023,79.929
MAG,Haas F1 Team,11,0 days 00:01:19.824000,HARD,11,1,FALSE,Monaco,2023,79.824
MAG,Haas F1 Team,12,0 days 00:01:20.487000,HARD,12,1,FALSE,Monaco,2023,80.487
MAG,Haas F1 Team,13,0 days 00:01:20.886000,HARD,13,1,FALSE,Monaco,2023,80.886
MAG,Haas F1 Team,14,0 days 00:01:20.328000,HARD,14,1,FALSE,Monaco,2023,80.328
MAG,Haas F1 Team,15,0 days 00:01:20.287000,HARD,15,1,FALSE,Monaco,2023,80.287
MAG,Haas F1 Team,16,0 days 00:01:20.464000,HARD,16,1,FALSE,Monaco,2023,80.464
MAG,Haas F1 Team,17,0 days 00:01:19.206000,HARD,17,1,FALSE,Monaco,2023,79.206
MAG,Haas F1 Team,18,0 days 00:01:18.727000,HARD,18,1,TRUE,Monaco,2023,78.727
MAG,Haas F1 Team,19,0 days 00:01:18.445000,HARD,19,1,TRUE,Monaco,2023,78.445
MAG,Haas F1 Team,20,0 days 00:01:18.354000,HARD,20,1,TRUE,Monaco,2023,78.354
MAG,Haas F1 Team,21,0 days 00:01:18.800000,HARD,21,1,FALSE,Monaco,2023,78.8
MAG,Haas F1 Team,22,0 days 00:01:18.767000,HARD,22,1,FALSE,Monaco,2023,78.767
MAG,Haas F1 Team,23,0 days 00:01:18.926000,HARD,23,1,FALSE,Monaco,2023,78.926
MAG,Haas F1 Team,24,0 days 00:01:18.497000,HARD,24,1,FALSE,Monaco,2023,78.497
MAG,Haas F1 Team,25,0 days 00:01:18.694000,HARD,25,1,FALSE,Monaco,2023,78.694
MAG,Haas F1 Team,26,0 days 00:01:19.023000,HARD,26,1,FALSE,Monaco,2023,79.023
MAG,Haas F1 Team,27,0 days 00:01:19.849000,HARD,27,1,FALSE,Monaco,2023,79.849
MAG,Haas F1 Team,28,0 days 00:01:19.768000,HARD,28,1,FALSE,Monaco,2023,79.768
MAG,Haas F1 Team,29,0 days 00:01:19.910000,HARD,29,1,FALSE,Monaco,2023,79.91
MAG,Haas F1 Team,30,0 days 00:01:19.753000,HARD,30,1,FALSE,Monaco,2023,79.753
MAG,Haas F1 Team,31,0 days 00:01:19.276000,HARD,31,1,FALSE,Monaco,2023,79.276
MAG,Haas F1 Team,32,0 days 00:01:21.543000,HARD,32,1,FALSE,Monaco,2023,81.543
MAG,Haas F1 Team,33,0 days 00:01:20.882000,HARD,33,1,FALSE,Monaco,2023,80.882
MAG,Haas F1 Team,34,0 days 00:01:18.747000,HARD,34,1,FALSE,Monaco,2023,78.747
MAG,Haas F1 Team,35,0 days 00:01:19.274000,HARD,35,1,FALSE,Monaco,2023,79.274
MAG,Haas F1 Team,36,0 days 00:01:20.942000,HARD,36,1,FALSE,Monaco,2023,80.942
MAG,Haas F1 Team,37,0 days 00:01:18.849000,HARD,37,1,FALSE,Monaco,2023,78.849
MAG,Haas F1 Team,38,0 days 00:01:18.498000,HARD,38,1,FALSE,Monaco,2023,78.498
MAG,Haas F1 Team,39,0 days 00:01:18.634000,HARD,39,1,FALSE,Monaco,2023,78.634
MAG,Haas F1 Team,40,0 days 00:01:18.508000,HARD,40,1,FALSE,Monaco,2023,78.508
MAG,Haas F1 Team,41,0 days 00:01:18.351000,HARD,41,1,TRUE,Monaco,2023,78.351
MAG,Haas F1 Team,42,0 days 00:01:18.630000,HARD,42,1,FALSE,Monaco,2023,78.63
MAG,Haas F1 Team,43,0 days 00:01:18.522000,HARD,43,1,FALSE,Monaco,2023,78.522
MAG,Haas F1 Team,44,0 days 00:01:18.447000,HARD,44,1,FALSE,Monaco,2023,78.447
MAG,Haas F1 Team,45,0 days 00:01:18.920000,HARD,45,1,FALSE,Monaco,2023,78.92
MAG,Haas F1 Team,46,0 days 00:01:18.384000,HARD,46,1,FALSE,Monaco,2023,78.384
MAG,Haas F1 Team,47,0 days 00:01:18.685000,HARD,47,1,FALSE,Monaco,2023,78.685
MAG,Haas F1 Team,48,0 days 00:01:18.745000,HARD,48,1,FALSE,Monaco,2023,78.745
MAG,Haas F1 Team,49,0 days 00:01:18.854000,HARD,49,1,FALSE,Monaco,2023,78.854
MAG,Haas F1 Team,50,0 days 00:01:20.301000,HARD,50,1,FALSE,Monaco,2023,80.301
MAG,Haas F1 Team,51,0 days 00:01:25.595000,HARD,51,1,FALSE,Monaco,2023,85.595
MAG,Haas F1 Team,52,0 days 00:01:30.696000,HARD,52,1,FALSE,Monaco,2023,90.696
MAG,Haas F1 Team,53,0 days 00:01:38.955000,HARD,53,1,FALSE,Monaco,2023,98.955
MAG,Haas F1 Team,54,0 days 00:01:50.776000,HARD,54,1,FALSE,Monaco,2023,110.776
MAG,Haas F1 Team,55,0 days 00:02:07.055000,HARD,55,1,FALSE,Monaco,2023,127.055
MAG,Haas F1 Team,56,,HARD,56,1,FALSE,Monaco,2023,
MAG,Haas F1 Team,57,0 days 00:01:48.018000,WET,1,2,FALSE,Monaco,2023,108.018
MAG,Haas F1 Team,58,0 days 00:02:26.648000,WET,2,2,FALSE,Monaco,2023,146.648
MAG,Haas F1 Team,59,0 days 00:01:43.755000,WET,3,2,FALSE,Monaco,2023,103.755
MAG,Haas F1 Team,60,0 days 00:01:40.559000,WET,4,2,FALSE,Monaco,2023,100.559
MAG,Haas F1 Team,61,0 days 00:01:41.219000,WET,5,2,FALSE,Monaco,2023,101.219
MAG,Haas F1 Team,62,0 days 00:01:39.789000,WET,6,2,FALSE,Monaco,2023,99.789
MAG,Haas F1 Team,63,0 days 00:01:40.016000,WET,7,2,FALSE,Monaco,2023,100.016
MAG,Haas F1 Team,64,0 days 00:01:39.995000,WET,8,2,FALSE,Monaco,2023,99.995
MAG,Haas F1 Team,65,0 days 00:01:40.703000,WET,9,2,FALSE,Monaco,2023,100.703
MAG,Haas F1 Team,66,0 days 00:01:37.778000,WET,10,2,FALSE,Monaco,2023,97.778
MAG,Haas F1 Team,67,0 days 00:01:40.088000,WET,11,2,FALSE,Monaco,2023,100.088
MAG,Haas F1 Team,68,0 days 00:01:43.925000,WET,12,2,FALSE,Monaco,2023,103.925
MAG,Haas F1 Team,69,0 days 00:01:39.407000,WET,13,2,FALSE,Monaco,2023,99.407
MAG,Haas F1 Team,70,0 days 00:01:41.853000,WET,14,2,FALSE,Monaco,2023,101.853
MAG,Haas F1 Team,71,,WET,15,2,FALSE,Monaco,2023,
DEV,AlphaTauri,1,0 days 00:01:33.449000,MEDIUM,1,1,FALSE,Monaco,2023,93.449
DEV,AlphaTauri,2,0 days 00:01:21.764000,MEDIUM,2,1,TRUE,Monaco,2023,81.764
DEV,AlphaTauri,3,0 days 00:01:20.580000,MEDIUM,3,1,TRUE,Monaco,2023,80.58
DEV,AlphaTauri,4,0 days 00:01:20.376000,MEDIUM,4,1,TRUE,Monaco,2023,80.376
DEV,AlphaTauri,5,0 days 00:01:19.790000,MEDIUM,5,1,TRUE,Monaco,2023,79.79
DEV,AlphaTauri,6,0 days 00:01:19.224000,MEDIUM,6,1,TRUE,Monaco,2023,79.224
DEV,AlphaTauri,7,0 days 00:01:19.038000,MEDIUM,7,1,TRUE,Monaco,2023,79.038
DEV,AlphaTauri,8,0 days 00:01:18.743000,MEDIUM,8,1,TRUE,Monaco,2023,78.743
DEV,AlphaTauri,9,0 days 00:01:19.454000,MEDIUM,9,1,FALSE,Monaco,2023,79.454
DEV,AlphaTauri,10,0 days 00:01:18.957000,MEDIUM,10,1,FALSE,Monaco,2023,78.957
DEV,AlphaTauri,11,0 days 00:01:19.070000,MEDIUM,11,1,FALSE,Monaco,2023,79.07
DEV,AlphaTauri,12,0 days 00:01:20.182000,MEDIUM,12,1,FALSE,Monaco,2023,80.182
DEV,AlphaTauri,13,0 days 00:01:19.419000,MEDIUM,13,1,FALSE,Monaco,2023,79.419
DEV,AlphaTauri,14,0 days 00:01:19.479000,MEDIUM,14,1,FALSE,Monaco,2023,79.479
DEV,AlphaTauri,15,0 days 00:01:19.081000,MEDIUM,15,1,FALSE,Monaco,2023,79.081
DEV,AlphaTauri,16,0 days 00:01:19.004000,MEDIUM,16,1,FALSE,Monaco,2023,79.004
DEV,AlphaTauri,17,0 days 00:01:19.182000,MEDIUM,17,1,FALSE,Monaco,2023,79.182
DEV,AlphaTauri,18,0 days 00:01:19.281000,MEDIUM,18,1,FALSE,Monaco,2023,79.281
DEV,AlphaTauri,19,0 days 00:01:19.234000,MEDIUM,19,1,FALSE,Monaco,2023,79.234
DEV,AlphaTauri,20,0 days 00:01:19.188000,MEDIUM,20,1,FALSE,Monaco,2023,79.188
DEV,AlphaTauri,21,0 days 00:01:19.398000,MEDIUM,21,1,FALSE,Monaco,2023,79.398
DEV,AlphaTauri,22,0 days 00:01:19.578000,MEDIUM,22,1,FALSE,Monaco,2023,79.578
DEV,AlphaTauri,23,0 days 00:01:19.699000,MEDIUM,23,1,FALSE,Monaco,2023,79.699
DEV,AlphaTauri,24,0 days 00:01:20.198000,MEDIUM,24,1,FALSE,Monaco,2023,80.198
DEV,AlphaTauri,25,0 days 00:01:20.132000,MEDIUM,25,1,FALSE,Monaco,2023,80.132
DEV,AlphaTauri,26,0 days 00:01:20.163000,MEDIUM,26,1,FALSE,Monaco,2023,80.163
DEV,AlphaTauri,27,0 days 00:01:20.154000,MEDIUM,27,1,FALSE,Monaco,2023,80.154
DEV,AlphaTauri,28,0 days 00:01:19.973000,MEDIUM,28,1,FALSE,Monaco,2023,79.973
DEV,AlphaTauri,29,0 days 00:01:20.009000,MEDIUM,29,1,FALSE,Monaco,2023,80.009
DEV,AlphaTauri,30,0 days 00:01:19.267000,MEDIUM,30,1,FALSE,Monaco,2023,79.267
DEV,AlphaTauri,31,0 days 00:01:19.067000,MEDIUM,31,1,FALSE,Monaco,2023,79.067
DEV,AlphaTauri,32,0 days 00:01:18.941000,MEDIUM,32,1,FALSE,Monaco,2023,78.941
DEV,AlphaTauri,33,0 days 00:01:19.071000,MEDIUM,33,1,FALSE,Monaco,2023,79.071
DEV,AlphaTauri,34,0 days 00:01:19.328000,MEDIUM,34,1,FALSE,Monaco,2023,79.328
DEV,AlphaTauri,35,0 days 00:01:20.911000,MEDIUM,35,1,FALSE,Monaco,2023,80.911
DEV,AlphaTauri,36,0 days 00:01:19.072000,MEDIUM,36,1,FALSE,Monaco,2023,79.072
DEV,AlphaTauri,37,0 days 00:01:19.096000,MEDIUM,37,1,FALSE,Monaco,2023,79.096
DEV,AlphaTauri,38,0 days 00:01:18.750000,MEDIUM,38,1,FALSE,Monaco,2023,78.75
DEV,AlphaTauri,39,0 days 00:01:20.380000,MEDIUM,39,1,FALSE,Monaco,2023,80.38
DEV,AlphaTauri,40,0 days 00:01:18.413000,MEDIUM,40,1,TRUE,Monaco,2023,78.413
DEV,AlphaTauri,41,0 days 00:01:18.207000,MEDIUM,41,1,TRUE,Monaco,2023,78.207
DEV,AlphaTauri,42,0 days 00:01:17.814000,MEDIUM,42,1,TRUE,Monaco,2023,77.814
DEV,AlphaTauri,43,0 days 00:01:17.561000,MEDIUM,43,1,TRUE,Monaco,2023,77.561
DEV,AlphaTauri,44,0 days 00:01:17.646000,MEDIUM,44,1,FALSE,Monaco,2023,77.646
DEV,AlphaTauri,45,0 days 00:01:17.746000,MEDIUM,45,1,FALSE,Monaco,2023,77.746
DEV,AlphaTauri,46,0 days 00:01:17.785000,MEDIUM,46,1,FALSE,Monaco,2023,77.785
DEV,AlphaTauri,47,0 days 00:01:17.579000,MEDIUM,47,1,FALSE,Monaco,2023,77.579
DEV,AlphaTauri,48,0 days 00:01:17.608000,MEDIUM,48,1,FALSE,Monaco,2023,77.608
DEV,AlphaTauri,49,0 days 00:01:18.016000,MEDIUM,49,1,FALSE,Monaco,2023,78.016
DEV,AlphaTauri,50,0 days 00:01:18.497000,MEDIUM,50,1,FALSE,Monaco,2023,78.497
DEV,AlphaTauri,51,0 days 00:01:24.546000,MEDIUM,51,1,FALSE,Monaco,2023,84.546
DEV,AlphaTauri,52,0 days 00:01:29.326000,MEDIUM,52,1,FALSE,Monaco,2023,89.326
DEV,AlphaTauri,53,0 days 00:01:58.795000,MEDIUM,53,1,FALSE,Monaco,2023,118.795
DEV,AlphaTauri,54,0 days 00:01:47.858000,INTERMEDIATE,1,2,FALSE,Monaco,2023,107.858
DEV,AlphaTauri,55,0 days 00:01:48.770000,INTERMEDIATE,2,2,FALSE,Monaco,2023,108.77
DEV,AlphaTauri,56,0 days 00:01:44.129000,INTERMEDIATE,3,2,FALSE,Monaco,2023,104.129
DEV,AlphaTauri,57,0 days 00:01:46.026000,INTERMEDIATE,4,2,FALSE,Monaco,2023,106.026
DEV,AlphaTauri,58,0 days 00:01:43.778000,INTERMEDIATE,5,2,FALSE,Monaco,2023,103.778
DEV,AlphaTauri,59,0 days 00:01:44.385000,INTERMEDIATE,6,2,FALSE,Monaco,2023,104.385
DEV,AlphaTauri,60,0 days 00:01:42.056000,INTERMEDIATE,7,2,FALSE,Monaco,2023,102.056
DEV,AlphaTauri,61,0 days 00:01:41.415000,INTERMEDIATE,8,2,FALSE,Monaco,2023,101.415
DEV,AlphaTauri,62,0 days 00:01:40.276000,INTERMEDIATE,9,2,FALSE,Monaco,2023,100.276
DEV,AlphaTauri,63,0 days 00:01:40.486000,INTERMEDIATE,10,2,FALSE,Monaco,2023,100.486
DEV,AlphaTauri,64,0 days 00:01:38.636000,INTERMEDIATE,11,2,FALSE,Monaco,2023,98.636
DEV,AlphaTauri,65,0 days 00:01:36.475000,INTERMEDIATE,12,2,FALSE,Monaco,2023,96.475
DEV,AlphaTauri,66,0 days 00:01:35.654000,INTERMEDIATE,13,2,FALSE,Monaco,2023,95.654
DEV,AlphaTauri,67,0 days 00:01:34.011000,INTERMEDIATE,14,2,FALSE,Monaco,2023,94.011
DEV,AlphaTauri,68,0 days 00:01:39.526000,INTERMEDIATE,15,2,FALSE,Monaco,2023,99.526
DEV,AlphaTauri,69,0 days 00:01:31.939000,INTERMEDIATE,16,2,FALSE,Monaco,2023,91.939
DEV,AlphaTauri,70,0 days 00:01:31.636000,INTERMEDIATE,17,2,FALSE,Monaco,2023,91.636
DEV,AlphaTauri,71,0 days 00:01:30.107000,INTERMEDIATE,18,2,FALSE,Monaco,2023,90.107
DEV,AlphaTauri,72,0 days 00:01:30.085000,INTERMEDIATE,19,2,FALSE,Monaco,2023,90.085
DEV,AlphaTauri,73,0 days 00:01:27.595000,INTERMEDIATE,20,2,FALSE,Monaco,2023,87.595
DEV,AlphaTauri,74,0 days 00:01:26.478000,INTERMEDIATE,21,2,FALSE,Monaco,2023,86.478
DEV,AlphaTauri,75,0 days 00:01:26.435000,INTERMEDIATE,22,2,FALSE,Monaco,2023,86.435
DEV,AlphaTauri,76,0 days 00:01:26.282000,INTERMEDIATE,23,2,FALSE,Monaco,2023,86.282
DEV,AlphaTauri,77,0 days 00:01:28.038000,INTERMEDIATE,24,2,FALSE,Monaco,2023,88.038
TSU,AlphaTauri,1,0 days 00:01:31.317000,MEDIUM,1,1,FALSE,Monaco,2023,91.317
TSU,AlphaTauri,2,0 days 00:01:21.288000,MEDIUM,2,1,TRUE,Monaco,2023,81.288
TSU,AlphaTauri,3,0 days 00:01:20.281000,MEDIUM,3,1,TRUE,Monaco,2023,80.281
TSU,AlphaTauri,4,0 days 00:01:20.032000,MEDIUM,4,1,TRUE,Monaco,2023,80.032
TSU,AlphaTauri,5,0 days 00:01:19.296000,MEDIUM,5,1,TRUE,Monaco,2023,79.296
TSU,AlphaTauri,6,0 days 00:01:18.730000,MEDIUM,6,1,TRUE,Monaco,2023,78.73
TSU,AlphaTauri,7,0 days 00:01:18.712000,MEDIUM,7,1,TRUE,Monaco,2023,78.712
TSU,AlphaTauri,8,0 days 00:01:18.951000,MEDIUM,8,1,FALSE,Monaco,2023,78.951
TSU,AlphaTauri,9,0 days 00:01:18.859000,MEDIUM,9,1,FALSE,Monaco,2023,78.859
TSU,AlphaTauri,10,0 days 00:01:18.697000,MEDIUM,10,1,TRUE,Monaco,2023,78.697
TSU,AlphaTauri,11,0 days 00:01:19.297000,MEDIUM,11,1,FALSE,Monaco,2023,79.297
TSU,AlphaTauri,12,0 days 00:01:19.627000,MEDIUM,12,1,FALSE,Monaco,2023,79.627
TSU,AlphaTauri,13,0 days 00:01:18.800000,MEDIUM,13,1,FALSE,Monaco,2023,78.8
TSU,AlphaTauri,14,0 days 00:01:18.481000,MEDIUM,14,1,TRUE,Monaco,2023,78.481
TSU,AlphaTauri,15,0 days 00:01:18.439000,MEDIUM,15,1,TRUE,Monaco,2023,78.439
TSU,AlphaTauri,16,0 days 00:01:18.246000,MEDIUM,16,1,TRUE,Monaco,2023,78.246
TSU,AlphaTauri,17,0 days 00:01:18.368000,MEDIUM,17,1,FALSE,Monaco,2023,78.368
TSU,AlphaTauri,18,0 days 00:01:19.026000,MEDIUM,18,1,FALSE,Monaco,2023,79.026
TSU,AlphaTauri,19,0 days 00:01:18.567000,MEDIUM,19,1,FALSE,Monaco,2023,78.567
TSU,AlphaTauri,20,0 days 00:01:19.131000,MEDIUM,20,1,FALSE,Monaco,2023,79.131
TSU,AlphaTauri,21,0 days 00:01:19.260000,MEDIUM,21,1,FALSE,Monaco,2023,79.26
TSU,AlphaTauri,22,0 days 00:01:19.152000,MEDIUM,22,1,FALSE,Monaco,2023,79.152
TSU,AlphaTauri,23,0 days 00:01:19.239000,MEDIUM,23,1,FALSE,Monaco,2023,79.239
TSU,AlphaTauri,24,0 days 00:01:19.314000,MEDIUM,24,1,FALSE,Monaco,2023,79.314
TSU,AlphaTauri,25,0 days 00:01:19.335000,MEDIUM,25,1,FALSE,Monaco,2023,79.335
TSU,AlphaTauri,26,0 days 00:01:19.272000,MEDIUM,26,1,FALSE,Monaco,2023,79.272
TSU,AlphaTauri,27,0 days 00:01:18.465000,MEDIUM,27,1,FALSE,Monaco,2023,78.465
TSU,AlphaTauri,28,0 days 00:01:18.369000,MEDIUM,28,1,FALSE,Monaco,2023,78.369
TSU,AlphaTauri,29,0 days 00:01:18.200000,MEDIUM,29,1,TRUE,Monaco,2023,78.2
TSU,AlphaTauri,30,0 days 00:01:18.335000,MEDIUM,30,1,FALSE,Monaco,2023,78.335
TSU,AlphaTauri,31,0 days 00:01:18.463000,MEDIUM,31,1,FALSE,Monaco,2023,78.463
TSU,AlphaTauri,32,0 days 00:01:18.519000,MEDIUM,32,1,FALSE,Monaco,2023,78.519
TSU,AlphaTauri,33,0 days 00:01:18.457000,MEDIUM,33,1,FALSE,Monaco,2023,78.457
TSU,AlphaTauri,34,0 days 00:01:18.039000,MEDIUM,34,1,TRUE,Monaco,2023,78.039
TSU,AlphaTauri,35,0 days 00:01:17.750000,MEDIUM,35,1,TRUE,Monaco,2023,77.75
TSU,AlphaTauri,36,0 days 00:01:17.680000,MEDIUM,36,1,TRUE,Monaco,2023,77.68
TSU,AlphaTauri,37,0 days 00:01:17.992000,MEDIUM,37,1,FALSE,Monaco,2023,77.992
TSU,AlphaTauri,38,0 days 00:01:18.195000,MEDIUM,38,1,FALSE,Monaco,2023,78.195
TSU,AlphaTauri,39,0 days 00:01:18.338000,MEDIUM,39,1,FALSE,Monaco,2023,78.338
TSU,AlphaTauri,40,0 days 00:01:18.328000,MEDIUM,40,1,FALSE,Monaco,2023,78.328
TSU,AlphaTauri,41,0 days 00:01:18.074000,MEDIUM,41,1,FALSE,Monaco,2023,78.074
TSU,AlphaTauri,42,0 days 00:01:18.189000,MEDIUM,42,1,FALSE,Monaco,2023,78.189
TSU,AlphaTauri,43,0 days 00:01:18.046000,MEDIUM,43,1,FALSE,Monaco,2023,78.046
TSU,AlphaTauri,44,0 days 00:01:18,MEDIUM,44,1,FALSE,Monaco,2023,78
TSU,AlphaTauri,45,0 days 00:01:17.879000,MEDIUM,45,1,FALSE,Monaco,2023,77.879
TSU,AlphaTauri,46,0 days 00:01:17.956000,MEDIUM,46,1,FALSE,Monaco,2023,77.956
TSU,AlphaTauri,47,0 days 00:01:18.169000,MEDIUM,47,1,FALSE,Monaco,2023,78.169
TSU,AlphaTauri,48,0 days 00:01:18.098000,MEDIUM,48,1,FALSE,Monaco,2023,78.098
TSU,AlphaTauri,49,0 days 00:01:18.320000,MEDIUM,49,1,FALSE,Monaco,2023,78.32
TSU,AlphaTauri,50,0 days 00:01:18.640000,MEDIUM,50,1,FALSE,Monaco,2023,78.64
TSU,AlphaTauri,51,0 days 00:01:23.804000,MEDIUM,51,1,FALSE,Monaco,2023,83.804
TSU,AlphaTauri,52,0 days 00:01:32.268000,MEDIUM,52,1,FALSE,Monaco,2023,92.268
TSU,AlphaTauri,53,0 days 00:02:05.687000,MEDIUM,53,1,FALSE,Monaco,2023,125.687
TSU,AlphaTauri,54,0 days 00:01:41.010000,INTERMEDIATE,1,2,FALSE,Monaco,2023,101.01
TSU,AlphaTauri,55,0 days 00:01:41.834000,INTERMEDIATE,2,2,FALSE,Monaco,2023,101.834
TSU,AlphaTauri,56,0 days 00:01:42.479000,INTERMEDIATE,3,2,FALSE,Monaco,2023,102.479
TSU,AlphaTauri,57,0 days 00:01:42.945000,INTERMEDIATE,4,2,FALSE,Monaco,2023,102.945
TSU,AlphaTauri,58,0 days 00:01:45.898000,INTERMEDIATE,5,2,FALSE,Monaco,2023,105.898
TSU,AlphaTauri,59,0 days 00:01:42.608000,INTERMEDIATE,6,2,FALSE,Monaco,2023,102.608
TSU,AlphaTauri,60,0 days 00:01:43.593000,INTERMEDIATE,7,2,FALSE,Monaco,2023,103.593
TSU,AlphaTauri,61,0 days 00:01:42.234000,INTERMEDIATE,8,2,FALSE,Monaco,2023,102.234
TSU,AlphaTauri,62,0 days 00:01:40.840000,INTERMEDIATE,9,2,FALSE,Monaco,2023,100.84
TSU,AlphaTauri,63,0 days 00:01:39.932000,INTERMEDIATE,10,2,FALSE,Monaco,2023,99.932
TSU,AlphaTauri,64,0 days 00:01:43.104000,INTERMEDIATE,11,2,FALSE,Monaco,2023,103.104
TSU,AlphaTauri,65,0 days 00:01:38.497000,INTERMEDIATE,12,2,FALSE,Monaco,2023,98.497
TSU,AlphaTauri,66,0 days 00:01:37.427000,INTERMEDIATE,13,2,FALSE,Monaco,2023,97.427
TSU,AlphaTauri,67,0 days 00:01:37.623000,INTERMEDIATE,14,2,FALSE,Monaco,2023,97.623
TSU,AlphaTauri,68,0 days 00:02:17.012000,INTERMEDIATE,15,2,FALSE,Monaco,2023,137.012
TSU,AlphaTauri,69,0 days 00:01:40.440000,INTERMEDIATE,16,2,FALSE,Monaco,2023,100.44
TSU,AlphaTauri,70,0 days 00:01:33.923000,INTERMEDIATE,17,2,FALSE,Monaco,2023,93.923
TSU,AlphaTauri,71,0 days 00:01:31.757000,INTERMEDIATE,18,2,FALSE,Monaco,2023,91.757
TSU,AlphaTauri,72,0 days 00:01:29.958000,INTERMEDIATE,19,2,FALSE,Monaco,2023,89.958
TSU,AlphaTauri,73,0 days 00:01:28.138000,INTERMEDIATE,20,2,FALSE,Monaco,2023,88.138
TSU,AlphaTauri,74,0 days 00:01:28.759000,INTERMEDIATE,21,2,FALSE,Monaco,2023,88.759
TSU,AlphaTauri,75,0 days 00:01:27.332000,INTERMEDIATE,22,2,FALSE,Monaco,2023,87.332
TSU,AlphaTauri,76,0 days 00:01:34.205000,INTERMEDIATE,23,2,FALSE,Monaco,2023,94.205
ALB,Williams,1,0 days 00:01:34.616000,MEDIUM,1,1,FALSE,Monaco,2023,94.616
ALB,Williams,2,0 days 00:01:20.977000,MEDIUM,2,1,TRUE,Monaco,2023,80.977
ALB,Williams,3,0 days 00:01:20.703000,MEDIUM,3,1,TRUE,Monaco,2023,80.703
ALB,Williams,4,0 days 00:01:20.276000,MEDIUM,4,1,TRUE,Monaco,2023,80.276
ALB,Williams,5,0 days 00:01:19.967000,MEDIUM,5,1,TRUE,Monaco,2023,79.967
ALB,Williams,6,0 days 00:01:19.165000,MEDIUM,6,1,TRUE,Monaco,2023,79.165
ALB,Williams,7,0 days 00:01:19.055000,MEDIUM,7,1,TRUE,Monaco,2023,79.055
ALB,Williams,8,0 days 00:01:18.796000,MEDIUM,8,1,TRUE,Monaco,2023,78.796
ALB,Williams,9,0 days 00:01:19.293000,MEDIUM,9,1,FALSE,Monaco,2023,79.293
ALB,Williams,10,0 days 00:01:19.338000,MEDIUM,10,1,FALSE,Monaco,2023,79.338
ALB,Williams,11,0 days 00:01:19.278000,MEDIUM,11,1,FALSE,Monaco,2023,79.278
ALB,Williams,12,0 days 00:01:20.310000,MEDIUM,12,1,FALSE,Monaco,2023,80.31
ALB,Williams,13,0 days 00:01:19.885000,MEDIUM,13,1,FALSE,Monaco,2023,79.885
ALB,Williams,14,0 days 00:01:20.259000,MEDIUM,14,1,FALSE,Monaco,2023,80.259
ALB,Williams,15,0 days 00:01:20.892000,MEDIUM,15,1,FALSE,Monaco,2023,80.892
ALB,Williams,16,0 days 00:01:20.443000,MEDIUM,16,1,FALSE,Monaco,2023,80.443
ALB,Williams,17,0 days 00:01:20.624000,MEDIUM,17,1,FALSE,Monaco,2023,80.624
ALB,Williams,18,0 days 00:01:38.414000,MEDIUM,18,1,FALSE,Monaco,2023,98.414
ALB,Williams,19,0 days 00:01:23.193000,HARD,1,2,FALSE,Monaco,2023,83.193
ALB,Williams,20,0 days 00:01:18.470000,HARD,2,2,TRUE,Monaco,2023,78.47
ALB,Williams,21,0 days 00:01:17.131000,HARD,3,2,TRUE,Monaco,2023,77.131
ALB,Williams,22,0 days 00:01:17.105000,HARD,4,2,TRUE,Monaco,2023,77.105
ALB,Williams,23,0 days 00:01:17.064000,HARD,5,2,TRUE,Monaco,2023,77.064
ALB,Williams,24,0 days 00:01:16.672000,HARD,6,2,TRUE,Monaco,2023,76.672
ALB,Williams,25,0 days 00:01:16.793000,HARD,7,2,FALSE,Monaco,2023,76.793
ALB,Williams,26,0 days 00:01:16.962000,HARD,8,2,FALSE,Monaco,2023,76.962
ALB,Williams,27,0 days 00:01:17.360000,HARD,9,2,FALSE,Monaco,2023,77.36
ALB,Williams,28,0 days 00:01:18.528000,HARD,10,2,FALSE,Monaco,2023,78.528
ALB,Williams,29,0 days 00:01:18.952000,HARD,11,2,FALSE,Monaco,2023,78.952
ALB,Williams,30,0 days 00:01:19.457000,HARD,12,2,FALSE,Monaco,2023,79.457
ALB,Williams,31,0 days 00:01:19.152000,HARD,13,2,FALSE,Monaco,2023,79.152
ALB,Williams,32,0 days 00:01:19.589000,HARD,14,2,FALSE,Monaco,2023,79.589
ALB,Williams,33,0 days 00:01:21.559000,HARD,15,2,FALSE,Monaco,2023,81.559
ALB,Williams,34,0 days 00:01:20.731000,HARD,16,2,FALSE,Monaco,2023,80.731
ALB,Williams,35,0 days 00:01:18.619000,HARD,17,2,FALSE,Monaco,2023,78.619
ALB,Williams,36,0 days 00:01:18.804000,HARD,18,2,FALSE,Monaco,2023,78.804
ALB,Williams,37,0 days 00:01:19.143000,HARD,19,2,FALSE,Monaco,2023,79.143
ALB,Williams,38,0 days 00:01:18.633000,HARD,20,2,FALSE,Monaco,2023,78.633
ALB,Williams,39,0 days 00:01:18.774000,HARD,21,2,FALSE,Monaco,2023,78.774
ALB,Williams,40,0 days 00:01:18.476000,HARD,22,2,FALSE,Monaco,2023,78.476
ALB,Williams,41,0 days 00:01:18.825000,HARD,23,2,FALSE,Monaco,2023,78.825
ALB,Williams,42,0 days 00:01:18.930000,HARD,24,2,FALSE,Monaco,2023,78.93
ALB,Williams,43,0 days 00:01:18.486000,HARD,25,2,FALSE,Monaco,2023,78.486
ALB,Williams,44,0 days 00:01:18.767000,HARD,26,2,FALSE,Monaco,2023,78.767
ALB,Williams,45,0 days 00:01:18.829000,HARD,27,2,FALSE,Monaco,2023,78.829
ALB,Williams,46,0 days 00:01:18.900000,HARD,28,2,FALSE,Monaco,2023,78.9
ALB,Williams,47,0 days 00:01:18.528000,HARD,29,2,FALSE,Monaco,2023,78.528
ALB,Williams,48,0 days 00:01:18.882000,HARD,30,2,FALSE,Monaco,2023,78.882
ALB,Williams,49,0 days 00:01:20.597000,HARD,31,2,FALSE,Monaco,2023,80.597
ALB,Williams,50,0 days 00:01:20.166000,HARD,32,2,FALSE,Monaco,2023,80.166
ALB,Williams,51,0 days 00:01:29.941000,HARD,33,2,FALSE,Monaco,2023,89.941
ALB,Williams,52,0 days 00:01:55.852000,HARD,34,2,FALSE,Monaco,2023,115.852
ALB,Williams,53,0 days 00:01:36.281000,INTERMEDIATE,1,3,FALSE,Monaco,2023,96.281
ALB,Williams,54,0 days 00:01:38.297000,INTERMEDIATE,2,3,FALSE,Monaco,2023,98.297
ALB,Williams,55,0 days 00:01:45.721000,INTERMEDIATE,3,3,FALSE,Monaco,2023,105.721
ALB,Williams,56,0 days 00:01:44.909000,INTERMEDIATE,4,3,FALSE,Monaco,2023,104.909
ALB,Williams,57,0 days 00:01:42.200000,INTERMEDIATE,5,3,FALSE,Monaco,2023,102.2
ALB,Williams,58,0 days 00:01:46.101000,INTERMEDIATE,6,3,FALSE,Monaco,2023,106.101
ALB,Williams,59,0 days 00:01:43.133000,INTERMEDIATE,7,3,FALSE,Monaco,2023,103.133
ALB,Williams,60,0 days 00:01:55.401000,INTERMEDIATE,8,3,FALSE,Monaco,2023,115.401
ALB,Williams,61,0 days 00:01:41.209000,INTERMEDIATE,9,3,FALSE,Monaco,2023,101.209
ALB,Williams,62,0 days 00:01:39.897000,INTERMEDIATE,10,3,FALSE,Monaco,2023,99.897
ALB,Williams,63,0 days 00:01:38.649000,INTERMEDIATE,11,3,FALSE,Monaco,2023,98.649
ALB,Williams,64,0 days 00:01:37.428000,INTERMEDIATE,12,3,FALSE,Monaco,2023,97.428
ALB,Williams,65,0 days 00:01:35.420000,INTERMEDIATE,13,3,FALSE,Monaco,2023,95.42
ALB,Williams,66,0 days 00:01:34.016000,INTERMEDIATE,14,3,FALSE,Monaco,2023,94.016
ALB,Williams,67,0 days 00:01:33.223000,INTERMEDIATE,15,3,FALSE,Monaco,2023,93.223
ALB,Williams,68,0 days 00:01:33.322000,INTERMEDIATE,16,3,FALSE,Monaco,2023,93.322
ALB,Williams,69,0 days 00:01:34.087000,INTERMEDIATE,17,3,FALSE,Monaco,2023,94.087
ALB,Williams,70,0 days 00:01:30.630000,INTERMEDIATE,18,3,FALSE,Monaco,2023,90.63
ALB,Williams,71,0 days 00:01:29.729000,INTERMEDIATE,19,3,FALSE,Monaco,2023,89.729
ALB,Williams,72,0 days 00:01:29.217000,INTERMEDIATE,20,3,FALSE,Monaco,2023,89.217
ALB,Williams,73,0 days 00:01:32.141000,INTERMEDIATE,21,3,FALSE,Monaco,2023,92.141
ALB,Williams,74,0 days 00:01:28.241000,INTERMEDIATE,22,3,FALSE,Monaco,2023,88.241
ALB,Williams,75,0 days 00:01:27.197000,INTERMEDIATE,23,3,FALSE,Monaco,2023,87.197
ALB,Williams,76,0 days 00:01:26.764000,INTERMEDIATE,24,3,FALSE,Monaco,2023,86.764
ALB,Williams,77,0 days 00:01:27.816000,INTERMEDIATE,25,3,FALSE,Monaco,2023,87.816
ZHO,Alfa Romeo,1,0 days 00:01:58.785000,SOFT,1,1,FALSE,Monaco,2023,118.785
ZHO,Alfa Romeo,2,0 days 00:01:20.757000,HARD,1,2,FALSE,Monaco,2023,80.757
ZHO,Alfa Romeo,3,0 days 00:01:17.003000,HARD,2,2,TRUE,Monaco,2023,77.003
ZHO,Alfa Romeo,4,0 days 00:01:16.946000,HARD,3,2,TRUE,Monaco,2023,76.946
ZHO,Alfa Romeo,5,0 days 00:01:16.926000,HARD,4,2,TRUE,Monaco,2023,76.926
ZHO,Alfa Romeo,6,0 days 00:01:17.205000,HARD,5,2,FALSE,Monaco,2023,77.205
ZHO,Alfa Romeo,7,0 days 00:01:17.408000,HARD,6,2,FALSE,Monaco,2023,77.408
ZHO,Alfa Romeo,8,0 days 00:01:17.254000,HARD,7,2,FALSE,Monaco,2023,77.254
ZHO,Alfa Romeo,9,0 days 00:01:17.523000,HARD,8,2,FALSE,Monaco,2023,77.523
ZHO,Alfa Romeo,10,0 days 00:01:18.449000,HARD,9,2,FALSE,Monaco,2023,78.449
ZHO,Alfa Romeo,11,0 days 00:01:19.602000,HARD,10,2,FALSE,Monaco,2023,79.602
ZHO,Alfa Romeo,12,0 days 00:01:20.319000,HARD,11,2,FALSE,Monaco,2023,80.319
ZHO,Alfa Romeo,13,0 days 00:01:20.561000,HARD,12,2,FALSE,Monaco,2023,80.561
ZHO,Alfa Romeo,14,0 days 00:01:20.653000,HARD,13,2,FALSE,Monaco,2023,80.653
ZHO,Alfa Romeo,15,0 days 00:01:20.398000,HARD,14,2,FALSE,Monaco,2023,80.398
ZHO,Alfa Romeo,16,0 days 00:01:20.727000,HARD,15,2,FALSE,Monaco,2023,80.727
ZHO,Alfa Romeo,17,0 days 00:01:20.669000,HARD,16,2,FALSE,Monaco,2023,80.669
ZHO,Alfa Romeo,18,0 days 00:01:21.524000,HARD,17,2,FALSE,Monaco,2023,81.524
ZHO,Alfa Romeo,19,0 days 00:01:22.387000,HARD,18,2,FALSE,Monaco,2023,82.387
ZHO,Alfa Romeo,20,0 days 00:01:20.574000,HARD,19,2,FALSE,Monaco,2023,80.574
ZHO,Alfa Romeo,21,0 days 00:01:18.245000,HARD,20,2,FALSE,Monaco,2023,78.245
ZHO,Alfa Romeo,22,0 days 00:01:17.588000,HARD,21,2,FALSE,Monaco,2023,77.588
ZHO,Alfa Romeo,23,0 days 00:01:17.450000,HARD,22,2,FALSE,Monaco,2023,77.45
ZHO,Alfa Romeo,24,0 days 00:01:17.465000,HARD,23,2,FALSE,Monaco,2023,77.465
ZHO,Alfa Romeo,25,0 days 00:01:17.771000,HARD,24,2,FALSE,Monaco,2023,77.771
ZHO,Alfa Romeo,26,0 days 00:01:18.161000,HARD,25,2,FALSE,Monaco,2023,78.161
ZHO,Alfa Romeo,27,0 days 00:01:18.097000,HARD,26,2,FALSE,Monaco,2023,78.097
ZHO,Alfa Romeo,28,0 days 00:01:20.780000,HARD,27,2,FALSE,Monaco,2023,80.78
ZHO,Alfa Romeo,29,0 days 00:01:18.863000,HARD,28,2,FALSE,Monaco,2023,78.863
ZHO,Alfa Romeo,30,0 days 00:01:19.500000,HARD,29,2,FALSE,Monaco,2023,79.5
ZHO,Alfa Romeo,31,0 days 00:01:19.192000,HARD,30,2,FALSE,Monaco,2023,79.192
ZHO,Alfa Romeo,32,0 days 00:01:19.626000,HARD,31,2,FALSE,Monaco,2023,79.626
ZHO,Alfa Romeo,33,0 days 00:01:21.602000,HARD,32,2,FALSE,Monaco,2023,81.602
ZHO,Alfa Romeo,34,0 days 00:01:20.587000,HARD,33,2,FALSE,Monaco,2023,80.587
ZHO,Alfa Romeo,35,0 days 00:01:18.586000,HARD,34,2,FALSE,Monaco,2023,78.586
ZHO,Alfa Romeo,36,0 days 00:01:18.846000,HARD,35,2,FALSE,Monaco,2023,78.846
ZHO,Alfa Romeo,37,0 days 00:01:19.099000,HARD,36,2,FALSE,Monaco,2023,79.099
ZHO,Alfa Romeo,38,0 days 00:01:18.681000,HARD,37,2,FALSE,Monaco,2023,78.681
ZHO,Alfa Romeo,39,0 days 00:01:18.659000,HARD,38,2,FALSE,Monaco,2023,78.659
ZHO,Alfa Romeo,40,0 days 00:01:18.607000,HARD,39,2,FALSE,Monaco,2023,78.607
ZHO,Alfa Romeo,41,0 days 00:01:18.831000,HARD,40,2,FALSE,Monaco,2023,78.831
ZHO,Alfa Romeo,42,0 days 00:01:18.666000,HARD,41,2,FALSE,Monaco,2023,78.666
ZHO,Alfa Romeo,43,0 days 00:01:18.701000,HARD,42,2,FALSE,Monaco,2023,78.701
ZHO,Alfa Romeo,44,0 days 00:01:18.721000,HARD,43,2,FALSE,Monaco,2023,78.721
ZHO,Alfa Romeo,45,0 days 00:01:18.762000,HARD,44,2,FALSE,Monaco,2023,78.762
ZHO,Alfa Romeo,46,0 days 00:01:18.660000,HARD,45,2,FALSE,Monaco,2023,78.66
ZHO,Alfa Romeo,47,0 days 00:01:18.809000,HARD,46,2,FALSE,Monaco,2023,78.809
ZHO,Alfa Romeo,48,0 days 00:01:18.947000,HARD,47,2,FALSE,Monaco,2023,78.947
ZHO,Alfa Romeo,49,0 days 00:01:19.065000,HARD,48,2,FALSE,Monaco,2023,79.065
ZHO,Alfa Romeo,50,0 days 00:01:21.664000,HARD,49,2,FALSE,Monaco,2023,81.664
ZHO,Alfa Romeo,51,0 days 00:01:30.253000,HARD,50,2,FALSE,Monaco,2023,90.253
ZHO,Alfa Romeo,52,0 days 00:01:51.997000,HARD,51,2,FALSE,Monaco,2023,111.997
ZHO,Alfa Romeo,53,0 days 00:01:36.935000,INTERMEDIATE,1,3,FALSE,Monaco,2023,96.935
ZHO,Alfa Romeo,54,0 days 00:01:40.446000,INTERMEDIATE,2,3,FALSE,Monaco,2023,100.446
ZHO,Alfa Romeo,55,0 days 00:01:46.545000,INTERMEDIATE,3,3,FALSE,Monaco,2023,106.545
ZHO,Alfa Romeo,56,0 days 00:01:41.908000,INTERMEDIATE,4,3,FALSE,Monaco,2023,101.908
ZHO,Alfa Romeo,57,0 days 00:01:44.702000,INTERMEDIATE,5,3,FALSE,Monaco,2023,104.702
ZHO,Alfa Romeo,58,0 days 00:01:45.564000,INTERMEDIATE,6,3,FALSE,Monaco,2023,105.564
ZHO,Alfa Romeo,59,0 days 00:01:43.592000,INTERMEDIATE,7,3,FALSE,Monaco,2023,103.592
ZHO,Alfa Romeo,60,0 days 00:01:41.620000,INTERMEDIATE,8,3,FALSE,Monaco,2023,101.62
ZHO,Alfa Romeo,61,0 days 00:01:41.501000,INTERMEDIATE,9,3,FALSE,Monaco,2023,101.501
ZHO,Alfa Romeo,62,0 days 00:01:40.987000,INTERMEDIATE,10,3,FALSE,Monaco,2023,100.987
ZHO,Alfa Romeo,63,0 days 00:01:40.738000,INTERMEDIATE,11,3,FALSE,Monaco,2023,100.738
ZHO,Alfa Romeo,64,0 days 00:01:42.573000,INTERMEDIATE,12,3,FALSE,Monaco,2023,102.573
ZHO,Alfa Romeo,65,0 days 00:01:39.444000,INTERMEDIATE,13,3,FALSE,Monaco,2023,99.444
ZHO,Alfa Romeo,66,0 days 00:01:34.287000,INTERMEDIATE,14,3,FALSE,Monaco,2023,94.287
ZHO,Alfa Romeo,67,0 days 00:01:33.464000,INTERMEDIATE,15,3,FALSE,Monaco,2023,93.464
ZHO,Alfa Romeo,68,0 days 00:01:34.679000,INTERMEDIATE,16,3,FALSE,Monaco,2023,94.679
ZHO,Alfa Romeo,69,0 days 00:01:33.879000,INTERMEDIATE,17,3,FALSE,Monaco,2023,93.879
ZHO,Alfa Romeo,70,0 days 00:01:30.405000,INTERMEDIATE,18,3,FALSE,Monaco,2023,90.405
ZHO,Alfa Romeo,71,0 days 00:01:29.336000,INTERMEDIATE,19,3,FALSE,Monaco,2023,89.336
ZHO,Alfa Romeo,72,0 days 00:01:27.964000,INTERMEDIATE,20,3,FALSE,Monaco,2023,87.964
ZHO,Alfa Romeo,73,0 days 00:01:30.119000,INTERMEDIATE,21,3,FALSE,Monaco,2023,90.119
ZHO,Alfa Romeo,74,0 days 00:01:28.049000,INTERMEDIATE,22,3,FALSE,Monaco,2023,88.049
ZHO,Alfa Romeo,75,0 days 00:01:26.612000,INTERMEDIATE,23,3,FALSE,Monaco,2023,86.612
ZHO,Alfa Romeo,76,0 days 00:01:25.717000,INTERMEDIATE,24,3,FALSE,Monaco,2023,85.717
ZHO,Alfa Romeo,77,0 days 00:01:26.615000,INTERMEDIATE,25,3,FALSE,Monaco,2023,86.615
HUL,Haas F1 Team,1,0 days 00:02:00.092000,MEDIUM,1,1,FALSE,Monaco,2023,120.092
HUL,Haas F1 Team,2,0 days 00:01:20.434000,HARD,1,2,FALSE,Monaco,2023,80.434
HUL,Haas F1 Team,3,0 days 00:01:17.221000,HARD,2,2,FALSE,Monaco,2023,77.221
HUL,Haas F1 Team,4,0 days 00:01:17.148000,HARD,3,2,TRUE,Monaco,2023,77.148
HUL,Haas F1 Team,5,0 days 00:01:17.045000,HARD,4,2,TRUE,Monaco,2023,77.045
HUL,Haas F1 Team,6,0 days 00:01:16.991000,HARD,5,2,TRUE,Monaco,2023,76.991
HUL,Haas F1 Team,7,0 days 00:01:17.333000,HARD,6,2,FALSE,Monaco,2023,77.333
HUL,Haas F1 Team,8,0 days 00:01:17.237000,HARD,7,2,FALSE,Monaco,2023,77.237
HUL,Haas F1 Team,9,0 days 00:01:17.433000,HARD,8,2,FALSE,Monaco,2023,77.433
HUL,Haas F1 Team,10,0 days 00:01:18.028000,HARD,9,2,FALSE,Monaco,2023,78.028
HUL,Haas F1 Team,11,0 days 00:01:19.596000,HARD,10,2,FALSE,Monaco,2023,79.596
HUL,Haas F1 Team,12,0 days 00:01:20.164000,HARD,11,2,FALSE,Monaco,2023,80.164
HUL,Haas F1 Team,13,0 days 00:01:20.824000,HARD,12,2,FALSE,Monaco,2023,80.824
HUL,Haas F1 Team,14,0 days 00:01:21.254000,HARD,13,2,FALSE,Monaco,2023,81.254
HUL,Haas F1 Team,15,0 days 00:01:20.972000,HARD,14,2,FALSE,Monaco,2023,80.972
HUL,Haas F1 Team,16,0 days 00:01:20.281000,HARD,15,2,FALSE,Monaco,2023,80.281
HUL,Haas F1 Team,17,0 days 00:01:20.171000,HARD,16,2,FALSE,Monaco,2023,80.171
HUL,Haas F1 Team,18,0 days 00:01:21.166000,HARD,17,2,FALSE,Monaco,2023,81.166
HUL,Haas F1 Team,19,0 days 00:01:19.836000,HARD,18,2,FALSE,Monaco,2023,79.836
HUL,Haas F1 Team,20,0 days 00:01:17.642000,HARD,19,2,FALSE,Monaco,2023,77.642
HUL,Haas F1 Team,21,0 days 00:01:17.201000,HARD,20,2,FALSE,Monaco,2023,77.201
HUL,Haas F1 Team,22,0 days 00:01:17.845000,HARD,21,2,FALSE,Monaco,2023,77.845
HUL,Haas F1 Team,23,0 days 00:01:18.009000,HARD,22,2,FALSE,Monaco,2023,78.009
HUL,Haas F1 Team,24,0 days 00:01:18.363000,HARD,23,2,FALSE,Monaco,2023,78.363
HUL,Haas F1 Team,25,0 days 00:01:18.230000,HARD,24,2,FALSE,Monaco,2023,78.23
HUL,Haas F1 Team,26,0 days 00:01:18.664000,HARD,25,2,FALSE,Monaco,2023,78.664
HUL,Haas F1 Team,27,0 days 00:01:18.956000,HARD,26,2,FALSE,Monaco,2023,78.956
HUL,Haas F1 Team,28,0 days 00:01:19.589000,HARD,27,2,FALSE,Monaco,2023,79.589
HUL,Haas F1 Team,29,0 days 00:01:21.412000,HARD,28,2,FALSE,Monaco,2023,81.412
HUL,Haas F1 Team,30,0 days 00:01:18.920000,HARD,29,2,FALSE,Monaco,2023,78.92
HUL,Haas F1 Team,31,0 days 00:01:19.756000,HARD,30,2,FALSE,Monaco,2023,79.756
HUL,Haas F1 Team,32,0 days 00:01:19.708000,HARD,31,2,FALSE,Monaco,2023,79.708
HUL,Haas F1 Team,33,0 days 00:01:21.348000,HARD,32,2,FALSE,Monaco,2023,81.348
HUL,Haas F1 Team,34,0 days 00:01:20.956000,HARD,33,2,FALSE,Monaco,2023,80.956
HUL,Haas F1 Team,35,0 days 00:01:18.327000,HARD,34,2,FALSE,Monaco,2023,78.327
HUL,Haas F1 Team,36,0 days 00:01:19.148000,HARD,35,2,FALSE,Monaco,2023,79.148
HUL,Haas F1 Team,37,0 days 00:01:19.009000,HARD,36,2,FALSE,Monaco,2023,79.009
HUL,Haas F1 Team,38,0 days 00:01:18.602000,HARD,37,2,FALSE,Monaco,2023,78.602
HUL,Haas F1 Team,39,0 days 00:01:18.557000,HARD,38,2,FALSE,Monaco,2023,78.557
HUL,Haas F1 Team,40,0 days 00:01:18.692000,HARD,39,2,FALSE,Monaco,2023,78.692
HUL,Haas F1 Team,41,0 days 00:01:18.606000,HARD,40,2,FALSE,Monaco,2023,78.606
HUL,Haas F1 Team,42,0 days 00:01:18.838000,HARD,41,2,FALSE,Monaco,2023,78.838
HUL,Haas F1 Team,43,0 days 00:01:18.991000,HARD,42,2,FALSE,Monaco,2023,78.991
HUL,Haas F1 Team,44,0 days 00:01:18.467000,HARD,43,2,FALSE,Monaco,2023,78.467
HUL,Haas F1 Team,45,0 days 00:01:18.751000,HARD,44,2,FALSE,Monaco,2023,78.751
HUL,Haas F1 Team,46,0 days 00:01:18.608000,HARD,45,2,FALSE,Monaco,2023,78.608
HUL,Haas F1 Team,47,0 days 00:01:18.857000,HARD,46,2,FALSE,Monaco,2023,78.857
HUL,Haas F1 Team,48,0 days 00:01:18.789000,HARD,47,2,FALSE,Monaco,2023,78.789
HUL,Haas F1 Team,49,0 days 00:01:19.036000,HARD,48,2,FALSE,Monaco,2023,79.036
HUL,Haas F1 Team,50,0 days 00:01:20.238000,HARD,49,2,FALSE,Monaco,2023,80.238
HUL,Haas F1 Team,51,0 days 00:01:28.292000,HARD,50,2,FALSE,Monaco,2023,88.292
HUL,Haas F1 Team,52,0 days 00:01:31.149000,HARD,51,2,FALSE,Monaco,2023,91.149
HUL,Haas F1 Team,53,0 days 00:01:40.881000,HARD,52,2,FALSE,Monaco,2023,100.881
HUL,Haas F1 Team,54,0 days 00:02:19.643000,HARD,53,2,FALSE,Monaco,2023,139.643
HUL,Haas F1 Team,55,0 days 00:01:44.220000,INTERMEDIATE,1,3,FALSE,Monaco,2023,104.22
HUL,Haas F1 Team,56,0 days 00:01:43.790000,INTERMEDIATE,2,3,FALSE,Monaco,2023,103.79
HUL,Haas F1 Team,57,0 days 00:01:42.598000,INTERMEDIATE,3,3,FALSE,Monaco,2023,102.598
HUL,Haas F1 Team,58,0 days 00:01:42.188000,INTERMEDIATE,4,3,FALSE,Monaco,2023,102.188
HUL,Haas F1 Team,59,0 days 00:01:59.463000,INTERMEDIATE,5,3,FALSE,Monaco,2023,119.463
HUL,Haas F1 Team,60,0 days 00:01:42.782000,WET,1,4,FALSE,Monaco,2023,102.782
HUL,Haas F1 Team,61,0 days 00:01:39.565000,WET,2,4,FALSE,Monaco,2023,99.565
HUL,Haas F1 Team,62,0 days 00:01:38.291000,WET,3,4,FALSE,Monaco,2023,98.291
HUL,Haas F1 Team,63,0 days 00:01:37.973000,WET,4,4,FALSE,Monaco,2023,97.973
HUL,Haas F1 Team,64,0 days 00:01:37.628000,WET,5,4,FALSE,Monaco,2023,97.628
HUL,Haas F1 Team,65,0 days 00:01:36.647000,WET,6,4,FALSE,Monaco,2023,96.647
HUL,Haas F1 Team,66,0 days 00:01:36.301000,WET,7,4,FALSE,Monaco,2023,96.301
HUL,Haas F1 Team,67,0 days 00:01:35.656000,WET,8,4,FALSE,Monaco,2023,95.656
HUL,Haas F1 Team,68,0 days 00:01:36.655000,WET,9,4,FALSE,Monaco,2023,96.655
HUL,Haas F1 Team,69,0 days 00:01:35.297000,WET,10,4,FALSE,Monaco,2023,95.297
HUL,Haas F1 Team,70,0 days 00:01:40.947000,WET,11,4,FALSE,Monaco,2023,100.947
HUL,Haas F1 Team,71,0 days 00:01:33.744000,WET,12,4,FALSE,Monaco,2023,93.744
HUL,Haas F1 Team,72,0 days 00:01:32.994000,WET,13,4,FALSE,Monaco,2023,92.994
HUL,Haas F1 Team,73,0 days 00:01:33.111000,WET,14,4,FALSE,Monaco,2023,93.111
HUL,Haas F1 Team,74,0 days 00:01:34.924000,WET,15,4,FALSE,Monaco,2023,94.924
HUL,Haas F1 Team,75,0 days 00:01:34.146000,WET,16,4,FALSE,Monaco,2023,94.146
HUL,Haas F1 Team,76,0 days 00:01:30.260000,WET,17,4,FALSE,Monaco,2023,90.26
OCO,Alpine,1,0 days 00:01:26.639000,MEDIUM,1,1,FALSE,Monaco,2023,86.639
OCO,Alpine,2,0 days 00:01:20.301000,MEDIUM,2,1,TRUE,Monaco,2023,80.301
OCO,Alpine,3,0 days 00:01:19.704000,MEDIUM,3,1,TRUE,Monaco,2023,79.704
OCO,Alpine,4,0 days 00:01:19.314000,MEDIUM,4,1,TRUE,Monaco,2023,79.314
OCO,Alpine,5,0 days 00:01:19.041000,MEDIUM,5,1,TRUE,Monaco,2023,79.041
OCO,Alpine,6,0 days 00:01:18.731000,MEDIUM,6,1,TRUE,Monaco,2023,78.731
OCO,Alpine,7,0 days 00:01:18.782000,MEDIUM,7,1,FALSE,Monaco,2023,78.782
OCO,Alpine,8,0 days 00:01:18.533000,MEDIUM,8,1,TRUE,Monaco,2023,78.533
OCO,Alpine,9,0 days 00:01:18.594000,MEDIUM,9,1,FALSE,Monaco,2023,78.594
OCO,Alpine,10,0 days 00:01:18.460000,MEDIUM,10,1,TRUE,Monaco,2023,78.46
OCO,Alpine,11,0 days 00:01:18.271000,MEDIUM,11,1,FALSE,Monaco,2023,78.271
OCO,Alpine,12,0 days 00:01:18.515000,MEDIUM,12,1,FALSE,Monaco,2023,78.515
OCO,Alpine,13,0 days 00:01:18.025000,MEDIUM,13,1,TRUE,Monaco,2023,78.025
OCO,Alpine,14,0 days 00:01:18.055000,MEDIUM,14,1,FALSE,Monaco,2023,78.055
OCO,Alpine,15,0 days 00:01:18.018000,MEDIUM,15,1,TRUE,Monaco,2023,78.018
OCO,Alpine,16,0 days 00:01:17.948000,MEDIUM,16,1,TRUE,Monaco,2023,77.948
OCO,Alpine,17,0 days 00:01:18.372000,MEDIUM,17,1,FALSE,Monaco,2023,78.372
OCO,Alpine,18,0 days 00:01:18.220000,MEDIUM,18,1,FALSE,Monaco,2023,78.22
OCO,Alpine,19,0 days 00:01:18.074000,MEDIUM,19,1,FALSE,Monaco,2023,78.074
OCO,Alpine,20,0 days 00:01:18.087000,MEDIUM,20,1,FALSE,Monaco,2023,78.087
OCO,Alpine,21,0 days 00:01:18.161000,MEDIUM,21,1,FALSE,Monaco,2023,78.161
OCO,Alpine,22,0 days 00:01:18.057000,MEDIUM,22,1,FALSE,Monaco,2023,78.057
OCO,Alpine,23,0 days 00:01:17.873000,MEDIUM,23,1,TRUE,Monaco,2023,77.873
OCO,Alpine,24,0 days 00:01:17.498000,MEDIUM,24,1,TRUE,Monaco,2023,77.498
OCO,Alpine,25,0 days 00:01:17.451000,MEDIUM,25,1,TRUE,Monaco,2023,77.451
OCO,Alpine,26,0 days 00:01:17.433000,MEDIUM,26,1,TRUE,Monaco,2023,77.433
OCO,Alpine,27,0 days 00:01:17.145000,MEDIUM,27,1,TRUE,Monaco,2023,77.145
OCO,Alpine,28,0 days 00:01:16.938000,MEDIUM,28,1,TRUE,Monaco,2023,76.938
OCO,Alpine,29,0 days 00:01:17.179000,MEDIUM,29,1,FALSE,Monaco,2023,77.179
OCO,Alpine,30,0 days 00:01:17.334000,MEDIUM,30,1,FALSE,Monaco,2023,77.334
OCO,Alpine,31,0 days 00:01:17.331000,MEDIUM,31,1,FALSE,Monaco,2023,77.331
OCO,Alpine,32,0 days 00:01:34.668000,MEDIUM,32,1,FALSE,Monaco,2023,94.668
OCO,Alpine,33,0 days 00:01:19.289000,HARD,1,2,FALSE,Monaco,2023,79.289
OCO,Alpine,34,0 days 00:01:16.950000,HARD,2,2,FALSE,Monaco,2023,76.95
OCO,Alpine,35,0 days 00:01:17.095000,HARD,3,2,FALSE,Monaco,2023,77.095
OCO,Alpine,36,0 days 00:01:17.304000,HARD,4,2,FALSE,Monaco,2023,77.304
OCO,Alpine,37,0 days 00:01:17.140000,HARD,5,2,FALSE,Monaco,2023,77.14
OCO,Alpine,38,0 days 00:01:17.048000,HARD,6,2,FALSE,Monaco,2023,77.048
OCO,Alpine,39,0 days 00:01:17.169000,HARD,7,2,FALSE,Monaco,2023,77.169
OCO,Alpine,40,0 days 00:01:17.025000,HARD,8,2,FALSE,Monaco,2023,77.025
OCO,Alpine,41,0 days 00:01:16.528000,HARD,9,2,TRUE,Monaco,2023,76.528
OCO,Alpine,42,0 days 00:01:17.010000,HARD,10,2,FALSE,Monaco,2023,77.01
OCO,Alpine,43,0 days 00:01:17.002000,HARD,11,2,FALSE,Monaco,2023,77.002
OCO,Alpine,44,0 days 00:01:17.033000,HARD,12,2,FALSE,Monaco,2023,77.033
OCO,Alpine,45,0 days 00:01:17.271000,HARD,13,2,FALSE,Monaco,2023,77.271
OCO,Alpine,46,0 days 00:01:16.775000,HARD,14,2,FALSE,Monaco,2023,76.775
OCO,Alpine,47,0 days 00:01:16.962000,HARD,15,2,FALSE,Monaco,2023,76.962
OCO,Alpine,48,0 days 00:01:16.968000,HARD,16,2,FALSE,Monaco,2023,76.968
OCO,Alpine,49,0 days 00:01:17.090000,HARD,17,2,FALSE,Monaco,2023,77.09
OCO,Alpine,50,0 days 00:01:17.836000,HARD,18,2,FALSE,Monaco,2023,77.836
OCO,Alpine,51,0 days 00:01:19.453000,HARD,19,2,FALSE,Monaco,2023,79.453
OCO,Alpine,52,0 days 00:01:26.990000,HARD,20,2,FALSE,Monaco,2023,86.99
OCO,Alpine,53,0 days 00:01:29.909000,HARD,21,2,FALSE,Monaco,2023,89.909
OCO,Alpine,54,0 days 00:01:54.547000,HARD,22,2,FALSE,Monaco,2023,114.547
OCO,Alpine,55,0 days 00:01:42.379000,INTERMEDIATE,1,3,FALSE,Monaco,2023,102.379
OCO,Alpine,56,0 days 00:01:41.755000,INTERMEDIATE,2,3,FALSE,Monaco,2023,101.755
OCO,Alpine,57,0 days 00:01:42.554000,INTERMEDIATE,3,3,FALSE,Monaco,2023,102.554
OCO,Alpine,58,0 days 00:01:43.729000,INTERMEDIATE,4,3,FALSE,Monaco,2023,103.729
OCO,Alpine,59,0 days 00:01:45.002000,INTERMEDIATE,5,3,FALSE,Monaco,2023,105.002
OCO,Alpine,60,0 days 00:01:42.527000,INTERMEDIATE,6,3,FALSE,Monaco,2023,102.527
OCO,Alpine,61,0 days 00:01:42.630000,INTERMEDIATE,7,3,FALSE,Monaco,2023,102.63
OCO,Alpine,62,0 days 00:01:42.139000,INTERMEDIATE,8,3,FALSE,Monaco,2023,102.139
OCO,Alpine,63,0 days 00:01:41.123000,INTERMEDIATE,9,3,FALSE,Monaco,2023,101.123
OCO,Alpine,64,0 days 00:01:40.375000,INTERMEDIATE,10,3,FALSE,Monaco,2023,100.375
OCO,Alpine,65,0 days 00:01:37.029000,INTERMEDIATE,11,3,FALSE,Monaco,2023,97.029
OCO,Alpine,66,0 days 00:01:35.456000,INTERMEDIATE,12,3,FALSE,Monaco,2023,95.456
OCO,Alpine,67,0 days 00:01:34.457000,INTERMEDIATE,13,3,FALSE,Monaco,2023,94.457
OCO,Alpine,68,0 days 00:01:33.484000,INTERMEDIATE,14,3,FALSE,Monaco,2023,93.484
OCO,Alpine,69,0 days 00:01:32.501000,INTERMEDIATE,15,3,FALSE,Monaco,2023,92.501
OCO,Alpine,70,0 days 00:01:30.300000,INTERMEDIATE,16,3,FALSE,Monaco,2023,90.3
OCO,Alpine,71,0 days 00:01:30.027000,INTERMEDIATE,17,3,FALSE,Monaco,2023,90.027
OCO,Alpine,72,0 days 00:01:29.541000,INTERMEDIATE,18,3,FALSE,Monaco,2023,89.541
OCO,Alpine,73,0 days 00:01:27.666000,INTERMEDIATE,19,3,FALSE,Monaco,2023,87.666
OCO,Alpine,74,0 days 00:01:26.712000,INTERMEDIATE,20,3,FALSE,Monaco,2023,86.712
OCO,Alpine,75,0 days 00:01:25.133000,INTERMEDIATE,21,3,FALSE,Monaco,2023,85.133
OCO,Alpine,76,0 days 00:01:24.834000,INTERMEDIATE,22,3,FALSE,Monaco,2023,84.834
OCO,Alpine,77,0 days 00:01:26.240000,INTERMEDIATE,23,3,FALSE,Monaco,2023,86.24
OCO,Alpine,78,0 days 00:01:24.231000,INTERMEDIATE,24,3,FALSE,Monaco,2023,84.231
NOR,McLaren,1,0 days 00:01:32.034000,MEDIUM,1,1,FALSE,Monaco,2023,92.034
NOR,McLaren,2,0 days 00:01:21.610000,MEDIUM,2,1,TRUE,Monaco,2023,81.61
NOR,McLaren,3,0 days 00:01:20.396000,MEDIUM,3,1,TRUE,Monaco,2023,80.396
NOR,McLaren,4,0 days 00:01:20.209000,MEDIUM,4,1,TRUE,Monaco,2023,80.209
NOR,McLaren,5,0 days 00:01:19.502000,MEDIUM,5,1,TRUE,Monaco,2023,79.502
NOR,McLaren,6,0 days 00:01:19.045000,MEDIUM,6,1,TRUE,Monaco,2023,79.045
NOR,McLaren,7,0 days 00:01:18.652000,MEDIUM,7,1,TRUE,Monaco,2023,78.652
NOR,McLaren,8,0 days 00:01:18.651000,MEDIUM,8,1,TRUE,Monaco,2023,78.651
NOR,McLaren,9,0 days 00:01:19.065000,MEDIUM,9,1,FALSE,Monaco,2023,79.065
NOR,McLaren,10,0 days 00:01:19.053000,MEDIUM,10,1,FALSE,Monaco,2023,79.053
NOR,McLaren,11,0 days 00:01:19.148000,MEDIUM,11,1,FALSE,Monaco,2023,79.148
NOR,McLaren,12,0 days 00:01:20.277000,MEDIUM,12,1,FALSE,Monaco,2023,80.277
NOR,McLaren,13,0 days 00:01:18.978000,MEDIUM,13,1,FALSE,Monaco,2023,78.978
NOR,McLaren,14,0 days 00:01:18.856000,MEDIUM,14,1,FALSE,Monaco,2023,78.856
NOR,McLaren,15,0 days 00:01:18.855000,MEDIUM,15,1,FALSE,Monaco,2023,78.855
NOR,McLaren,16,0 days 00:01:18.988000,MEDIUM,16,1,FALSE,Monaco,2023,78.988
NOR,McLaren,17,0 days 00:01:18.937000,MEDIUM,17,1,FALSE,Monaco,2023,78.937
NOR,McLaren,18,0 days 00:01:19.010000,MEDIUM,18,1,FALSE,Monaco,2023,79.01
NOR,McLaren,19,0 days 00:01:19.504000,MEDIUM,19,1,FALSE,Monaco,2023,79.504
NOR,McLaren,20,0 days 00:01:18.985000,MEDIUM,20,1,FALSE,Monaco,2023,78.985
NOR,McLaren,21,0 days 00:01:19.074000,MEDIUM,21,1,FALSE,Monaco,2023,79.074
NOR,McLaren,22,0 days 00:01:18.882000,MEDIUM,22,1,FALSE,Monaco,2023,78.882
NOR,McLaren,23,0 days 00:01:18.657000,MEDIUM,23,1,FALSE,Monaco,2023,78.657
NOR,McLaren,24,0 days 00:01:18.681000,MEDIUM,24,1,FALSE,Monaco,2023,78.681
NOR,McLaren,25,0 days 00:01:18.780000,MEDIUM,25,1,FALSE,Monaco,2023,78.78
NOR,McLaren,26,0 days 00:01:19.067000,MEDIUM,26,1,FALSE,Monaco,2023,79.067
NOR,McLaren,27,0 days 00:01:19.109000,MEDIUM,27,1,FALSE,Monaco,2023,79.109
NOR,McLaren,28,0 days 00:01:18.771000,MEDIUM,28,1,FALSE,Monaco,2023,78.771
NOR,McLaren,29,0 days 00:01:18.906000,MEDIUM,29,1,FALSE,Monaco,2023,78.906
NOR,McLaren,30,0 days 00:01:18.568000,MEDIUM,30,1,TRUE,Monaco,2023,78.568
NOR,McLaren,31,0 days 00:01:18.454000,MEDIUM,31,1,TRUE,Monaco,2023,78.454
NOR,McLaren,32,0 days 00:01:17.914000,MEDIUM,32,1,TRUE,Monaco,2023,77.914
NOR,McLaren,33,0 days 00:01:18.042000,MEDIUM,33,1,FALSE,Monaco,2023,78.042
NOR,McLaren,34,0 days 00:01:18.026000,MEDIUM,34,1,FALSE,Monaco,2023,78.026
NOR,McLaren,35,0 days 00:01:18.192000,MEDIUM,35,1,FALSE,Monaco,2023,78.192
NOR,McLaren,36,0 days 00:01:18.050000,MEDIUM,36,1,FALSE,Monaco,2023,78.05
NOR,McLaren,37,0 days 00:01:18.303000,MEDIUM,37,1,FALSE,Monaco,2023,78.303
NOR,McLaren,38,0 days 00:01:18.214000,MEDIUM,38,1,FALSE,Monaco,2023,78.214
NOR,McLaren,39,0 days 00:01:18.151000,MEDIUM,39,1,FALSE,Monaco,2023,78.151
NOR,McLaren,40,0 days 00:01:18.529000,MEDIUM,40,1,FALSE,Monaco,2023,78.529
NOR,McLaren,41,0 days 00:01:18.409000,MEDIUM,41,1,FALSE,Monaco,2023,78.409
NOR,McLaren,42,0 days 00:01:18.149000,MEDIUM,42,1,FALSE,Monaco,2023,78.149
NOR,McLaren,43,0 days 00:01:18.045000,MEDIUM,43,1,FALSE,Monaco,2023,78.045
NOR,McLaren,44,0 days 00:01:17.991000,MEDIUM,44,1,FALSE,Monaco,2023,77.991
NOR,McLaren,45,0 days 00:01:17.862000,MEDIUM,45,1,TRUE,Monaco,2023,77.862
NOR,McLaren,46,0 days 00:01:17.844000,MEDIUM,46,1,TRUE,Monaco,2023,77.844
NOR,McLaren,47,0 days 00:01:18.234000,MEDIUM,47,1,FALSE,Monaco,2023,78.234
NOR,McLaren,48,0 days 00:01:18.297000,MEDIUM,48,1,FALSE,Monaco,2023,78.297
NOR,McLaren,49,0 days 00:01:18.152000,MEDIUM,49,1,FALSE,Monaco,2023,78.152
NOR,McLaren,50,0 days 00:01:35.974000,MEDIUM,50,1,FALSE,Monaco,2023,95.974
NOR,McLaren,51,0 days 00:01:27.706000,HARD,1,2,FALSE,Monaco,2023,87.706
NOR,McLaren,52,0 days 00:01:28.675000,HARD,2,2,FALSE,Monaco,2023,88.675
NOR,McLaren,53,0 days 00:01:32.162000,HARD,3,2,FALSE,Monaco,2023,92.162
NOR,McLaren,54,0 days 00:02:12.003000,HARD,4,2,FALSE,Monaco,2023,132.003
NOR,McLaren,55,0 days 00:01:43.380000,INTERMEDIATE,1,3,FALSE,Monaco,2023,103.38
NOR,McLaren,56,0 days 00:01:40.384000,INTERMEDIATE,2,3,FALSE,Monaco,2023,100.384
NOR,McLaren,57,0 days 00:01:40.421000,INTERMEDIATE,3,3,FALSE,Monaco,2023,100.421
NOR,McLaren,58,0 days 00:01:42.130000,INTERMEDIATE,4,3,FALSE,Monaco,2023,102.13
NOR,McLaren,59,0 days 00:01:41.216000,INTERMEDIATE,5,3,FALSE,Monaco,2023,101.216
NOR,McLaren,60,0 days 00:01:41.789000,INTERMEDIATE,6,3,FALSE,Monaco,2023,101.789
NOR,McLaren,61,0 days 00:01:39.545000,INTERMEDIATE,7,3,FALSE,Monaco,2023,99.545
NOR,McLaren,62,0 days 00:01:38.893000,INTERMEDIATE,8,3,FALSE,Monaco,2023,98.893
NOR,McLaren,63,0 days 00:01:38.511000,INTERMEDIATE,9,3,FALSE,Monaco,2023,98.511
NOR,McLaren,64,0 days 00:01:38.750000,INTERMEDIATE,10,3,FALSE,Monaco,2023,98.75
NOR,McLaren,65,0 days 00:01:38.818000,INTERMEDIATE,11,3,FALSE,Monaco,2023,98.818
NOR,McLaren,66,0 days 00:01:36.981000,INTERMEDIATE,12,3,FALSE,Monaco,2023,96.981
NOR,McLaren,67,0 days 00:01:32.417000,INTERMEDIATE,13,3,FALSE,Monaco,2023,92.417
NOR,McLaren,68,0 days 00:01:31.037000,INTERMEDIATE,14,3,FALSE,Monaco,2023,91.037
NOR,McLaren,69,0 days 00:01:30.126000,INTERMEDIATE,15,3,FALSE,Monaco,2023,90.126
NOR,McLaren,70,0 days 00:01:28.512000,INTERMEDIATE,16,3,FALSE,Monaco,2023,88.512
NOR,McLaren,71,0 days 00:01:28.373000,INTERMEDIATE,17,3,FALSE,Monaco,2023,88.373
NOR,McLaren,72,0 days 00:01:25.959000,INTERMEDIATE,18,3,FALSE,Monaco,2023,85.959
NOR,McLaren,73,0 days 00:01:25.767000,INTERMEDIATE,19,3,FALSE,Monaco,2023,85.767
NOR,McLaren,74,0 days 00:01:25.471000,INTERMEDIATE,20,3,FALSE,Monaco,2023,85.471
NOR,McLaren,75,0 days 00:01:25.278000,INTERMEDIATE,21,3,FALSE,Monaco,2023,85.278
NOR,McLaren,76,0 days 00:01:25.767000,INTERMEDIATE,22,3,FALSE,Monaco,2023,85.767
NOR,McLaren,77,0 days 00:01:26.888000,INTERMEDIATE,23,3,FALSE,Monaco,2023,86.888
HAM,Mercedes,1,0 days 00:01:28.585000,MEDIUM,1,1,FALSE,Monaco,2023,88.585
HAM,Mercedes,2,0 days 00:01:20.527000,MEDIUM,2,1,TRUE,Monaco,2023,80.527
HAM,Mercedes,3,0 days 00:01:20.105000,MEDIUM,3,1,TRUE,Monaco,2023,80.105
HAM,Mercedes,4,0 days 00:01:19.356000,MEDIUM,4,1,TRUE,Monaco,2023,79.356
HAM,Mercedes,5,0 days 00:01:18.736000,MEDIUM,5,1,TRUE,Monaco,2023,78.736
HAM,Mercedes,6,0 days 00:01:18.958000,MEDIUM,6,1,FALSE,Monaco,2023,78.958
HAM,Mercedes,7,0 days 00:01:18.651000,MEDIUM,7,1,TRUE,Monaco,2023,78.651
HAM,Mercedes,8,0 days 00:01:19.051000,MEDIUM,8,1,FALSE,Monaco,2023,79.051
HAM,Mercedes,9,0 days 00:01:18.829000,MEDIUM,9,1,FALSE,Monaco,2023,78.829
HAM,Mercedes,10,0 days 00:01:18.173000,MEDIUM,10,1,TRUE,Monaco,2023,78.173
HAM,Mercedes,11,0 days 00:01:17.926000,MEDIUM,11,1,TRUE,Monaco,2023,77.926
HAM,Mercedes,12,0 days 00:01:18.230000,MEDIUM,12,1,FALSE,Monaco,2023,78.23
HAM,Mercedes,13,0 days 00:01:18.084000,MEDIUM,13,1,FALSE,Monaco,2023,78.084
HAM,Mercedes,14,0 days 00:01:18.422000,MEDIUM,14,1,FALSE,Monaco,2023,78.422
HAM,Mercedes,15,0 days 00:01:18.189000,MEDIUM,15,1,FALSE,Monaco,2023,78.189
HAM,Mercedes,16,0 days 00:01:18.310000,MEDIUM,16,1,FALSE,Monaco,2023,78.31
HAM,Mercedes,17,0 days 00:01:18.254000,MEDIUM,17,1,FALSE,Monaco,2023,78.254
HAM,Mercedes,18,0 days 00:01:18.370000,MEDIUM,18,1,FALSE,Monaco,2023,78.37
HAM,Mercedes,19,0 days 00:01:18.207000,MEDIUM,19,1,FALSE,Monaco,2023,78.207
HAM,Mercedes,20,0 days 00:01:18.121000,MEDIUM,20,1,FALSE,Monaco,2023,78.121
HAM,Mercedes,21,0 days 00:01:18.311000,MEDIUM,21,1,FALSE,Monaco,2023,78.311
HAM,Mercedes,22,0 days 00:01:17.393000,MEDIUM,22,1,TRUE,Monaco,2023,77.393
HAM,Mercedes,23,0 days 00:01:18.053000,MEDIUM,23,1,FALSE,Monaco,2023,78.053
HAM,Mercedes,24,0 days 00:01:17.431000,MEDIUM,24,1,FALSE,Monaco,2023,77.431
HAM,Mercedes,25,0 days 00:01:17.643000,MEDIUM,25,1,FALSE,Monaco,2023,77.643
HAM,Mercedes,26,0 days 00:01:17.716000,MEDIUM,26,1,FALSE,Monaco,2023,77.716
HAM,Mercedes,27,0 days 00:01:17.322000,MEDIUM,27,1,TRUE,Monaco,2023,77.322
HAM,Mercedes,28,0 days 00:01:17.334000,MEDIUM,28,1,FALSE,Monaco,2023,77.334
HAM,Mercedes,29,0 days 00:01:17.372000,MEDIUM,29,1,FALSE,Monaco,2023,77.372
HAM,Mercedes,30,0 days 00:01:17.742000,MEDIUM,30,1,FALSE,Monaco,2023,77.742
HAM,Mercedes,31,0 days 00:01:35.467000,MEDIUM,31,1,FALSE,Monaco,2023,95.467
HAM,Mercedes,32,0 days 00:01:18.165000,HARD,1,2,FALSE,Monaco,2023,78.165
HAM,Mercedes,33,0 days 00:01:15.650000,HARD,2,2,TRUE,Monaco,2023,75.65
HAM,Mercedes,34,0 days 00:01:18.357000,HARD,3,2,FALSE,Monaco,2023,78.357
HAM,Mercedes,35,0 days 00:01:17.159000,HARD,4,2,FALSE,Monaco,2023,77.159
HAM,Mercedes,36,0 days 00:01:17.688000,HARD,5,2,FALSE,Monaco,2023,77.688
HAM,Mercedes,37,0 days 00:01:17.711000,HARD,6,2,FALSE,Monaco,2023,77.711
HAM,Mercedes,38,0 days 00:01:17.167000,HARD,7,2,FALSE,Monaco,2023,77.167
HAM,Mercedes,39,0 days 00:01:17.293000,HARD,8,2,FALSE,Monaco,2023,77.293
HAM,Mercedes,40,0 days 00:01:16.962000,HARD,9,2,FALSE,Monaco,2023,76.962
HAM,Mercedes,41,0 days 00:01:16.588000,HARD,10,2,FALSE,Monaco,2023,76.588
HAM,Mercedes,42,0 days 00:01:16.580000,HARD,11,2,FALSE,Monaco,2023,76.58
HAM,Mercedes,43,0 days 00:01:16.529000,HARD,12,2,FALSE,Monaco,2023,76.529
HAM,Mercedes,44,0 days 00:01:16.880000,HARD,13,2,FALSE,Monaco,2023,76.88
HAM,Mercedes,45,0 days 00:01:18.833000,HARD,14,2,FALSE,Monaco,2023,78.833
HAM,Mercedes,46,0 days 00:01:16.850000,HARD,15,2,FALSE,Monaco,2023,76.85
HAM,Mercedes,47,0 days 00:01:16.257000,HARD,16,2,FALSE,Monaco,2023,76.257
HAM,Mercedes,48,0 days 00:01:16.860000,HARD,17,2,FALSE,Monaco,2023,76.86
HAM,Mercedes,49,0 days 00:01:16.781000,HARD,18,2,FALSE,Monaco,2023,76.781
HAM,Mercedes,50,0 days 00:01:17.110000,HARD,19,2,FALSE,Monaco,2023,77.11
HAM,Mercedes,51,0 days 00:01:18.294000,HARD,20,2,FALSE,Monaco,2023,78.294
HAM,Mercedes,52,0 days 00:01:26.237000,HARD,21,2,FALSE,Monaco,2023,86.237
HAM,Mercedes,53,0 days 00:01:31.341000,HARD,22,2,FALSE,Monaco,2023,91.341
HAM,Mercedes,54,0 days 00:01:55.141000,HARD,23,2,FALSE,Monaco,2023,115.141
HAM,Mercedes,55,0 days 00:01:39.603000,INTERMEDIATE,1,3,FALSE,Monaco,2023,99.603
HAM,Mercedes,56,0 days 00:01:41.277000,INTERMEDIATE,2,3,FALSE,Monaco,2023,101.277
HAM,Mercedes,57,0 days 00:01:43.278000,INTERMEDIATE,3,3,FALSE,Monaco,2023,103.278
HAM,Mercedes,58,0 days 00:01:43.378000,INTERMEDIATE,4,3,FALSE,Monaco,2023,103.378
HAM,Mercedes,59,0 days 00:01:45.199000,INTERMEDIATE,5,3,FALSE,Monaco,2023,105.199
HAM,Mercedes,60,0 days 00:01:43.041000,INTERMEDIATE,6,3,FALSE,Monaco,2023,103.041
HAM,Mercedes,61,0 days 00:01:42.396000,INTERMEDIATE,7,3,FALSE,Monaco,2023,102.396
HAM,Mercedes,62,0 days 00:01:42.287000,INTERMEDIATE,8,3,FALSE,Monaco,2023,102.287
HAM,Mercedes,63,0 days 00:01:41.315000,INTERMEDIATE,9,3,FALSE,Monaco,2023,101.315
HAM,Mercedes,64,0 days 00:01:38.957000,INTERMEDIATE,10,3,FALSE,Monaco,2023,98.957
HAM,Mercedes,65,0 days 00:01:37.636000,INTERMEDIATE,11,3,FALSE,Monaco,2023,97.636
HAM,Mercedes,66,0 days 00:01:36.203000,INTERMEDIATE,12,3,FALSE,Monaco,2023,96.203
HAM,Mercedes,67,0 days 00:01:34.539000,INTERMEDIATE,13,3,FALSE,Monaco,2023,94.539
HAM,Mercedes,68,0 days 00:01:32.866000,INTERMEDIATE,14,3,FALSE,Monaco,2023,92.866
HAM,Mercedes,69,0 days 00:01:33.757000,INTERMEDIATE,15,3,FALSE,Monaco,2023,93.757
HAM,Mercedes,70,0 days 00:01:29.680000,INTERMEDIATE,16,3,FALSE,Monaco,2023,89.68
HAM,Mercedes,71,0 days 00:01:29.667000,INTERMEDIATE,17,3,FALSE,Monaco,2023,89.667
HAM,Mercedes,72,0 days 00:01:29.415000,INTERMEDIATE,18,3,FALSE,Monaco,2023,89.415
HAM,Mercedes,73,0 days 00:01:27.735000,INTERMEDIATE,19,3,FALSE,Monaco,2023,87.735
HAM,Mercedes,74,0 days 00:01:26.304000,INTERMEDIATE,20,3,FALSE,Monaco,2023,86.304
HAM,Mercedes,75,0 days 00:01:25.242000,INTERMEDIATE,21,3,FALSE,Monaco,2023,85.242
HAM,Mercedes,76,0 days 00:01:24.651000,INTERMEDIATE,22,3,FALSE,Monaco,2023,84.651
HAM,Mercedes,77,0 days 00:01:26.210000,INTERMEDIATE,23,3,FALSE,Monaco,2023,86.21
HAM,Mercedes,78,0 days 00:01:25.105000,INTERMEDIATE,24,3,FALSE,Monaco,2023,85.105
SAI,Ferrari,1,0 days 00:01:27.390000,HARD,1,1,FALSE,Monaco,2023,87.39
SAI,Ferrari,2,0 days 00:01:20.593000,HARD,2,1,TRUE,Monaco,2023,80.593
SAI,Ferrari,3,0 days 00:01:19.958000,HARD,3,1,TRUE,Monaco,2023,79.958
SAI,Ferrari,4,0 days 00:01:19.482000,HARD,4,1,TRUE,Monaco,2023,79.482
SAI,Ferrari,5,0 days 00:01:18.723000,HARD,5,1,TRUE,Monaco,2023,78.723
SAI,Ferrari,6,0 days 00:01:18.764000,HARD,6,1,FALSE,Monaco,2023,78.764
SAI,Ferrari,7,0 days 00:01:18.697000,HARD,7,1,TRUE,Monaco,2023,78.697
SAI,Ferrari,8,0 days 00:01:18.637000,HARD,8,1,TRUE,Monaco,2023,78.637
SAI,Ferrari,9,0 days 00:01:18.306000,HARD,9,1,TRUE,Monaco,2023,78.306
SAI,Ferrari,10,0 days 00:01:18.070000,HARD,10,1,TRUE,Monaco,2023,78.07
SAI,Ferrari,11,0 days 00:01:18.265000,HARD,11,1,FALSE,Monaco,2023,78.265
SAI,Ferrari,12,0 days 00:01:18.947000,HARD,12,1,FALSE,Monaco,2023,78.947
SAI,Ferrari,13,0 days 00:01:18.286000,HARD,13,1,FALSE,Monaco,2023,78.286
SAI,Ferrari,14,0 days 00:01:18.107000,HARD,14,1,FALSE,Monaco,2023,78.107
SAI,Ferrari,15,0 days 00:01:17.883000,HARD,15,1,TRUE,Monaco,2023,77.883
SAI,Ferrari,16,0 days 00:01:18.239000,HARD,16,1,FALSE,Monaco,2023,78.239
SAI,Ferrari,17,0 days 00:01:18.360000,HARD,17,1,FALSE,Monaco,2023,78.36
SAI,Ferrari,18,0 days 00:01:18.178000,HARD,18,1,FALSE,Monaco,2023,78.178
SAI,Ferrari,19,0 days 00:01:17.999000,HARD,19,1,FALSE,Monaco,2023,77.999
SAI,Ferrari,20,0 days 00:01:18.032000,HARD,20,1,FALSE,Monaco,2023,78.032
SAI,Ferrari,21,0 days 00:01:18.006000,HARD,21,1,FALSE,Monaco,2023,78.006
SAI,Ferrari,22,0 days 00:01:18.007000,HARD,22,1,FALSE,Monaco,2023,78.007
SAI,Ferrari,23,0 days 00:01:18.006000,HARD,23,1,FALSE,Monaco,2023,78.006
SAI,Ferrari,24,0 days 00:01:17.912000,HARD,24,1,FALSE,Monaco,2023,77.912
SAI,Ferrari,25,0 days 00:01:17.464000,HARD,25,1,TRUE,Monaco,2023,77.464
SAI,Ferrari,26,0 days 00:01:17.366000,HARD,26,1,TRUE,Monaco,2023,77.366
SAI,Ferrari,27,0 days 00:01:17.318000,HARD,27,1,TRUE,Monaco,2023,77.318
SAI,Ferrari,28,0 days 00:01:17.316000,HARD,28,1,TRUE,Monaco,2023,77.316
SAI,Ferrari,29,0 days 00:01:17.171000,HARD,29,1,TRUE,Monaco,2023,77.171
SAI,Ferrari,30,0 days 00:01:17.220000,HARD,30,1,FALSE,Monaco,2023,77.22
SAI,Ferrari,31,0 days 00:01:17.465000,HARD,31,1,FALSE,Monaco,2023,77.465
SAI,Ferrari,32,0 days 00:01:17.180000,HARD,32,1,FALSE,Monaco,2023,77.18
SAI,Ferrari,33,0 days 00:01:33.612000,HARD,33,1,FALSE,Monaco,2023,93.612
SAI,Ferrari,34,0 days 00:01:20.767000,MEDIUM,1,2,FALSE,Monaco,2023,80.767
SAI,Ferrari,35,0 days 00:01:16.628000,MEDIUM,2,2,TRUE,Monaco,2023,76.628
SAI,Ferrari,36,0 days 00:01:17.979000,MEDIUM,3,2,FALSE,Monaco,2023,77.979
SAI,Ferrari,37,0 days 00:01:17.565000,MEDIUM,4,2,FALSE,Monaco,2023,77.565
SAI,Ferrari,38,0 days 00:01:16.786000,MEDIUM,5,2,FALSE,Monaco,2023,76.786
SAI,Ferrari,39,0 days 00:01:17.175000,MEDIUM,6,2,FALSE,Monaco,2023,77.175
SAI,Ferrari,40,0 days 00:01:17.023000,MEDIUM,7,2,FALSE,Monaco,2023,77.023
SAI,Ferrari,41,0 days 00:01:16.651000,MEDIUM,8,2,FALSE,Monaco,2023,76.651
SAI,Ferrari,42,0 days 00:01:16.467000,MEDIUM,9,2,TRUE,Monaco,2023,76.467
SAI,Ferrari,43,0 days 00:01:16.449000,MEDIUM,10,2,TRUE,Monaco,2023,76.449
SAI,Ferrari,44,0 days 00:01:17.760000,MEDIUM,11,2,FALSE,Monaco,2023,77.76
SAI,Ferrari,45,0 days 00:01:17.146000,MEDIUM,12,2,FALSE,Monaco,2023,77.146
SAI,Ferrari,46,0 days 00:01:17.220000,MEDIUM,13,2,FALSE,Monaco,2023,77.22
SAI,Ferrari,47,0 days 00:01:16.732000,MEDIUM,14,2,FALSE,Monaco,2023,76.732
SAI,Ferrari,48,0 days 00:01:16.561000,MEDIUM,15,2,FALSE,Monaco,2023,76.561
SAI,Ferrari,49,0 days 00:01:17.014000,MEDIUM,16,2,FALSE,Monaco,2023,77.014
SAI,Ferrari,50,0 days 00:01:16.917000,MEDIUM,17,2,FALSE,Monaco,2023,76.917
SAI,Ferrari,51,0 days 00:01:19.013000,MEDIUM,18,2,FALSE,Monaco,2023,79.013
SAI,Ferrari,52,0 days 00:01:26.201000,MEDIUM,19,2,FALSE,Monaco,2023,86.201
SAI,Ferrari,53,0 days 00:01:30.068000,MEDIUM,20,2,FALSE,Monaco,2023,90.068
SAI,Ferrari,54,0 days 00:01:37.315000,MEDIUM,21,2,FALSE,Monaco,2023,97.315
SAI,Ferrari,55,0 days 00:02:19.381000,MEDIUM,22,2,FALSE,Monaco,2023,139.381
SAI,Ferrari,56,0 days 00:01:42.320000,INTERMEDIATE,1,3,FALSE,Monaco,2023,102.32
SAI,Ferrari,57,0 days 00:01:41.192000,INTERMEDIATE,2,3,FALSE,Monaco,2023,101.192
SAI,Ferrari,58,0 days 00:01:43.462000,INTERMEDIATE,3,3,FALSE,Monaco,2023,103.462
SAI,Ferrari,59,0 days 00:01:42.820000,INTERMEDIATE,4,3,FALSE,Monaco,2023,102.82
SAI,Ferrari,60,0 days 00:01:43.041000,INTERMEDIATE,5,3,FALSE,Monaco,2023,103.041
SAI,Ferrari,61,0 days 00:01:42.633000,INTERMEDIATE,6,3,FALSE,Monaco,2023,102.633
SAI,Ferrari,62,0 days 00:01:40.780000,INTERMEDIATE,7,3,FALSE,Monaco,2023,100.78
SAI,Ferrari,63,0 days 00:01:39.899000,INTERMEDIATE,8,3,FALSE,Monaco,2023,99.899
SAI,Ferrari,64,0 days 00:01:39.306000,INTERMEDIATE,9,3,FALSE,Monaco,2023,99.306
SAI,Ferrari,65,0 days 00:01:37.838000,INTERMEDIATE,10,3,FALSE,Monaco,2023,97.838
SAI,Ferrari,66,0 days 00:01:36.238000,INTERMEDIATE,11,3,FALSE,Monaco,2023,96.238
SAI,Ferrari,67,0 days 00:01:34.999000,INTERMEDIATE,12,3,FALSE,Monaco,2023,94.999
SAI,Ferrari,68,0 days 00:01:33.322000,INTERMEDIATE,13,3,FALSE,Monaco,2023,93.322
SAI,Ferrari,69,0 days 00:01:35.394000,INTERMEDIATE,14,3,FALSE,Monaco,2023,95.394
SAI,Ferrari,70,0 days 00:01:32.130000,INTERMEDIATE,15,3,FALSE,Monaco,2023,92.13
SAI,Ferrari,71,0 days 00:01:29.920000,INTERMEDIATE,16,3,FALSE,Monaco,2023,89.92
SAI,Ferrari,72,0 days 00:01:29.849000,INTERMEDIATE,17,3,FALSE,Monaco,2023,89.849
SAI,Ferrari,73,0 days 00:01:27.840000,INTERMEDIATE,18,3,FALSE,Monaco,2023,87.84
SAI,Ferrari,74,0 days 00:01:28.585000,INTERMEDIATE,19,3,FALSE,Monaco,2023,88.585
SAI,Ferrari,75,0 days 00:01:26.388000,INTERMEDIATE,20,3,FALSE,Monaco,2023,86.388
SAI,Ferrari,76,0 days 00:01:25.776000,INTERMEDIATE,21,3,FALSE,Monaco,2023,85.776
SAI,Ferrari,77,0 days 00:01:25.579000,INTERMEDIATE,22,3,FALSE,Monaco,2023,85.579
SAI,Ferrari,78,0 days 00:01:26.283000,INTERMEDIATE,23,3,FALSE,Monaco,2023,86.283
RUS,Mercedes,1,0 days 00:01:30.387000,HARD,1,1,FALSE,Monaco,2023,90.387
RUS,Mercedes,2,0 days 00:01:21.155000,HARD,2,1,TRUE,Monaco,2023,81.155
RUS,Mercedes,3,0 days 00:01:20.291000,HARD,3,1,TRUE,Monaco,2023,80.291
RUS,Mercedes,4,0 days 00:01:20.030000,HARD,4,1,TRUE,Monaco,2023,80.03
RUS,Mercedes,5,0 days 00:01:18.840000,HARD,5,1,TRUE,Monaco,2023,78.84
RUS,Mercedes,6,0 days 00:01:18.945000,HARD,6,1,FALSE,Monaco,2023,78.945
RUS,Mercedes,7,0 days 00:01:18.583000,HARD,7,1,TRUE,Monaco,2023,78.583
RUS,Mercedes,8,0 days 00:01:18.990000,HARD,8,1,FALSE,Monaco,2023,78.99
RUS,Mercedes,9,0 days 00:01:19.025000,HARD,9,1,FALSE,Monaco,2023,79.025
RUS,Mercedes,10,0 days 00:01:18.566000,HARD,10,1,TRUE,Monaco,2023,78.566
RUS,Mercedes,11,0 days 00:01:18.483000,HARD,11,1,TRUE,Monaco,2023,78.483
RUS,Mercedes,12,0 days 00:01:18.459000,HARD,12,1,TRUE,Monaco,2023,78.459
RUS,Mercedes,13,0 days 00:01:17.787000,HARD,13,1,TRUE,Monaco,2023,77.787
RUS,Mercedes,14,0 days 00:01:18.286000,HARD,14,1,FALSE,Monaco,2023,78.286
RUS,Mercedes,15,0 days 00:01:18.531000,HARD,15,1,FALSE,Monaco,2023,78.531
RUS,Mercedes,16,0 days 00:01:18.502000,HARD,16,1,FALSE,Monaco,2023,78.502
RUS,Mercedes,17,0 days 00:01:18.244000,HARD,17,1,FALSE,Monaco,2023,78.244
RUS,Mercedes,18,0 days 00:01:18.229000,HARD,18,1,FALSE,Monaco,2023,78.229
RUS,Mercedes,19,0 days 00:01:18.299000,HARD,19,1,FALSE,Monaco,2023,78.299
RUS,Mercedes,20,0 days 00:01:18.320000,HARD,20,1,FALSE,Monaco,2023,78.32
RUS,Mercedes,21,0 days 00:01:18.086000,HARD,21,1,FALSE,Monaco,2023,78.086
RUS,Mercedes,22,0 days 00:01:17.879000,HARD,22,1,FALSE,Monaco,2023,77.879
RUS,Mercedes,23,0 days 00:01:18.111000,HARD,23,1,FALSE,Monaco,2023,78.111
RUS,Mercedes,24,0 days 00:01:17.709000,HARD,24,1,TRUE,Monaco,2023,77.709
RUS,Mercedes,25,0 days 00:01:17.648000,HARD,25,1,TRUE,Monaco,2023,77.648
RUS,Mercedes,26,0 days 00:01:17.900000,HARD,26,1,FALSE,Monaco,2023,77.9
RUS,Mercedes,27,0 days 00:01:17.837000,HARD,27,1,FALSE,Monaco,2023,77.837
RUS,Mercedes,28,0 days 00:01:17.353000,HARD,28,1,TRUE,Monaco,2023,77.353
RUS,Mercedes,29,0 days 00:01:17.332000,HARD,29,1,TRUE,Monaco,2023,77.332
RUS,Mercedes,30,0 days 00:01:17.300000,HARD,30,1,TRUE,Monaco,2023,77.3
RUS,Mercedes,31,0 days 00:01:17.404000,HARD,31,1,FALSE,Monaco,2023,77.404
RUS,Mercedes,32,0 days 00:01:17.474000,HARD,32,1,FALSE,Monaco,2023,77.474
RUS,Mercedes,33,0 days 00:01:17.556000,HARD,33,1,FALSE,Monaco,2023,77.556
RUS,Mercedes,34,0 days 00:01:17.569000,HARD,34,1,FALSE,Monaco,2023,77.569
RUS,Mercedes,35,0 days 00:01:17.568000,HARD,35,1,FALSE,Monaco,2023,77.568
RUS,Mercedes,36,0 days 00:01:17.111000,HARD,36,1,TRUE,Monaco,2023,77.111
RUS,Mercedes,37,0 days 00:01:17.335000,HARD,37,1,FALSE,Monaco,2023,77.335
RUS,Mercedes,38,0 days 00:01:17.195000,HARD,38,1,FALSE,Monaco,2023,77.195
RUS,Mercedes,39,0 days 00:01:17.339000,HARD,39,1,FALSE,Monaco,2023,77.339
RUS,Mercedes,40,0 days 00:01:17.215000,HARD,40,1,FALSE,Monaco,2023,77.215
RUS,Mercedes,41,0 days 00:01:17.323000,HARD,41,1,FALSE,Monaco,2023,77.323
RUS,Mercedes,42,0 days 00:01:17.979000,HARD,42,1,FALSE,Monaco,2023,77.979
RUS,Mercedes,43,0 days 00:01:17.847000,HARD,43,1,FALSE,Monaco,2023,77.847
RUS,Mercedes,44,0 days 00:01:17.967000,HARD,44,1,FALSE,Monaco,2023,77.967
RUS,Mercedes,45,0 days 00:01:17.545000,HARD,45,1,FALSE,Monaco,2023,77.545
RUS,Mercedes,46,0 days 00:01:17.068000,HARD,46,1,TRUE,Monaco,2023,77.068
RUS,Mercedes,47,0 days 00:01:17.060000,HARD,47,1,TRUE,Monaco,2023,77.06
RUS,Mercedes,48,0 days 00:01:16.798000,HARD,48,1,TRUE,Monaco,2023,76.798
RUS,Mercedes,49,0 days 00:01:17.223000,HARD,49,1,FALSE,Monaco,2023,77.223
RUS,Mercedes,50,0 days 00:01:17.635000,HARD,50,1,FALSE,Monaco,2023,77.635
RUS,Mercedes,51,0 days 00:01:19.640000,HARD,51,1,FALSE,Monaco,2023,79.64
RUS,Mercedes,52,0 days 00:01:24.754000,HARD,52,1,FALSE,Monaco,2023,84.754
RUS,Mercedes,53,0 days 00:01:28.625000,HARD,53,1,FALSE,Monaco,2023,88.625
RUS,Mercedes,54,0 days 00:01:57.545000,HARD,54,1,FALSE,Monaco,2023,117.545
RUS,Mercedes,55,0 days 00:01:55.804000,INTERMEDIATE,1,2,FALSE,Monaco,2023,115.804
RUS,Mercedes,56,0 days 00:01:41.302000,INTERMEDIATE,2,2,FALSE,Monaco,2023,101.302
RUS,Mercedes,57,0 days 00:01:43.554000,INTERMEDIATE,3,2,FALSE,Monaco,2023,103.554
RUS,Mercedes,58,0 days 00:01:42.155000,INTERMEDIATE,4,2,FALSE,Monaco,2023,102.155
RUS,Mercedes,59,0 days 00:01:43.463000,INTERMEDIATE,5,2,FALSE,Monaco,2023,103.463
RUS,Mercedes,60,0 days 00:01:43.530000,INTERMEDIATE,6,2,FALSE,Monaco,2023,103.53
RUS,Mercedes,61,0 days 00:01:41.329000,INTERMEDIATE,7,2,FALSE,Monaco,2023,101.329
RUS,Mercedes,62,0 days 00:01:41.104000,INTERMEDIATE,8,2,FALSE,Monaco,2023,101.104
RUS,Mercedes,63,0 days 00:01:39.713000,INTERMEDIATE,9,2,FALSE,Monaco,2023,99.713
RUS,Mercedes,64,0 days 00:01:38.229000,INTERMEDIATE,10,2,FALSE,Monaco,2023,98.229
RUS,Mercedes,65,0 days 00:01:36.696000,INTERMEDIATE,11,2,FALSE,Monaco,2023,96.696
RUS,Mercedes,66,0 days 00:01:35.991000,INTERMEDIATE,12,2,FALSE,Monaco,2023,95.991
RUS,Mercedes,67,0 days 00:01:34.751000,INTERMEDIATE,13,2,FALSE,Monaco,2023,94.751
RUS,Mercedes,68,0 days 00:01:33.647000,INTERMEDIATE,14,2,FALSE,Monaco,2023,93.647
RUS,Mercedes,69,0 days 00:01:33.734000,INTERMEDIATE,15,2,FALSE,Monaco,2023,93.734
RUS,Mercedes,70,0 days 00:01:30.929000,INTERMEDIATE,16,2,FALSE,Monaco,2023,90.929
RUS,Mercedes,71,0 days 00:01:30.709000,INTERMEDIATE,17,2,FALSE,Monaco,2023,90.709
RUS,Mercedes,72,0 days 00:01:30.012000,INTERMEDIATE,18,2,FALSE,Monaco,2023,90.012
RUS,Mercedes,73,0 days 00:01:28.921000,INTERMEDIATE,19,2,FALSE,Monaco,2023,88.921
RUS,Mercedes,74,0 days 00:01:27.787000,INTERMEDIATE,20,2,FALSE,Monaco,2023,87.787
RUS,Mercedes,75,0 days 00:01:26.399000,INTERMEDIATE,21,2,FALSE,Monaco,2023,86.399
RUS,Mercedes,76,0 days 00:01:25.436000,INTERMEDIATE,22,2,FALSE,Monaco,2023,85.436
RUS,Mercedes,77,0 days 00:01:26.978000,INTERMEDIATE,23,2,FALSE,Monaco,2023,86.978
RUS,Mercedes,78,0 days 00:01:27.209000,INTERMEDIATE,24,2,FALSE,Monaco,2023,87.209
BOT,Alfa Romeo,1,0 days 00:01:36.914000,HARD,1,1,FALSE,Monaco,2023,96.914
BOT,Alfa Romeo,2,0 days 00:01:20.021000,HARD,2,1,TRUE,Monaco,2023,80.021
BOT,Alfa Romeo,3,0 days 00:01:20.142000,HARD,3,1,FALSE,Monaco,2023,80.142
BOT,Alfa Romeo,4,0 days 00:01:20.341000,HARD,4,1,FALSE,Monaco,2023,80.341
BOT,Alfa Romeo,5,0 days 00:01:20.022000,HARD,5,1,FALSE,Monaco,2023,80.022
BOT,Alfa Romeo,6,0 days 00:01:19.165000,HARD,6,1,TRUE,Monaco,2023,79.165
BOT,Alfa Romeo,7,0 days 00:01:19.167000,HARD,7,1,FALSE,Monaco,2023,79.167
BOT,Alfa Romeo,8,0 days 00:01:18.774000,HARD,8,1,TRUE,Monaco,2023,78.774
BOT,Alfa Romeo,9,0 days 00:01:19.007000,HARD,9,1,FALSE,Monaco,2023,79.007
BOT,Alfa Romeo,10,0 days 00:01:19.527000,HARD,10,1,FALSE,Monaco,2023,79.527
BOT,Alfa Romeo,11,0 days 00:01:19.380000,HARD,11,1,FALSE,Monaco,2023,79.38
BOT,Alfa Romeo,12,0 days 00:01:20.206000,HARD,12,1,FALSE,Monaco,2023,80.206
BOT,Alfa Romeo,13,0 days 00:01:19.511000,HARD,13,1,FALSE,Monaco,2023,79.511
BOT,Alfa Romeo,14,0 days 00:01:20.067000,HARD,14,1,FALSE,Monaco,2023,80.067
BOT,Alfa Romeo,15,0 days 00:01:20.912000,HARD,15,1,FALSE,Monaco,2023,80.912
BOT,Alfa Romeo,16,0 days 00:01:20.480000,HARD,16,1,FALSE,Monaco,2023,80.48
BOT,Alfa Romeo,17,0 days 00:01:20.577000,HARD,17,1,FALSE,Monaco,2023,80.577
BOT,Alfa Romeo,18,0 days 00:01:18.764000,HARD,18,1,TRUE,Monaco,2023,78.764
BOT,Alfa Romeo,19,0 days 00:01:17.824000,HARD,19,1,TRUE,Monaco,2023,77.824
BOT,Alfa Romeo,20,0 days 00:01:18.024000,HARD,20,1,FALSE,Monaco,2023,78.024
BOT,Alfa Romeo,21,0 days 00:01:18.024000,HARD,21,1,FALSE,Monaco,2023,78.024
BOT,Alfa Romeo,22,0 days 00:01:18.260000,HARD,22,1,FALSE,Monaco,2023,78.26
BOT,Alfa Romeo,23,0 days 00:01:18.737000,HARD,23,1,FALSE,Monaco,2023,78.737
BOT,Alfa Romeo,24,0 days 00:01:20.068000,HARD,24,1,FALSE,Monaco,2023,80.068
BOT,Alfa Romeo,25,0 days 00:01:20.203000,HARD,25,1,FALSE,Monaco,2023,80.203
BOT,Alfa Romeo,26,0 days 00:01:20.222000,HARD,26,1,FALSE,Monaco,2023,80.222
BOT,Alfa Romeo,27,0 days 00:01:20.162000,HARD,27,1,FALSE,Monaco,2023,80.162
BOT,Alfa Romeo,28,0 days 00:01:19.853000,HARD,28,1,FALSE,Monaco,2023,79.853
BOT,Alfa Romeo,29,0 days 00:01:20.208000,HARD,29,1,FALSE,Monaco,2023,80.208
BOT,Alfa Romeo,30,0 days 00:01:19.393000,HARD,30,1,FALSE,Monaco,2023,79.393
BOT,Alfa Romeo,31,0 days 00:01:19.021000,HARD,31,1,FALSE,Monaco,2023,79.021
BOT,Alfa Romeo,32,0 days 00:01:19.470000,HARD,32,1,FALSE,Monaco,2023,79.47
BOT,Alfa Romeo,33,0 days 00:01:18.655000,HARD,33,1,FALSE,Monaco,2023,78.655
BOT,Alfa Romeo,34,0 days 00:01:20.226000,HARD,34,1,FALSE,Monaco,2023,80.226
BOT,Alfa Romeo,35,0 days 00:01:19.889000,HARD,35,1,FALSE,Monaco,2023,79.889
BOT,Alfa Romeo,36,0 days 00:01:19.139000,HARD,36,1,FALSE,Monaco,2023,79.139
BOT,Alfa Romeo,37,0 days 00:01:19.112000,HARD,37,1,FALSE,Monaco,2023,79.112
BOT,Alfa Romeo,38,0 days 00:01:20.070000,HARD,38,1,FALSE,Monaco,2023,80.07
BOT,Alfa Romeo,39,0 days 00:01:18.876000,HARD,39,1,FALSE,Monaco,2023,78.876
BOT,Alfa Romeo,40,0 days 00:01:18.968000,HARD,40,1,FALSE,Monaco,2023,78.968
BOT,Alfa Romeo,41,0 days 00:01:18.706000,HARD,41,1,FALSE,Monaco,2023,78.706
BOT,Alfa Romeo,42,0 days 00:01:18.435000,HARD,42,1,FALSE,Monaco,2023,78.435
BOT,Alfa Romeo,43,0 days 00:01:18.685000,HARD,43,1,FALSE,Monaco,2023,78.685
BOT,Alfa Romeo,44,0 days 00:01:18.606000,HARD,44,1,FALSE,Monaco,2023,78.606
BOT,Alfa Romeo,45,0 days 00:01:18.202000,HARD,45,1,FALSE,Monaco,2023,78.202
BOT,Alfa Romeo,46,0 days 00:01:18.153000,HARD,46,1,FALSE,Monaco,2023,78.153
BOT,Alfa Romeo,47,0 days 00:01:18.343000,HARD,47,1,FALSE,Monaco,2023,78.343
BOT,Alfa Romeo,48,0 days 00:01:18.151000,HARD,48,1,FALSE,Monaco,2023,78.151
BOT,Alfa Romeo,49,0 days 00:01:18.383000,HARD,49,1,FALSE,Monaco,2023,78.383
BOT,Alfa Romeo,50,0 days 00:01:19.704000,HARD,50,1,FALSE,Monaco,2023,79.704
BOT,Alfa Romeo,51,0 days 00:01:49.586000,HARD,51,1,FALSE,Monaco,2023,109.586
BOT,Alfa Romeo,52,0 days 00:01:32.154000,INTERMEDIATE,1,2,FALSE,Monaco,2023,92.154
BOT,Alfa Romeo,53,0 days 00:01:32.720000,INTERMEDIATE,2,2,FALSE,Monaco,2023,92.72
BOT,Alfa Romeo,54,0 days 00:01:38.747000,INTERMEDIATE,3,2,FALSE,Monaco,2023,98.747
BOT,Alfa Romeo,55,0 days 00:01:43.627000,INTERMEDIATE,4,2,FALSE,Monaco,2023,103.627
BOT,Alfa Romeo,56,0 days 00:01:40.028000,INTERMEDIATE,5,2,FALSE,Monaco,2023,100.028
BOT,Alfa Romeo,57,0 days 00:01:40.402000,INTERMEDIATE,6,2,FALSE,Monaco,2023,100.402
BOT,Alfa Romeo,58,0 days 00:01:42.952000,INTERMEDIATE,7,2,FALSE,Monaco,2023,102.952
BOT,Alfa Romeo,59,0 days 00:01:42.622000,INTERMEDIATE,8,2,FALSE,Monaco,2023,102.622
BOT,Alfa Romeo,60,0 days 00:01:41.926000,INTERMEDIATE,9,2,FALSE,Monaco,2023,101.926
BOT,Alfa Romeo,61,0 days 00:01:40.096000,INTERMEDIATE,10,2,FALSE,Monaco,2023,100.096
BOT,Alfa Romeo,62,0 days 00:01:39.577000,INTERMEDIATE,11,2,FALSE,Monaco,2023,99.577
BOT,Alfa Romeo,63,0 days 00:01:39.237000,INTERMEDIATE,12,2,FALSE,Monaco,2023,99.237
BOT,Alfa Romeo,64,0 days 00:01:37.459000,INTERMEDIATE,13,2,FALSE,Monaco,2023,97.459
BOT,Alfa Romeo,65,0 days 00:01:36.440000,INTERMEDIATE,14,2,FALSE,Monaco,2023,96.44
BOT,Alfa Romeo,66,0 days 00:01:35.048000,INTERMEDIATE,15,2,FALSE,Monaco,2023,95.048
BOT,Alfa Romeo,67,0 days 00:01:35.077000,INTERMEDIATE,16,2,FALSE,Monaco,2023,95.077
BOT,Alfa Romeo,68,0 days 00:01:34.038000,INTERMEDIATE,17,2,FALSE,Monaco,2023,94.038
BOT,Alfa Romeo,69,0 days 00:01:30.766000,INTERMEDIATE,18,2,FALSE,Monaco,2023,90.766
BOT,Alfa Romeo,70,0 days 00:01:32.495000,INTERMEDIATE,19,2,FALSE,Monaco,2023,92.495
BOT,Alfa Romeo,71,0 days 00:01:31.967000,INTERMEDIATE,20,2,FALSE,Monaco,2023,91.967
BOT,Alfa Romeo,72,0 days 00:01:32.025000,INTERMEDIATE,21,2,FALSE,Monaco,2023,92.025
BOT,Alfa Romeo,73,0 days 00:01:27.230000,INTERMEDIATE,22,2,FALSE,Monaco,2023,87.23
BOT,Alfa Romeo,74,0 days 00:01:26.646000,INTERMEDIATE,23,2,FALSE,Monaco,2023,86.646
BOT,Alfa Romeo,75,0 days 00:01:26.553000,INTERMEDIATE,24,2,FALSE,Monaco,2023,86.553
BOT,Alfa Romeo,76,0 days 00:01:24.637000,INTERMEDIATE,25,2,FALSE,Monaco,2023,84.637
BOT,Alfa Romeo,77,0 days 00:01:24.139000,INTERMEDIATE,26,2,FALSE,Monaco,2023,84.139
PIA,McLaren,1,0 days 00:01:33.070000,HARD,1,1,FALSE,Monaco,2023,93.07
PIA,McLaren,2,0 days 00:01:21.804000,HARD,2,1,TRUE,Monaco,2023,81.804
PIA,McLaren,3,0 days 00:01:20.532000,HARD,3,1,TRUE,Monaco,2023,80.532
PIA,McLaren,4,0 days 00:01:20.408000,HARD,4,1,TRUE,Monaco,2023,80.408
PIA,McLaren,5,0 days 00:01:19.707000,HARD,5,1,TRUE,Monaco,2023,79.707
PIA,McLaren,6,0 days 00:01:19.247000,HARD,6,1,TRUE,Monaco,2023,79.247
PIA,McLaren,7,0 days 00:01:18.869000,HARD,7,1,TRUE,Monaco,2023,78.869
PIA,McLaren,8,0 days 00:01:18.828000,HARD,8,1,TRUE,Monaco,2023,78.828
PIA,McLaren,9,0 days 00:01:19.346000,HARD,9,1,FALSE,Monaco,2023,79.346
PIA,McLaren,10,0 days 00:01:19.015000,HARD,10,1,FALSE,Monaco,2023,79.015
PIA,McLaren,11,0 days 00:01:18.900000,HARD,11,1,FALSE,Monaco,2023,78.9
PIA,McLaren,12,0 days 00:01:20.302000,HARD,12,1,FALSE,Monaco,2023,80.302
PIA,McLaren,13,0 days 00:01:19.265000,HARD,13,1,FALSE,Monaco,2023,79.265
PIA,McLaren,14,0 days 00:01:19.285000,HARD,14,1,FALSE,Monaco,2023,79.285
PIA,McLaren,15,0 days 00:01:19.134000,HARD,15,1,FALSE,Monaco,2023,79.134
PIA,McLaren,16,0 days 00:01:18.718000,HARD,16,1,TRUE,Monaco,2023,78.718
PIA,McLaren,17,0 days 00:01:19.053000,HARD,17,1,FALSE,Monaco,2023,79.053
PIA,McLaren,18,0 days 00:01:18.765000,HARD,18,1,FALSE,Monaco,2023,78.765
PIA,McLaren,19,0 days 00:01:19.416000,HARD,19,1,FALSE,Monaco,2023,79.416
PIA,McLaren,20,0 days 00:01:19.281000,HARD,20,1,FALSE,Monaco,2023,79.281
PIA,McLaren,21,0 days 00:01:19.065000,HARD,21,1,FALSE,Monaco,2023,79.065
PIA,McLaren,22,0 days 00:01:19.025000,HARD,22,1,FALSE,Monaco,2023,79.025
PIA,McLaren,23,0 days 00:01:19.520000,HARD,23,1,FALSE,Monaco,2023,79.52
PIA,McLaren,24,0 days 00:01:19.359000,HARD,24,1,FALSE,Monaco,2023,79.359
PIA,McLaren,25,0 days 00:01:19.382000,HARD,25,1,FALSE,Monaco,2023,79.382
PIA,McLaren,26,0 days 00:01:20.198000,HARD,26,1,FALSE,Monaco,2023,80.198
PIA,McLaren,27,0 days 00:01:19.524000,HARD,27,1,FALSE,Monaco,2023,79.524
PIA,McLaren,28,0 days 00:01:18.485000,HARD,28,1,TRUE,Monaco,2023,78.485
PIA,McLaren,29,0 days 00:01:18.335000,HARD,29,1,TRUE,Monaco,2023,78.335
PIA,McLaren,30,0 days 00:01:18.363000,HARD,30,1,FALSE,Monaco,2023,78.363
PIA,McLaren,31,0 days 00:01:18.115000,HARD,31,1,TRUE,Monaco,2023,78.115
PIA,McLaren,32,0 days 00:01:18.390000,HARD,32,1,FALSE,Monaco,2023,78.39
PIA,McLaren,33,0 days 00:01:18.259000,HARD,33,1,FALSE,Monaco,2023,78.259
PIA,McLaren,34,0 days 00:01:18.311000,HARD,34,1,FALSE,Monaco,2023,78.311
PIA,McLaren,35,0 days 00:01:18.328000,HARD,35,1,FALSE,Monaco,2023,78.328
PIA,McLaren,36,0 days 00:01:17.701000,HARD,36,1,TRUE,Monaco,2023,77.701
PIA,McLaren,37,0 days 00:01:17.842000,HARD,37,1,FALSE,Monaco,2023,77.842
PIA,McLaren,38,0 days 00:01:17.730000,HARD,38,1,FALSE,Monaco,2023,77.73
PIA,McLaren,39,0 days 00:01:17.873000,HARD,39,1,FALSE,Monaco,2023,77.873
PIA,McLaren,40,0 days 00:01:18.184000,HARD,40,1,FALSE,Monaco,2023,78.184
PIA,McLaren,41,0 days 00:01:18.555000,HARD,41,1,FALSE,Monaco,2023,78.555
PIA,McLaren,42,0 days 00:01:18.065000,HARD,42,1,FALSE,Monaco,2023,78.065
PIA,McLaren,43,0 days 00:01:18.148000,HARD,43,1,FALSE,Monaco,2023,78.148
PIA,McLaren,44,0 days 00:01:18.041000,HARD,44,1,FALSE,Monaco,2023,78.041
PIA,McLaren,45,0 days 00:01:17.846000,HARD,45,1,FALSE,Monaco,2023,77.846
PIA,McLaren,46,0 days 00:01:17.516000,HARD,46,1,TRUE,Monaco,2023,77.516
PIA,McLaren,47,0 days 00:01:17.513000,HARD,47,1,TRUE,Monaco,2023,77.513
PIA,McLaren,48,0 days 00:01:18.001000,HARD,48,1,FALSE,Monaco,2023,78.001
PIA,McLaren,49,0 days 00:01:21.248000,HARD,49,1,FALSE,Monaco,2023,81.248
PIA,McLaren,50,0 days 00:01:18.201000,HARD,50,1,FALSE,Monaco,2023,78.201
PIA,McLaren,51,0 days 00:01:23.586000,HARD,51,1,FALSE,Monaco,2023,83.586
PIA,McLaren,52,0 days 00:01:29.897000,HARD,52,1,FALSE,Monaco,2023,89.897
PIA,McLaren,53,0 days 00:01:36.843000,HARD,53,1,FALSE,Monaco,2023,96.843
PIA,McLaren,54,0 days 00:02:11.859000,HARD,54,1,FALSE,Monaco,2023,131.859
PIA,McLaren,55,0 days 00:01:46.026000,INTERMEDIATE,1,2,FALSE,Monaco,2023,106.026
PIA,McLaren,56,0 days 00:01:43.482000,INTERMEDIATE,2,2,FALSE,Monaco,2023,103.482
PIA,McLaren,57,0 days 00:01:43.431000,INTERMEDIATE,3,2,FALSE,Monaco,2023,103.431
PIA,McLaren,58,0 days 00:01:43.803000,INTERMEDIATE,4,2,FALSE,Monaco,2023,103.803
PIA,McLaren,59,0 days 00:01:42.379000,INTERMEDIATE,5,2,FALSE,Monaco,2023,102.379
PIA,McLaren,60,0 days 00:01:41.431000,INTERMEDIATE,6,2,FALSE,Monaco,2023,101.431
PIA,McLaren,61,0 days 00:01:41.089000,INTERMEDIATE,7,2,FALSE,Monaco,2023,101.089
PIA,McLaren,62,0 days 00:01:39.780000,INTERMEDIATE,8,2,FALSE,Monaco,2023,99.78
PIA,McLaren,63,0 days 00:01:38.882000,INTERMEDIATE,9,2,FALSE,Monaco,2023,98.882
PIA,McLaren,64,0 days 00:01:38.530000,INTERMEDIATE,10,2,FALSE,Monaco,2023,98.53
PIA,McLaren,65,0 days 00:01:37.419000,INTERMEDIATE,11,2,FALSE,Monaco,2023,97.419
PIA,McLaren,66,0 days 00:01:34.942000,INTERMEDIATE,12,2,FALSE,Monaco,2023,94.942
PIA,McLaren,67,0 days 00:01:36.653000,INTERMEDIATE,13,2,FALSE,Monaco,2023,96.653
PIA,McLaren,68,0 days 00:01:31.909000,INTERMEDIATE,14,2,FALSE,Monaco,2023,91.909
PIA,McLaren,69,0 days 00:01:31.253000,INTERMEDIATE,15,2,FALSE,Monaco,2023,91.253
PIA,McLaren,70,0 days 00:01:28.820000,INTERMEDIATE,16,2,FALSE,Monaco,2023,88.82
PIA,McLaren,71,0 days 00:01:27.670000,INTERMEDIATE,17,2,FALSE,Monaco,2023,87.67
PIA,McLaren,72,0 days 00:01:28.016000,INTERMEDIATE,18,2,FALSE,Monaco,2023,88.016
PIA,McLaren,73,0 days 00:01:27.443000,INTERMEDIATE,19,2,FALSE,Monaco,2023,87.443
PIA,McLaren,74,0 days 00:01:26.185000,INTERMEDIATE,20,2,FALSE,Monaco,2023,86.185
PIA,McLaren,75,0 days 00:01:26.143000,INTERMEDIATE,21,2,FALSE,Monaco,2023,86.143
PIA,McLaren,76,0 days 00:01:25.615000,INTERMEDIATE,22,2,FALSE,Monaco,2023,85.615
PIA,McLaren,77,0 days 00:01:24.785000,INTERMEDIATE,23,2,FALSE,Monaco,2023,84.785
VER,Red Bull Racing,1,0 days 00:01:27.905000,MEDIUM,1,1,FALSE,Monza,2023,87.905
VER,Red Bull Racing,2,0 days 00:01:26.163000,MEDIUM,2,1,TRUE,Monza,2023,86.163
VER,Red Bull Racing,3,0 days 00:01:25.702000,MEDIUM,3,1,TRUE,Monza,2023,85.702
VER,Red Bull Racing,4,0 days 00:01:26.050000,MEDIUM,4,1,FALSE,Monza,2023,86.05
VER,Red Bull Racing,5,0 days 00:01:26.176000,MEDIUM,5,1,FALSE,Monza,2023,86.176
VER,Red Bull Racing,6,0 days 00:01:26.837000,MEDIUM,6,1,FALSE,Monza,2023,86.837
VER,Red Bull Racing,7,0 days 00:01:26.368000,MEDIUM,7,1,FALSE,Monza,2023,86.368
VER,Red Bull Racing,8,0 days 00:01:25.990000,MEDIUM,8,1,FALSE,Monza,2023,85.99
VER,Red Bull Racing,9,0 days 00:01:26.605000,MEDIUM,9,1,FALSE,Monza,2023,86.605
VER,Red Bull Racing,10,0 days 00:01:26.603000,MEDIUM,10,1,FALSE,Monza,2023,86.603
VER,Red Bull Racing,11,0 days 00:01:26.643000,MEDIUM,11,1,FALSE,Monza,2023,86.643
VER,Red Bull Racing,12,0 days 00:01:26.442000,MEDIUM,12,1,FALSE,Monza,2023,86.442
VER,Red Bull Racing,13,0 days 00:01:26.666000,MEDIUM,13,1,FALSE,Monza,2023,86.666
VER,Red Bull Racing,14,0 days 00:01:27.028000,MEDIUM,14,1,FALSE,Monza,2023,87.028
VER,Red Bull Racing,15,0 days 00:01:26.782000,MEDIUM,15,1,FALSE,Monza,2023,86.782
VER,Red Bull Racing,16,0 days 00:01:26.718000,MEDIUM,16,1,FALSE,Monza,2023,86.718
VER,Red Bull Racing,17,0 days 00:01:26.733000,MEDIUM,17,1,FALSE,Monza,2023,86.733
VER,Red Bull Racing,18,0 days 00:01:26.273000,MEDIUM,18,1,FALSE,Monza,2023,86.273
VER,Red Bull Racing,19,0 days 00:01:26.438000,MEDIUM,19,1,FALSE,Monza,2023,86.438
VER,Red Bull Racing,20,0 days 00:01:30.849000,MEDIUM,20,1,FALSE,Monza,2023,90.849
VER,Red Bull Racing,21,0 days 00:01:45.660000,HARD,1,2,FALSE,Monza,2023,105.66
VER,Red Bull Racing,22,0 days 00:01:25.885000,HARD,2,2,FALSE,Monza,2023,85.885
VER,Red Bull Racing,23,0 days 00:01:26.159000,HARD,3,2,FALSE,Monza,2023,86.159
VER,Red Bull Racing,24,0 days 00:01:26.327000,HARD,4,2,FALSE,Monza,2023,86.327
VER,Red Bull Racing,25,0 days 00:01:25.914000,HARD,5,2,FALSE,Monza,2023,85.914
VER,Red Bull Racing,26,0 days 00:01:25.786000,HARD,6,2,FALSE,Monza,2023,85.786
VER,Red Bull Racing,27,0 days 00:01:25.501000,HARD,7,2,TRUE,Monza,2023,85.501
VER,Red Bull Racing,28,0 days 00:01:25.434000,HARD,8,2,TRUE,Monza,2023,85.434
VER,Red Bull Racing,29,0 days 00:01:25.471000,HARD,9,2,FALSE,Monza,2023,85.471
VER,Red Bull Racing,30,0 days 00:01:25.398000,HARD,10,2,TRUE,Monza,2023,85.398
VER,Red Bull Racing,31,0 days 00:01:25.502000,HARD,11,2,FALSE,Monza,2023,85.502
VER,Red Bull Racing,32,0 days 00:01:25.410000,HARD,12,2,FALSE,Monza,2023,85.41
VER,Red Bull Racing,33,0 days 00:01:25.240000,HARD,13,2,TRUE,Monza,2023,85.24
VER,Red Bull Racing,34,0 days 00:01:25.683000,HARD,14,2,FALSE,Monza,2023,85.683
VER,Red Bull Racing,35,0 days 00:01:25.815000,HARD,15,2,FALSE,Monza,2023,85.815
VER,Red Bull Racing,36,0 days 00:01:25.598000,HARD,16,2,FALSE,Monza,2023,85.598
VER,Red Bull Racing,37,0 days 00:01:25.683000,HARD,17,2,FALSE,Monza,2023,85.683
VER,Red Bull Racing,38,0 days 00:01:25.585000,HARD,18,2,FALSE,Monza,2023,85.585
VER,Red Bull Racing,39,0 days 00:01:25.486000,HARD,19,2,FALSE,Monza,2023,85.486
VER,Red Bull Racing,40,0 days 00:01:25.901000,HARD,20,2,FALSE,Monza,2023,85.901
VER,Red Bull Racing,41,0 days 00:01:25.779000,HARD,21,2,FALSE,Monza,2023,85.779
VER,Red Bull Racing,42,0 days 00:01:25.912000,HARD,22,2,FALSE,Monza,2023,85.912
VER,Red Bull Racing,43,0 days 00:01:25.994000,HARD,23,2,FALSE,Monza,2023,85.994
VER,Red Bull Racing,44,0 days 00:01:25.751000,HARD,24,2,FALSE,Monza,2023,85.751
VER,Red Bull Racing,45,0 days 00:01:25.916000,HARD,25,2,FALSE,Monza,2023,85.916
VER,Red Bull Racing,46,0 days 00:01:26.185000,HARD,26,2,FALSE,Monza,2023,86.185
VER,Red Bull Racing,47,0 days 00:01:26.137000,HARD,27,2,FALSE,Monza,2023,86.137
VER,Red Bull Racing,48,0 days 00:01:27.235000,HARD,28,2,FALSE,Monza,2023,87.235
VER,Red Bull Racing,49,0 days 00:01:27.907000,HARD,29,2,FALSE,Monza,2023,87.907
VER,Red Bull Racing,50,0 days 00:01:28.393000,HARD,30,2,FALSE,Monza,2023,88.393
VER,Red Bull Racing,51,0 days 00:01:27.525000,HARD,31,2,FALSE,Monza,2023,87.525
GAS,Alpine,1,0 days 00:01:35.974000,MEDIUM,1,1,FALSE,Monza,2023,95.974
GAS,Alpine,2,0 days 00:01:28.696000,MEDIUM,2,1,TRUE,Monza,2023,88.696
GAS,Alpine,3,0 days 00:01:27.916000,MEDIUM,3,1,TRUE,Monza,2023,87.916
GAS,Alpine,4,0 days 00:01:27.472000,MEDIUM,4,1,TRUE,Monza,2023,87.472
GAS,Alpine,5,0 days 00:01:27.694000,MEDIUM,5,1,FALSE,Monza,2023,87.694
GAS,Alpine,6,0 days 00:01:27.324000,MEDIUM,6,1,TRUE,Monza,2023,87.324
GAS,Alpine,7,0 days 00:01:27.210000,MEDIUM,7,1,TRUE,Monza,2023,87.21
GAS,Alpine,8,0 days 00:01:27.240000,MEDIUM,8,1,FALSE,Monza,2023,87.24
GAS,Alpine,9,0 days 00:01:27.366000,MEDIUM,9,1,FALSE,Monza,2023,87.366
GAS,Alpine,10,0 days 00:01:32.034000,MEDIUM,10,1,FALSE,Monza,2023,92.034
GAS,Alpine,11,0 days 00:01:50.170000,HARD,4,2,FALSE,Monza,2023,110.17
GAS,Alpine,12,0 days 00:01:27.431000,HARD,5,2,FALSE,Monza,2023,87.431
GAS,Alpine,13,0 days 00:01:27.368000,HARD,6,2,FALSE,Monza,2023,87.368
GAS,Alpine,14,0 days 00:01:27.348000,HARD,7,2,FALSE,Monza,2023,87.348
GAS,Alpine,15,0 days 00:01:27.363000,HARD,8,2,FALSE,Monza,2023,87.363
GAS,Alpine,16,0 days 00:01:27.088000,HARD,9,2,TRUE,Monza,2023,87.088
GAS,Alpine,17,0 days 00:01:27.076000,HARD,10,2,TRUE,Monza,2023,87.076
GAS,Alpine,18,0 days 00:01:27.053000,HARD,11,2,TRUE,Monza,2023,87.053
GAS,Alpine,19,0 days 00:01:27.136000,HARD,12,2,FALSE,Monza,2023,87.136
GAS,Alpine,20,0 days 00:01:27.035000,HARD,13,2,TRUE,Monza,2023,87.035
GAS,Alpine,21,0 days 00:01:27.706000,HARD,14,2,FALSE,Monza,2023,87.706
GAS,Alpine,22,0 days 00:01:27.219000,HARD,15,2,FALSE,Monza,2023,87.219
GAS,Alpine,23,0 days 00:01:27.454000,HARD,16,2,FALSE,Monza,2023,87.454
GAS,Alpine,24,0 days 00:01:27.060000,HARD,17,2,FALSE,Monza,2023,87.06
GAS,Alpine,25,0 days 00:01:27.223000,HARD,18,2,FALSE,Monza,2023,87.223
GAS,Alpine,26,0 days 00:01:27.590000,HARD,19,2,FALSE,Monza,2023,87.59
GAS,Alpine,27,0 days 00:01:27.189000,HARD,20,2,FALSE,Monza,2023,87.189
GAS,Alpine,28,0 days 00:01:27.521000,HARD,21,2,FALSE,Monza,2023,87.521
GAS,Alpine,29,0 days 00:01:27.383000,HARD,22,2,FALSE,Monza,2023,87.383
GAS,Alpine,30,0 days 00:01:27.658000,HARD,23,2,FALSE,Monza,2023,87.658
GAS,Alpine,31,0 days 00:01:32.204000,HARD,24,2,FALSE,Monza,2023,92.204
GAS,Alpine,32,0 days 00:01:46.720000,MEDIUM,1,3,FALSE,Monza,2023,106.72
GAS,Alpine,33,0 days 00:01:26.439000,MEDIUM,2,3,TRUE,Monza,2023,86.439
GAS,Alpine,34,0 days 00:01:26.877000,MEDIUM,3,3,FALSE,Monza,2023,86.877
GAS,Alpine,35,0 days 00:01:26.903000,MEDIUM,4,3,FALSE,Monza,2023,86.903
GAS,Alpine,36,0 days 00:01:26.797000,MEDIUM,5,3,FALSE,Monza,2023,86.797
GAS,Alpine,37,0 days 00:01:26.499000,MEDIUM,6,3,FALSE,Monza,2023,86.499
GAS,Alpine,38,0 days 00:01:26.357000,MEDIUM,7,3,TRUE,Monza,2023,86.357
GAS,Alpine,39,0 days 00:01:26.736000,MEDIUM,8,3,FALSE,Monza,2023,86.736
GAS,Alpine,40,0 days 00:01:26.548000,MEDIUM,9,3,FALSE,Monza,2023,86.548
GAS,Alpine,41,0 days 00:01:26.346000,MEDIUM,10,3,TRUE,Monza,2023,86.346
GAS,Alpine,42,0 days 00:01:26.425000,MEDIUM,11,3,FALSE,Monza,2023,86.425
GAS,Alpine,43,0 days 00:01:25.921000,MEDIUM,12,3,TRUE,Monza,2023,85.921
GAS,Alpine,44,0 days 00:01:25.758000,MEDIUM,13,3,TRUE,Monza,2023,85.758
GAS,Alpine,45,0 days 00:01:26.297000,MEDIUM,14,3,FALSE,Monza,2023,86.297
GAS,Alpine,46,0 days 00:01:26.292000,MEDIUM,15,3,FALSE,Monza,2023,86.292
GAS,Alpine,47,0 days 00:01:26.144000,MEDIUM,16,3,FALSE,Monza,2023,86.144
GAS,Alpine,48,0 days 00:01:26.288000,MEDIUM,17,3,FALSE,Monza,2023,86.288
GAS,Alpine,49,0 days 00:01:27.913000,MEDIUM,18,3,FALSE,Monza,2023,87.913
GAS,Alpine,50,0 days 00:01:27.375000,MEDIUM,19,3,FALSE,Monza,2023,87.375
GAS,Alpine,51,,MEDIUM,20,3,,Monza,2023,
PER,Red Bull Racing,1,0 days 00:01:29.806000,MEDIUM,1,1,FALSE,Monza,2023,89.806
PER,Red Bull Racing,2,0 days 00:01:26.881000,MEDIUM,2,1,TRUE,Monza,2023,86.881
PER,Red Bull Racing,3,0 days 00:01:26.143000,MEDIUM,3,1,TRUE,Monza,2023,86.143
PER,Red Bull Racing,4,0 days 00:01:26.019000,MEDIUM,4,1,TRUE,Monza,2023,86.019
PER,Red Bull Racing,5,0 days 00:01:26.354000,MEDIUM,5,1,FALSE,Monza,2023,86.354
PER,Red Bull Racing,6,0 days 00:01:26.465000,MEDIUM,6,1,FALSE,Monza,2023,86.465
PER,Red Bull Racing,7,0 days 00:01:26.333000,MEDIUM,7,1,FALSE,Monza,2023,86.333
PER,Red Bull Racing,8,0 days 00:01:26.887000,MEDIUM,8,1,FALSE,Monza,2023,86.887
PER,Red Bull Racing,9,0 days 00:01:26.564000,MEDIUM,9,1,FALSE,Monza,2023,86.564
PER,Red Bull Racing,10,0 days 00:01:26.454000,MEDIUM,10,1,FALSE,Monza,2023,86.454
PER,Red Bull Racing,11,0 days 00:01:27.245000,MEDIUM,11,1,FALSE,Monza,2023,87.245
PER,Red Bull Racing,12,0 days 00:01:26.968000,MEDIUM,12,1,FALSE,Monza,2023,86.968
PER,Red Bull Racing,13,0 days 00:01:27.014000,MEDIUM,13,1,FALSE,Monza,2023,87.014
PER,Red Bull Racing,14,0 days 00:01:27.451000,MEDIUM,14,1,FALSE,Monza,2023,87.451
PER,Red Bull Racing,15,0 days 00:01:26.779000,MEDIUM,15,1,FALSE,Monza,2023,86.779
PER,Red Bull Racing,16,0 days 00:01:26.823000,MEDIUM,16,1,FALSE,Monza,2023,86.823
PER,Red Bull Racing,17,0 days 00:01:27.011000,MEDIUM,17,1,FALSE,Monza,2023,87.011
PER,Red Bull Racing,18,0 days 00:01:26.765000,MEDIUM,18,1,FALSE,Monza,2023,86.765
PER,Red Bull Racing,19,0 days 00:01:26.669000,MEDIUM,19,1,FALSE,Monza,2023,86.669
PER,Red Bull Racing,20,0 days 00:01:26.509000,MEDIUM,20,1,FALSE,Monza,2023,86.509
PER,Red Bull Racing,21,0 days 00:01:30.934000,MEDIUM,21,1,FALSE,Monza,2023,90.934
PER,Red Bull Racing,22,0 days 00:01:45.228000,HARD,1,2,FALSE,Monza,2023,105.228
PER,Red Bull Racing,23,0 days 00:01:25.564000,HARD,2,2,TRUE,Monza,2023,85.564
PER,Red Bull Racing,24,0 days 00:01:25.759000,HARD,3,2,FALSE,Monza,2023,85.759
PER,Red Bull Racing,25,0 days 00:01:26.005000,HARD,4,2,FALSE,Monza,2023,86.005
PER,Red Bull Racing,26,0 days 00:01:25.884000,HARD,5,2,FALSE,Monza,2023,85.884
PER,Red Bull Racing,27,0 days 00:01:26.456000,HARD,6,2,FALSE,Monza,2023,86.456
PER,Red Bull Racing,28,0 days 00:01:25.584000,HARD,7,2,FALSE,Monza,2023,85.584
PER,Red Bull Racing,29,0 days 00:01:25.606000,HARD,8,2,FALSE,Monza,2023,85.606
PER,Red Bull Racing,30,0 days 00:01:25.757000,HARD,9,2,FALSE,Monza,2023,85.757
PER,Red Bull Racing,31,0 days 00:01:26.415000,HARD,10,2,FALSE,Monza,2023,86.415
PER,Red Bull Racing,32,0 days 00:01:25.880000,HARD,11,2,FALSE,Monza,2023,85.88
PER,Red Bull Racing,33,0 days 00:01:26.020000,HARD,12,2,FALSE,Monza,2023,86.02
PER,Red Bull Racing,34,0 days 00:01:25.948000,HARD,13,2,FALSE,Monza,2023,85.948
PER,Red Bull Racing,35,0 days 00:01:25.651000,HARD,14,2,FALSE,Monza,2023,85.651
PER,Red Bull Racing,36,0 days 00:01:25.627000,HARD,15,2,FALSE,Monza,2023,85.627
PER,Red Bull Racing,37,0 days 00:01:25.757000,HARD,16,2,FALSE,Monza,2023,85.757
PER,Red Bull Racing,38,0 days 00:01:25.584000,HARD,17,2,FALSE,Monza,2023,85.584
PER,Red Bull Racing,39,0 days 00:01:25.522000,HARD,18,2,TRUE,Monza,2023,85.522
PER,Red Bull Racing,40,0 days 00:01:25.626000,HARD,19,2,FALSE,Monza,2023,85.626
PER,Red Bull Racing,41,0 days 00:01:26.719000,HARD,20,2,FALSE,Monza,2023,86.719
PER,Red Bull Racing,42,0 days 00:01:26.539000,HARD,21,2,FALSE,Monza,2023,86.539
PER,Red Bull Racing,43,0 days 00:01:26.624000,HARD,22,2,FALSE,Monza,2023,86.624
PER,Red Bull Racing,44,0 days 00:01:26.329000,HARD,23,2,FALSE,Monza,2023,86.329
PER,Red Bull Racing,45,0 days 00:01:26.573000,HARD,24,2,FALSE,Monza,2023,86.573
PER,Red Bull Racing,46,0 days 00:01:25.598000,HARD,25,2,FALSE,Monza,2023,85.598
PER,Red Bull Racing,47,0 days 00:01:26.476000,HARD,26,2,FALSE,Monza,2023,86.476
PER,Red Bull Racing,48,0 days 00:01:26.108000,HARD,27,2,FALSE,Monza,2023,86.108
PER,Red Bull Racing,49,0 days 00:01:26.006000,HARD,28,2,FALSE,Monza,2023,86.006
PER,Red Bull Racing,50,0 days 00:01:26.385000,HARD,29,2,FALSE,Monza,2023,86.385
PER,Red Bull Racing,51,0 days 00:01:25.903000,HARD,30,2,FALSE,Monza,2023,85.903
ALO,Aston Martin,1,0 days 00:01:33.340000,MEDIUM,1,1,FALSE,Monza,2023,93.34
ALO,Aston Martin,2,0 days 00:01:28.012000,MEDIUM,2,1,TRUE,Monza,2023,88.012
ALO,Aston Martin,3,0 days 00:01:27.546000,MEDIUM,3,1,FALSE,Monza,2023,87.546
ALO,Aston Martin,4,0 days 00:01:27.221000,MEDIUM,4,1,TRUE,Monza,2023,87.221
ALO,Aston Martin,5,0 days 00:01:27.033000,MEDIUM,5,1,TRUE,Monza,2023,87.033
ALO,Aston Martin,6,0 days 00:01:27.175000,MEDIUM,6,1,FALSE,Monza,2023,87.175
ALO,Aston Martin,7,0 days 00:01:26.929000,MEDIUM,7,1,TRUE,Monza,2023,86.929
ALO,Aston Martin,8,0 days 00:01:26.943000,MEDIUM,8,1,FALSE,Monza,2023,86.943
ALO,Aston Martin,9,0 days 00:01:27.383000,MEDIUM,9,1,FALSE,Monza,2023,87.383
ALO,Aston Martin,10,0 days 00:01:27.368000,MEDIUM,10,1,FALSE,Monza,2023,87.368
ALO,Aston Martin,11,0 days 00:01:27.343000,MEDIUM,11,1,FALSE,Monza,2023,87.343
ALO,Aston Martin,12,0 days 00:01:27.339000,MEDIUM,12,1,FALSE,Monza,2023,87.339
ALO,Aston Martin,13,0 days 00:01:27.158000,MEDIUM,13,1,FALSE,Monza,2023,87.158
ALO,Aston Martin,14,0 days 00:01:27.607000,MEDIUM,14,1,FALSE,Monza,2023,87.607
ALO,Aston Martin,15,0 days 00:01:26.929000,MEDIUM,15,1,FALSE,Monza,2023,86.929
ALO,Aston Martin,16,0 days 00:01:27.164000,MEDIUM,16,1,FALSE,Monza,2023,87.164
ALO,Aston Martin,17,0 days 00:01:27.156000,MEDIUM,17,1,FALSE,Monza,2023,87.156
ALO,Aston Martin,18,0 days 00:01:27.275000,MEDIUM,18,1,FALSE,Monza,2023,87.275
ALO,Aston Martin,19,0 days 00:01:27.318000,MEDIUM,19,1,FALSE,Monza,2023,87.318
ALO,Aston Martin,20,0 days 00:01:28.284000,MEDIUM,20,1,FALSE,Monza,2023,88.284
ALO,Aston Martin,21,0 days 00:01:32.377000,MEDIUM,21,1,FALSE,Monza,2023,92.377
ALO,Aston Martin,22,0 days 00:01:47.272000,HARD,4,2,FALSE,Monza,2023,107.272
ALO,Aston Martin,23,0 days 00:01:26.849000,HARD,5,2,TRUE,Monza,2023,86.849
ALO,Aston Martin,24,0 days 00:01:26.949000,HARD,6,2,FALSE,Monza,2023,86.949
ALO,Aston Martin,25,0 days 00:01:26.899000,HARD,7,2,FALSE,Monza,2023,86.899
ALO,Aston Martin,26,0 days 00:01:26.792000,HARD,8,2,TRUE,Monza,2023,86.792
ALO,Aston Martin,27,0 days 00:01:26.666000,HARD,9,2,TRUE,Monza,2023,86.666
ALO,Aston Martin,28,0 days 00:01:26.723000,HARD,10,2,FALSE,Monza,2023,86.723
ALO,Aston Martin,29,0 days 00:01:26.997000,HARD,11,2,FALSE,Monza,2023,86.997
ALO,Aston Martin,30,0 days 00:01:26.915000,HARD,12,2,FALSE,Monza,2023,86.915
ALO,Aston Martin,31,0 days 00:01:26.848000,HARD,13,2,FALSE,Monza,2023,86.848
ALO,Aston Martin,32,0 days 00:01:26.747000,HARD,14,2,FALSE,Monza,2023,86.747
ALO,Aston Martin,33,0 days 00:01:26.769000,HARD,15,2,FALSE,Monza,2023,86.769
ALO,Aston Martin,34,0 days 00:01:26.563000,HARD,16,2,TRUE,Monza,2023,86.563
ALO,Aston Martin,35,0 days 00:01:26.517000,HARD,17,2,TRUE,Monza,2023,86.517
ALO,Aston Martin,36,0 days 00:01:26.457000,HARD,18,2,TRUE,Monza,2023,86.457
ALO,Aston Martin,37,0 days 00:01:26.380000,HARD,19,2,TRUE,Monza,2023,86.38
ALO,Aston Martin,38,0 days 00:01:26.574000,HARD,20,2,FALSE,Monza,2023,86.574
ALO,Aston Martin,39,0 days 00:01:26.707000,HARD,21,2,FALSE,Monza,2023,86.707
ALO,Aston Martin,40,0 days 00:01:26.610000,HARD,22,2,FALSE,Monza,2023,86.61
ALO,Aston Martin,41,0 days 00:01:26.815000,HARD,23,2,FALSE,Monza,2023,86.815
ALO,Aston Martin,42,0 days 00:01:26.403000,HARD,24,2,FALSE,Monza,2023,86.403
ALO,Aston Martin,43,0 days 00:01:26.105000,HARD,25,2,TRUE,Monza,2023,86.105
ALO,Aston Martin,44,0 days 00:01:26.155000,HARD,26,2,FALSE,Monza,2023,86.155
ALO,Aston Martin,45,0 days 00:01:26.277000,HARD,27,2,FALSE,Monza,2023,86.277
ALO,Aston Martin,46,0 days 00:01:26.453000,HARD,28,2,FALSE,Monza,2023,86.453
ALO,Aston Martin,47,0 days 00:01:26.912000,HARD,29,2,FALSE,Monza,2023,86.912
ALO,Aston Martin,48,0 days 00:01:27.183000,HARD,30,2,FALSE,Monza,2023,87.183
ALO,Aston Martin,49,0 days 00:01:27.245000,HARD,31,2,FALSE,Monza,2023,87.245
ALO,Aston Martin,50,0 days 00:01:27.360000,HARD,32,2,FALSE,Monza,2023,87.36
ALO,Aston Martin,51,0 days 00:01:27.395000,HARD,33,2,FALSE,Monza,2023,87.395
LEC,Ferrari,1,0 days 00:01:28.755000,MEDIUM,1,1,FALSE,Monza,2023,88.755
LEC,Ferrari,2,0 days 00:01:26.312000,MEDIUM,2,1,TRUE,Monza,2023,86.312
LEC,Ferrari,3,0 days 00:01:25.719000,MEDIUM,3,1,TRUE,Monza,2023,85.719
LEC,Ferrari,4,0 days 00:01:26.025000,MEDIUM,4,1,FALSE,Monza,2023,86.025
LEC,Ferrari,5,0 days 00:01:26.266000,MEDIUM,5,1,FALSE,Monza,2023,86.266
LEC,Ferrari,6,0 days 00:01:26.483000,MEDIUM,6,1,FALSE,Monza,2023,86.483
LEC,Ferrari,7,0 days 00:01:26.473000,MEDIUM,7,1,FALSE,Monza,2023,86.473
LEC,Ferrari,8,0 days 00:01:25.972000,MEDIUM,8,1,FALSE,Monza,2023,85.972
LEC,Ferrari,9,0 days 00:01:26.678000,MEDIUM,9,1,FALSE,Monza,2023,86.678
LEC,Ferrari,10,0 days 00:01:26.787000,MEDIUM,10,1,FALSE,Monza,2023,86.787
LEC,Ferrari,11,0 days 00:01:26.838000,MEDIUM,11,1,FALSE,Monza,2023,86.838
LEC,Ferrari,12,0 days 00:01:26.694000,MEDIUM,12,1,FALSE,Monza,2023,86.694
LEC,Ferrari,13,0 days 00:01:26.557000,MEDIUM,13,1,FALSE,Monza,2023,86.557
LEC,Ferrari,14,0 days 00:01:26.940000,MEDIUM,14,1,FALSE,Monza,2023,86.94
LEC,Ferrari,15,0 days 00:01:27.314000,MEDIUM,15,1,FALSE,Monza,2023,87.314
LEC,Ferrari,16,0 days 00:01:27.155000,MEDIUM,16,1,FALSE,Monza,2023,87.155
LEC,Ferrari,17,0 days 00:01:27.670000,MEDIUM,17,1,FALSE,Monza,2023,87.67
LEC,Ferrari,18,0 days 00:01:27.498000,MEDIUM,18,1,FALSE,Monza,2023,87.498
LEC,Ferrari,19,0 days 00:01:27.702000,MEDIUM,19,1,FALSE,Monza,2023,87.702
LEC,Ferrari,20,0 days 00:01:31.155000,MEDIUM,20,1,FALSE,Monza,2023,91.155
LEC,Ferrari,21,0 days 00:01:45.842000,HARD,1,2,FALSE,Monza,2023,105.842
LEC,Ferrari,22,0 days 00:01:25.742000,HARD,2,2,FALSE,Monza,2023,85.742
LEC,Ferrari,23,0 days 00:01:25.807000,HARD,3,2,FALSE,Monza,2023,85.807
LEC,Ferrari,24,0 days 00:01:25.933000,HARD,4,2,FALSE,Monza,2023,85.933
LEC,Ferrari,25,0 days 00:01:26.061000,HARD,5,2,FALSE,Monza,2023,86.061
LEC,Ferrari,26,0 days 00:01:25.763000,HARD,6,2,FALSE,Monza,2023,85.763
LEC,Ferrari,27,0 days 00:01:26.234000,HARD,7,2,FALSE,Monza,2023,86.234
LEC,Ferrari,28,0 days 00:01:25.663000,HARD,8,2,TRUE,Monza,2023,85.663
LEC,Ferrari,29,0 days 00:01:25.814000,HARD,9,2,FALSE,Monza,2023,85.814
LEC,Ferrari,30,0 days 00:01:25.782000,HARD,10,2,FALSE,Monza,2023,85.782
LEC,Ferrari,31,0 days 00:01:26.496000,HARD,11,2,FALSE,Monza,2023,86.496
LEC,Ferrari,32,0 days 00:01:26.869000,HARD,12,2,FALSE,Monza,2023,86.869
LEC,Ferrari,33,0 days 00:01:25.962000,HARD,13,2,FALSE,Monza,2023,85.962
LEC,Ferrari,34,0 days 00:01:25.851000,HARD,14,2,FALSE,Monza,2023,85.851
LEC,Ferrari,35,0 days 00:01:25.850000,HARD,15,2,FALSE,Monza,2023,85.85
LEC,Ferrari,36,0 days 00:01:25.631000,HARD,16,2,TRUE,Monza,2023,85.631
LEC,Ferrari,37,0 days 00:01:25.671000,HARD,17,2,FALSE,Monza,2023,85.671
LEC,Ferrari,38,0 days 00:01:25.580000,HARD,18,2,TRUE,Monza,2023,85.58
LEC,Ferrari,39,0 days 00:01:25.629000,HARD,19,2,FALSE,Monza,2023,85.629
LEC,Ferrari,40,0 days 00:01:25.728000,HARD,20,2,FALSE,Monza,2023,85.728
LEC,Ferrari,41,0 days 00:01:26.511000,HARD,21,2,FALSE,Monza,2023,86.511
LEC,Ferrari,42,0 days 00:01:26.448000,HARD,22,2,FALSE,Monza,2023,86.448
LEC,Ferrari,43,0 days 00:01:26.597000,HARD,23,2,FALSE,Monza,2023,86.597
LEC,Ferrari,44,0 days 00:01:26.586000,HARD,24,2,FALSE,Monza,2023,86.586
LEC,Ferrari,45,0 days 00:01:26.321000,HARD,25,2,FALSE,Monza,2023,86.321
LEC,Ferrari,46,0 days 00:01:26.580000,HARD,26,2,FALSE,Monza,2023,86.58
LEC,Ferrari,47,0 days 00:01:27.371000,HARD,27,2,FALSE,Monza,2023,87.371
LEC,Ferrari,48,0 days 00:01:26.828000,HARD,28,2,FALSE,Monza,2023,86.828
LEC,Ferrari,49,0 days 00:01:26.633000,HARD,29,2,FALSE,Monza,2023,86.633
LEC,Ferrari,50,0 days 00:01:26.961000,HARD,30,2,FALSE,Monza,2023,86.961
LEC,Ferrari,51,0 days 00:01:26.783000,HARD,31,2,FALSE,Monza,2023,86.783
STR,Aston Martin,1,0 days 00:01:36.787000,MEDIUM,1,1,FALSE,Monza,2023,96.787
STR,Aston Martin,2,0 days 00:01:28.953000,MEDIUM,2,1,TRUE,Monza,2023,88.953
STR,Aston Martin,3,0 days 00:01:28.614000,MEDIUM,3,1,TRUE,Monza,2023,88.614
STR,Aston Martin,4,0 days 00:01:27.725000,MEDIUM,4,1,TRUE,Monza,2023,87.725
STR,Aston Martin,5,0 days 00:01:27.574000,MEDIUM,5,1,TRUE,Monza,2023,87.574
STR,Aston Martin,6,0 days 00:01:27.656000,MEDIUM,6,1,FALSE,Monza,2023,87.656
STR,Aston Martin,7,0 days 00:01:27.100000,MEDIUM,7,1,TRUE,Monza,2023,87.1
STR,Aston Martin,8,0 days 00:01:27.362000,MEDIUM,8,1,FALSE,Monza,2023,87.362
STR,Aston Martin,9,0 days 00:01:27.312000,MEDIUM,9,1,FALSE,Monza,2023,87.312
STR,Aston Martin,10,0 days 00:01:27.539000,MEDIUM,10,1,FALSE,Monza,2023,87.539
STR,Aston Martin,11,0 days 00:01:27.369000,MEDIUM,11,1,FALSE,Monza,2023,87.369
STR,Aston Martin,12,0 days 00:01:27.810000,MEDIUM,12,1,FALSE,Monza,2023,87.81
STR,Aston Martin,13,0 days 00:01:28.222000,MEDIUM,13,1,FALSE,Monza,2023,88.222
STR,Aston Martin,14,0 days 00:01:28.057000,MEDIUM,14,1,FALSE,Monza,2023,88.057
STR,Aston Martin,15,0 days 00:01:28.179000,MEDIUM,15,1,FALSE,Monza,2023,88.179
STR,Aston Martin,16,0 days 00:01:28.080000,MEDIUM,16,1,FALSE,Monza,2023,88.08
STR,Aston Martin,17,0 days 00:01:27.909000,MEDIUM,17,1,FALSE,Monza,2023,87.909
STR,Aston Martin,18,0 days 00:01:28.401000,MEDIUM,18,1,FALSE,Monza,2023,88.401
STR,Aston Martin,19,0 days 00:01:28.050000,MEDIUM,19,1,FALSE,Monza,2023,88.05
STR,Aston Martin,20,0 days 00:01:33.026000,MEDIUM,20,1,FALSE,Monza,2023,93.026
STR,Aston Martin,21,0 days 00:01:48.851000,HARD,5,2,FALSE,Monza,2023,108.851
STR,Aston Martin,22,0 days 00:01:26.742000,HARD,6,2,TRUE,Monza,2023,86.742
STR,Aston Martin,23,0 days 00:01:26.968000,HARD,7,2,FALSE,Monza,2023,86.968
STR,Aston Martin,24,0 days 00:01:27.340000,HARD,8,2,FALSE,Monza,2023,87.34
STR,Aston Martin,25,0 days 00:01:27.176000,HARD,9,2,FALSE,Monza,2023,87.176
STR,Aston Martin,26,0 days 00:01:27.259000,HARD,10,2,FALSE,Monza,2023,87.259
STR,Aston Martin,27,0 days 00:01:26.675000,HARD,11,2,TRUE,Monza,2023,86.675
STR,Aston Martin,28,0 days 00:01:27.085000,HARD,12,2,FALSE,Monza,2023,87.085
STR,Aston Martin,29,0 days 00:01:26.809000,HARD,13,2,FALSE,Monza,2023,86.809
STR,Aston Martin,30,0 days 00:01:26.924000,HARD,14,2,FALSE,Monza,2023,86.924
STR,Aston Martin,31,0 days 00:01:26.617000,HARD,15,2,TRUE,Monza,2023,86.617
STR,Aston Martin,32,0 days 00:01:26.832000,HARD,16,2,FALSE,Monza,2023,86.832
STR,Aston Martin,33,0 days 00:01:27.121000,HARD,17,2,FALSE,Monza,2023,87.121
STR,Aston Martin,34,0 days 00:01:27.298000,HARD,18,2,FALSE,Monza,2023,87.298
STR,Aston Martin,35,0 days 00:01:26.970000,HARD,19,2,FALSE,Monza,2023,86.97
STR,Aston Martin,36,0 days 00:01:27.096000,HARD,20,2,FALSE,Monza,2023,87.096
STR,Aston Martin,37,0 days 00:01:27.373000,HARD,21,2,FALSE,Monza,2023,87.373
STR,Aston Martin,38,0 days 00:01:26.902000,HARD,22,2,FALSE,Monza,2023,86.902
STR,Aston Martin,39,0 days 00:01:26.904000,HARD,23,2,FALSE,Monza,2023,86.904
STR,Aston Martin,40,0 days 00:01:27.072000,HARD,24,2,FALSE,Monza,2023,87.072
STR,Aston Martin,41,0 days 00:01:26.916000,HARD,25,2,FALSE,Monza,2023,86.916
STR,Aston Martin,42,0 days 00:01:27.067000,HARD,26,2,FALSE,Monza,2023,87.067
STR,Aston Martin,43,0 days 00:01:31.134000,HARD,27,2,FALSE,Monza,2023,91.134
STR,Aston Martin,44,0 days 00:01:28.214000,HARD,28,2,FALSE,Monza,2023,88.214
STR,Aston Martin,45,0 days 00:01:28.336000,HARD,29,2,FALSE,Monza,2023,88.336
STR,Aston Martin,46,0 days 00:01:27.153000,HARD,30,2,FALSE,Monza,2023,87.153
STR,Aston Martin,47,0 days 00:01:27.267000,HARD,31,2,FALSE,Monza,2023,87.267
STR,Aston Martin,48,0 days 00:01:27.590000,HARD,32,2,FALSE,Monza,2023,87.59
STR,Aston Martin,49,0 days 00:01:29.467000,HARD,33,2,FALSE,Monza,2023,89.467
STR,Aston Martin,50,0 days 00:01:30.865000,HARD,34,2,FALSE,Monza,2023,90.865
STR,Aston Martin,51,,HARD,35,2,,Monza,2023,
SAR,Williams,1,0 days 00:01:34.407000,MEDIUM,4,1,FALSE,Monza,2023,94.407
SAR,Williams,2,0 days 00:01:28.080000,MEDIUM,5,1,TRUE,Monza,2023,88.08
SAR,Williams,3,0 days 00:01:27.647000,MEDIUM,6,1,TRUE,Monza,2023,87.647
SAR,Williams,4,0 days 00:01:27.389000,MEDIUM,7,1,TRUE,Monza,2023,87.389
SAR,Williams,5,0 days 00:01:27.170000,MEDIUM,8,1,TRUE,Monza,2023,87.17
SAR,Williams,6,0 days 00:01:27.135000,MEDIUM,9,1,TRUE,Monza,2023,87.135
SAR,Williams,7,0 days 00:01:27.251000,MEDIUM,10,1,FALSE,Monza,2023,87.251
SAR,Williams,8,0 days 00:01:27.233000,MEDIUM,11,1,FALSE,Monza,2023,87.233
SAR,Williams,9,0 days 00:01:27.459000,MEDIUM,12,1,FALSE,Monza,2023,87.459
SAR,Williams,10,0 days 00:01:27.685000,MEDIUM,13,1,FALSE,Monza,2023,87.685
SAR,Williams,11,0 days 00:01:27.804000,MEDIUM,14,1,FALSE,Monza,2023,87.804
SAR,Williams,12,0 days 00:01:28.694000,MEDIUM,15,1,FALSE,Monza,2023,88.694
SAR,Williams,13,0 days 00:01:27.799000,MEDIUM,16,1,FALSE,Monza,2023,87.799
SAR,Williams,14,0 days 00:01:33.074000,MEDIUM,17,1,FALSE,Monza,2023,93.074
SAR,Williams,15,0 days 00:01:47.389000,HARD,4,2,FALSE,Monza,2023,107.389
SAR,Williams,16,0 days 00:01:26.840000,HARD,5,2,TRUE,Monza,2023,86.84
SAR,Williams,17,0 days 00:01:27,HARD,6,2,FALSE,Monza,2023,87
SAR,Williams,18,0 days 00:01:26.906000,HARD,7,2,FALSE,Monza,2023,86.906
SAR,Williams,19,0 days 00:01:27.165000,HARD,8,2,FALSE,Monza,2023,87.165
SAR,Williams,20,0 days 00:01:27.280000,HARD,9,2,FALSE,Monza,2023,87.28
SAR,Williams,21,0 days 00:01:27.363000,HARD,10,2,FALSE,Monza,2023,87.363
SAR,Williams,22,0 days 00:01:27.465000,HARD,11,2,FALSE,Monza,2023,87.465
SAR,Williams,23,0 days 00:01:27.149000,HARD,12,2,FALSE,Monza,2023,87.149
SAR,Williams,24,0 days 00:01:27.104000,HARD,13,2,FALSE,Monza,2023,87.104
SAR,Williams,25,0 days 00:01:27.165000,HARD,14,2,FALSE,Monza,2023,87.165
SAR,Williams,26,0 days 00:01:27.021000,HARD,15,2,FALSE,Monza,2023,87.021
SAR,Williams,27,0 days 00:01:27.253000,HARD,16,2,FALSE,Monza,2023,87.253
SAR,Williams,28,0 days 00:01:27.546000,HARD,17,2,FALSE,Monza,2023,87.546
SAR,Williams,29,0 days 00:01:27.545000,HARD,18,2,FALSE,Monza,2023,87.545
SAR,Williams,30,0 days 00:01:27.121000,HARD,19,2,FALSE,Monza,2023,87.121
SAR,Williams,31,0 days 00:01:27.461000,HARD,20,2,FALSE,Monza,2023,87.461
SAR,Williams,32,0 days 00:01:27.522000,HARD,21,2,FALSE,Monza,2023,87.522
SAR,Williams,33,0 days 00:01:27.293000,HARD,22,2,FALSE,Monza,2023,87.293
SAR,Williams,34,0 days 00:01:27.219000,HARD,23,2,FALSE,Monza,2023,87.219
SAR,Williams,35,0 days 00:01:27.233000,HARD,24,2,FALSE,Monza,2023,87.233
SAR,Williams,36,0 days 00:01:27.142000,HARD,25,2,FALSE,Monza,2023,87.142
SAR,Williams,37,0 days 00:01:27.292000,HARD,26,2,FALSE,Monza,2023,87.292
SAR,Williams,38,0 days 00:01:27.103000,HARD,27,2,FALSE,Monza,2023,87.103
SAR,Williams,39,0 days 00:01:27.137000,HARD,28,2,FALSE,Monza,2023,87.137
SAR,Williams,40,0 days 00:01:27.640000,HARD,29,2,FALSE,Monza,2023,87.64
SAR,Williams,41,0 days 00:01:27.180000,HARD,30,2,FALSE,Monza,2023,87.18
SAR,Williams,42,0 days 00:01:27.176000,HARD,31,2,FALSE,Monza,2023,87.176
SAR,Williams,43,0 days 00:01:29.385000,HARD,32,2,FALSE,Monza,2023,89.385
SAR,Williams,44,0 days 00:01:27.686000,HARD,33,2,FALSE,Monza,2023,87.686
SAR,Williams,45,0 days 00:01:27.502000,HARD,34,2,FALSE,Monza,2023,87.502
SAR,Williams,46,0 days 00:01:27.709000,HARD,35,2,FALSE,Monza,2023,87.709
SAR,Williams,47,0 days 00:01:27.622000,HARD,36,2,FALSE,Monza,2023,87.622
SAR,Williams,48,0 days 00:01:27.440000,HARD,37,2,FALSE,Monza,2023,87.44
SAR,Williams,49,0 days 00:01:27.742000,HARD,38,2,FALSE,Monza,2023,87.742
SAR,Williams,50,0 days 00:01:29.626000,HARD,39,2,FALSE,Monza,2023,89.626
SAR,Williams,51,,HARD,40,2,,Monza,2023,
MAG,Haas F1 Team,1,0 days 00:01:36.466000,HARD,5,1,FALSE,Monza,2023,96.466
MAG,Haas F1 Team,2,0 days 00:01:28.923000,HARD,6,1,TRUE,Monza,2023,88.923
MAG,Haas F1 Team,3,0 days 00:01:28.538000,HARD,7,1,TRUE,Monza,2023,88.538
MAG,Haas F1 Team,4,0 days 00:01:29.252000,HARD,8,1,FALSE,Monza,2023,89.252
MAG,Haas F1 Team,5,0 days 00:01:28.276000,HARD,9,1,TRUE,Monza,2023,88.276
MAG,Haas F1 Team,6,0 days 00:01:27.949000,HARD,10,1,TRUE,Monza,2023,87.949
MAG,Haas F1 Team,7,0 days 00:01:27.691000,HARD,11,1,TRUE,Monza,2023,87.691
MAG,Haas F1 Team,8,0 days 00:01:27.935000,HARD,12,1,FALSE,Monza,2023,87.935
MAG,Haas F1 Team,9,0 days 00:01:28.218000,HARD,13,1,FALSE,Monza,2023,88.218
MAG,Haas F1 Team,10,0 days 00:01:28.511000,HARD,14,1,FALSE,Monza,2023,88.511
MAG,Haas F1 Team,11,0 days 00:01:28.792000,HARD,15,1,FALSE,Monza,2023,88.792
MAG,Haas F1 Team,12,0 days 00:01:33.273000,HARD,16,1,FALSE,Monza,2023,93.273
MAG,Haas F1 Team,13,0 days 00:01:48.424000,MEDIUM,1,2,FALSE,Monza,2023,108.424
MAG,Haas F1 Team,14,0 days 00:01:28.080000,MEDIUM,2,2,FALSE,Monza,2023,88.08
MAG,Haas F1 Team,15,0 days 00:01:27.848000,MEDIUM,3,2,FALSE,Monza,2023,87.848
MAG,Haas F1 Team,16,0 days 00:01:27.649000,MEDIUM,4,2,TRUE,Monza,2023,87.649
MAG,Haas F1 Team,17,0 days 00:01:27.589000,MEDIUM,5,2,TRUE,Monza,2023,87.589
MAG,Haas F1 Team,18,0 days 00:01:27.898000,MEDIUM,6,2,FALSE,Monza,2023,87.898
MAG,Haas F1 Team,19,0 days 00:01:27.159000,MEDIUM,7,2,TRUE,Monza,2023,87.159
MAG,Haas F1 Team,20,0 days 00:01:27.011000,MEDIUM,8,2,TRUE,Monza,2023,87.011
MAG,Haas F1 Team,21,0 days 00:01:27.128000,MEDIUM,9,2,FALSE,Monza,2023,87.128
MAG,Haas F1 Team,22,0 days 00:01:27.244000,MEDIUM,10,2,FALSE,Monza,2023,87.244
MAG,Haas F1 Team,23,0 days 00:01:27.492000,MEDIUM,11,2,FALSE,Monza,2023,87.492
MAG,Haas F1 Team,24,0 days 00:01:27.536000,MEDIUM,12,2,FALSE,Monza,2023,87.536
MAG,Haas F1 Team,25,0 days 00:01:27.502000,MEDIUM,13,2,FALSE,Monza,2023,87.502
MAG,Haas F1 Team,26,0 days 00:01:27.418000,MEDIUM,14,2,FALSE,Monza,2023,87.418
MAG,Haas F1 Team,27,0 days 00:01:27.220000,MEDIUM,15,2,FALSE,Monza,2023,87.22
MAG,Haas F1 Team,28,0 days 00:01:27.154000,MEDIUM,16,2,FALSE,Monza,2023,87.154
MAG,Haas F1 Team,29,0 days 00:01:27.344000,MEDIUM,17,2,FALSE,Monza,2023,87.344
MAG,Haas F1 Team,30,0 days 00:01:27.384000,MEDIUM,18,2,FALSE,Monza,2023,87.384
MAG,Haas F1 Team,31,0 days 00:01:27.486000,MEDIUM,19,2,FALSE,Monza,2023,87.486
MAG,Haas F1 Team,32,0 days 00:01:27.556000,MEDIUM,20,2,FALSE,Monza,2023,87.556
MAG,Haas F1 Team,33,0 days 00:01:33.158000,MEDIUM,21,2,FALSE,Monza,2023,93.158
MAG,Haas F1 Team,34,0 days 00:01:47.333000,MEDIUM,1,3,FALSE,Monza,2023,107.333
MAG,Haas F1 Team,35,0 days 00:01:26.300000,MEDIUM,2,3,TRUE,Monza,2023,86.3
MAG,Haas F1 Team,36,0 days 00:01:26.385000,MEDIUM,3,3,FALSE,Monza,2023,86.385
MAG,Haas F1 Team,37,0 days 00:01:26.454000,MEDIUM,4,3,FALSE,Monza,2023,86.454
MAG,Haas F1 Team,38,0 days 00:01:26.394000,MEDIUM,5,3,FALSE,Monza,2023,86.394
MAG,Haas F1 Team,39,0 days 00:01:30.343000,MEDIUM,6,3,FALSE,Monza,2023,90.343
MAG,Haas F1 Team,40,0 days 00:01:26.696000,MEDIUM,7,3,FALSE,Monza,2023,86.696
MAG,Haas F1 Team,41,0 days 00:01:26.328000,MEDIUM,8,3,FALSE,Monza,2023,86.328
MAG,Haas F1 Team,42,0 days 00:01:26.278000,MEDIUM,9,3,TRUE,Monza,2023,86.278
MAG,Haas F1 Team,43,0 days 00:01:26.511000,MEDIUM,10,3,FALSE,Monza,2023,86.511
MAG,Haas F1 Team,44,0 days 00:01:26.514000,MEDIUM,11,3,FALSE,Monza,2023,86.514
MAG,Haas F1 Team,45,0 days 00:01:26.787000,MEDIUM,12,3,FALSE,Monza,2023,86.787
MAG,Haas F1 Team,46,0 days 00:01:26.983000,MEDIUM,13,3,FALSE,Monza,2023,86.983
MAG,Haas F1 Team,47,0 days 00:01:26.660000,MEDIUM,14,3,FALSE,Monza,2023,86.66
MAG,Haas F1 Team,48,0 days 00:01:26.739000,MEDIUM,15,3,FALSE,Monza,2023,86.739
MAG,Haas F1 Team,49,0 days 00:01:27.054000,MEDIUM,16,3,FALSE,Monza,2023,87.054
MAG,Haas F1 Team,50,0 days 00:01:26.904000,MEDIUM,17,3,FALSE,Monza,2023,86.904
MAG,Haas F1 Team,51,,MEDIUM,18,3,,Monza,2023,
ALB,Williams,1,0 days 00:01:30.785000,MEDIUM,4,1,FALSE,Monza,2023,90.785
ALB,Williams,2,0 days 00:01:27.067000,MEDIUM,5,1,TRUE,Monza,2023,87.067
ALB,Williams,3,0 days 00:01:26.578000,MEDIUM,6,1,TRUE,Monza,2023,86.578
ALB,Williams,4,0 days 00:01:26.684000,MEDIUM,7,1,FALSE,Monza,2023,86.684
ALB,Williams,5,0 days 00:01:26.868000,MEDIUM,8,1,FALSE,Monza,2023,86.868
ALB,Williams,6,0 days 00:01:26.661000,MEDIUM,9,1,FALSE,Monza,2023,86.661
ALB,Williams,7,0 days 00:01:26.773000,MEDIUM,10,1,FALSE,Monza,2023,86.773
ALB,Williams,8,0 days 00:01:26.676000,MEDIUM,11,1,FALSE,Monza,2023,86.676
ALB,Williams,9,0 days 00:01:26.838000,MEDIUM,12,1,FALSE,Monza,2023,86.838
ALB,Williams,10,0 days 00:01:27.305000,MEDIUM,13,1,FALSE,Monza,2023,87.305
ALB,Williams,11,0 days 00:01:27.389000,MEDIUM,14,1,FALSE,Monza,2023,87.389
ALB,Williams,12,0 days 00:01:27.533000,MEDIUM,15,1,FALSE,Monza,2023,87.533
ALB,Williams,13,0 days 00:01:27.676000,MEDIUM,16,1,FALSE,Monza,2023,87.676
ALB,Williams,14,0 days 00:01:27.723000,MEDIUM,17,1,FALSE,Monza,2023,87.723
ALB,Williams,15,0 days 00:01:32.301000,MEDIUM,18,1,FALSE,Monza,2023,92.301
ALB,Williams,16,0 days 00:01:47.605000,HARD,4,2,FALSE,Monza,2023,107.605
ALB,Williams,17,0 days 00:01:27.087000,HARD,5,2,FALSE,Monza,2023,87.087
ALB,Williams,18,0 days 00:01:26.893000,HARD,6,2,FALSE,Monza,2023,86.893
ALB,Williams,19,0 days 00:01:27.308000,HARD,7,2,FALSE,Monza,2023,87.308
ALB,Williams,20,0 days 00:01:26.853000,HARD,8,2,FALSE,Monza,2023,86.853
ALB,Williams,21,0 days 00:01:26.601000,HARD,9,2,FALSE,Monza,2023,86.601
ALB,Williams,22,0 days 00:01:26.833000,HARD,10,2,FALSE,Monza,2023,86.833
ALB,Williams,23,0 days 00:01:26.913000,HARD,11,2,FALSE,Monza,2023,86.913
ALB,Williams,24,0 days 00:01:26.748000,HARD,12,2,FALSE,Monza,2023,86.748
ALB,Williams,25,0 days 00:01:26.898000,HARD,13,2,FALSE,Monza,2023,86.898
ALB,Williams,26,0 days 00:01:27.049000,HARD,14,2,FALSE,Monza,2023,87.049
ALB,Williams,27,0 days 00:01:26.735000,HARD,15,2,FALSE,Monza,2023,86.735
ALB,Williams,28,0 days 00:01:27.024000,HARD,16,2,FALSE,Monza,2023,87.024
ALB,Williams,29,0 days 00:01:26.977000,HARD,17,2,FALSE,Monza,2023,86.977
ALB,Williams,30,0 days 00:01:26.940000,HARD,18,2,FALSE,Monza,2023,86.94
ALB,Williams,31,0 days 00:01:26.735000,HARD,19,2,FALSE,Monza,2023,86.735
ALB,Williams,32,0 days 00:01:26.432000,HARD,20,2,TRUE,Monza,2023,86.432
ALB,Williams,33,0 days 00:01:26.389000,HARD,21,2,TRUE,Monza,2023,86.389
ALB,Williams,34,0 days 00:01:26.579000,HARD,22,2,FALSE,Monza,2023,86.579
ALB,Williams,35,0 days 00:01:26.545000,HARD,23,2,FALSE,Monza,2023,86.545
ALB,Williams,36,0 days 00:01:26.981000,HARD,24,2,FALSE,Monza,2023,86.981
ALB,Williams,37,0 days 00:01:26.831000,HARD,25,2,FALSE,Monza,2023,86.831
ALB,Williams,38,0 days 00:01:27.370000,HARD,26,2,FALSE,Monza,2023,87.37
ALB,Williams,39,0 days 00:01:26.802000,HARD,27,2,FALSE,Monza,2023,86.802
ALB,Williams,40,0 days 00:01:26.572000,HARD,28,2,FALSE,Monza,2023,86.572
ALB,Williams,41,0 days 00:01:26.675000,HARD,29,2,FALSE,Monza,2023,86.675
ALB,Williams,42,0 days 00:01:26.708000,HARD,30,2,FALSE,Monza,2023,86.708
ALB,Williams,43,0 days 00:01:26.913000,HARD,31,2,FALSE,Monza,2023,86.913
ALB,Williams,44,0 days 00:01:27.725000,HARD,32,2,FALSE,Monza,2023,87.725
ALB,Williams,45,0 days 00:01:26.907000,HARD,33,2,FALSE,Monza,2023,86.907
ALB,Williams,46,0 days 00:01:27.252000,HARD,34,2,FALSE,Monza,2023,87.252
ALB,Williams,47,0 days 00:01:28.491000,HARD,35,2,FALSE,Monza,2023,88.491
ALB,Williams,48,0 days 00:01:26.822000,HARD,36,2,FALSE,Monza,2023,86.822
ALB,Williams,49,0 days 00:01:27.569000,HARD,37,2,FALSE,Monza,2023,87.569
ALB,Williams,50,0 days 00:01:27.197000,HARD,38,2,FALSE,Monza,2023,87.197
ALB,Williams,51,0 days 00:01:27.433000,HARD,39,2,FALSE,Monza,2023,87.433
ZHO,Alfa Romeo,1,0 days 00:01:35.194000,MEDIUM,1,1,FALSE,Monza,2023,95.194
ZHO,Alfa Romeo,2,0 days 00:01:28.167000,MEDIUM,2,1,TRUE,Monza,2023,88.167
ZHO,Alfa Romeo,3,0 days 00:01:27.871000,MEDIUM,3,1,TRUE,Monza,2023,87.871
ZHO,Alfa Romeo,4,0 days 00:01:27.615000,MEDIUM,4,1,TRUE,Monza,2023,87.615
ZHO,Alfa Romeo,5,0 days 00:01:27.535000,MEDIUM,5,1,TRUE,Monza,2023,87.535
ZHO,Alfa Romeo,6,0 days 00:01:27.066000,MEDIUM,6,1,TRUE,Monza,2023,87.066
ZHO,Alfa Romeo,7,0 days 00:01:27.185000,MEDIUM,7,1,FALSE,Monza,2023,87.185
ZHO,Alfa Romeo,8,0 days 00:01:27.253000,MEDIUM,8,1,FALSE,Monza,2023,87.253
ZHO,Alfa Romeo,9,0 days 00:01:27.416000,MEDIUM,9,1,FALSE,Monza,2023,87.416
ZHO,Alfa Romeo,10,0 days 00:01:27.544000,MEDIUM,10,1,FALSE,Monza,2023,87.544
ZHO,Alfa Romeo,11,0 days 00:01:32.187000,MEDIUM,11,1,FALSE,Monza,2023,92.187
ZHO,Alfa Romeo,12,0 days 00:01:47.237000,HARD,4,2,FALSE,Monza,2023,107.237
ZHO,Alfa Romeo,13,0 days 00:01:26.253000,HARD,5,2,TRUE,Monza,2023,86.253
ZHO,Alfa Romeo,14,0 days 00:01:27.775000,HARD,6,2,FALSE,Monza,2023,87.775
ZHO,Alfa Romeo,15,0 days 00:01:27.645000,HARD,7,2,FALSE,Monza,2023,87.645
ZHO,Alfa Romeo,16,0 days 00:01:27.153000,HARD,8,2,FALSE,Monza,2023,87.153
ZHO,Alfa Romeo,17,0 days 00:01:26.866000,HARD,9,2,FALSE,Monza,2023,86.866
ZHO,Alfa Romeo,18,0 days 00:01:27.055000,HARD,10,2,FALSE,Monza,2023,87.055
ZHO,Alfa Romeo,19,0 days 00:01:27.347000,HARD,11,2,FALSE,Monza,2023,87.347
ZHO,Alfa Romeo,20,0 days 00:01:27.075000,HARD,12,2,FALSE,Monza,2023,87.075
ZHO,Alfa Romeo,21,0 days 00:01:27.170000,HARD,13,2,FALSE,Monza,2023,87.17
ZHO,Alfa Romeo,22,0 days 00:01:27.333000,HARD,14,2,FALSE,Monza,2023,87.333
ZHO,Alfa Romeo,23,0 days 00:01:27.285000,HARD,15,2,FALSE,Monza,2023,87.285
ZHO,Alfa Romeo,24,0 days 00:01:27.153000,HARD,16,2,FALSE,Monza,2023,87.153
ZHO,Alfa Romeo,25,0 days 00:01:27.028000,HARD,17,2,FALSE,Monza,2023,87.028
ZHO,Alfa Romeo,26,0 days 00:01:27.164000,HARD,18,2,FALSE,Monza,2023,87.164
ZHO,Alfa Romeo,27,0 days 00:01:27.348000,HARD,19,2,FALSE,Monza,2023,87.348
ZHO,Alfa Romeo,28,0 days 00:01:27.858000,HARD,20,2,FALSE,Monza,2023,87.858
ZHO,Alfa Romeo,29,0 days 00:01:27.356000,HARD,21,2,FALSE,Monza,2023,87.356
ZHO,Alfa Romeo,30,0 days 00:01:27.442000,HARD,22,2,FALSE,Monza,2023,87.442
ZHO,Alfa Romeo,31,0 days 00:01:27.683000,HARD,23,2,FALSE,Monza,2023,87.683
ZHO,Alfa Romeo,32,0 days 00:01:27.820000,HARD,24,2,FALSE,Monza,2023,87.82
ZHO,Alfa Romeo,33,0 days 00:01:32.052000,HARD,25,2,FALSE,Monza,2023,92.052
ZHO,Alfa Romeo,34,0 days 00:01:47.962000,MEDIUM,1,3,FALSE,Monza,2023,107.962
ZHO,Alfa Romeo,35,0 days 00:01:25.983000,MEDIUM,2,3,TRUE,Monza,2023,85.983
ZHO,Alfa Romeo,36,0 days 00:01:26.935000,MEDIUM,3,3,FALSE,Monza,2023,86.935
ZHO,Alfa Romeo,37,0 days 00:01:26.700000,MEDIUM,4,3,FALSE,Monza,2023,86.7
ZHO,Alfa Romeo,38,0 days 00:01:26.503000,MEDIUM,5,3,FALSE,Monza,2023,86.503
ZHO,Alfa Romeo,39,0 days 00:01:26.473000,MEDIUM,6,3,FALSE,Monza,2023,86.473
ZHO,Alfa Romeo,40,0 days 00:01:26.406000,MEDIUM,7,3,FALSE,Monza,2023,86.406
ZHO,Alfa Romeo,41,0 days 00:01:26.600000,MEDIUM,8,3,FALSE,Monza,2023,86.6
ZHO,Alfa Romeo,42,0 days 00:01:26.671000,MEDIUM,9,3,FALSE,Monza,2023,86.671
ZHO,Alfa Romeo,43,0 days 00:01:26.288000,MEDIUM,10,3,FALSE,Monza,2023,86.288
ZHO,Alfa Romeo,44,0 days 00:01:26.313000,MEDIUM,11,3,FALSE,Monza,2023,86.313
ZHO,Alfa Romeo,45,0 days 00:01:26.461000,MEDIUM,12,3,FALSE,Monza,2023,86.461
ZHO,Alfa Romeo,46,0 days 00:01:26.134000,MEDIUM,13,3,FALSE,Monza,2023,86.134
ZHO,Alfa Romeo,47,0 days 00:01:26.305000,MEDIUM,14,3,FALSE,Monza,2023,86.305
ZHO,Alfa Romeo,48,0 days 00:01:26.448000,MEDIUM,15,3,FALSE,Monza,2023,86.448
ZHO,Alfa Romeo,49,0 days 00:01:28.825000,MEDIUM,16,3,FALSE,Monza,2023,88.825
ZHO,Alfa Romeo,50,0 days 00:01:26.768000,MEDIUM,17,3,FALSE,Monza,2023,86.768
ZHO,Alfa Romeo,51,,MEDIUM,18,3,,Monza,2023,
HUL,Haas F1 Team,1,0 days 00:01:32.720000,MEDIUM,4,1,FALSE,Monza,2023,92.72
HUL,Haas F1 Team,2,0 days 00:01:27.920000,MEDIUM,5,1,TRUE,Monza,2023,87.92
HUL,Haas F1 Team,3,0 days 00:01:27.360000,MEDIUM,6,1,TRUE,Monza,2023,87.36
HUL,Haas F1 Team,4,0 days 00:01:27.200000,MEDIUM,7,1,TRUE,Monza,2023,87.2
HUL,Haas F1 Team,5,0 days 00:01:27.035000,MEDIUM,8,1,TRUE,Monza,2023,87.035
HUL,Haas F1 Team,6,0 days 00:01:27.169000,MEDIUM,9,1,FALSE,Monza,2023,87.169
HUL,Haas F1 Team,7,0 days 00:01:27.465000,MEDIUM,10,1,FALSE,Monza,2023,87.465
HUL,Haas F1 Team,8,0 days 00:01:28.059000,MEDIUM,11,1,FALSE,Monza,2023,88.059
HUL,Haas F1 Team,9,0 days 00:01:27.481000,MEDIUM,12,1,FALSE,Monza,2023,87.481
HUL,Haas F1 Team,10,0 days 00:01:27.563000,MEDIUM,13,1,FALSE,Monza,2023,87.563
HUL,Haas F1 Team,11,0 days 00:01:28.055000,MEDIUM,14,1,FALSE,Monza,2023,88.055
HUL,Haas F1 Team,12,0 days 00:01:29.091000,MEDIUM,15,1,FALSE,Monza,2023,89.091
HUL,Haas F1 Team,13,0 days 00:01:28.009000,MEDIUM,16,1,FALSE,Monza,2023,88.009
HUL,Haas F1 Team,14,0 days 00:01:32.658000,MEDIUM,17,1,FALSE,Monza,2023,92.658
HUL,Haas F1 Team,15,0 days 00:01:49.615000,HARD,6,2,FALSE,Monza,2023,109.615
HUL,Haas F1 Team,16,0 days 00:01:26.990000,HARD,7,2,TRUE,Monza,2023,86.99
HUL,Haas F1 Team,17,0 days 00:01:26.988000,HARD,8,2,TRUE,Monza,2023,86.988
HUL,Haas F1 Team,18,0 days 00:01:27.294000,HARD,9,2,FALSE,Monza,2023,87.294
HUL,Haas F1 Team,19,0 days 00:01:27.312000,HARD,10,2,FALSE,Monza,2023,87.312
HUL,Haas F1 Team,20,0 days 00:01:27.078000,HARD,11,2,FALSE,Monza,2023,87.078
HUL,Haas F1 Team,21,0 days 00:01:27.161000,HARD,12,2,FALSE,Monza,2023,87.161
HUL,Haas F1 Team,22,0 days 00:01:27.074000,HARD,13,2,FALSE,Monza,2023,87.074
HUL,Haas F1 Team,23,0 days 00:01:27.290000,HARD,14,2,FALSE,Monza,2023,87.29
HUL,Haas F1 Team,24,0 days 00:01:27.143000,HARD,15,2,FALSE,Monza,2023,87.143
HUL,Haas F1 Team,25,0 days 00:01:27.229000,HARD,16,2,FALSE,Monza,2023,87.229
HUL,Haas F1 Team,26,0 days 00:01:27.344000,HARD,17,2,FALSE,Monza,2023,87.344
HUL,Haas F1 Team,27,0 days 00:01:27.080000,HARD,18,2,FALSE,Monza,2023,87.08
HUL,Haas F1 Team,28,0 days 00:01:27.600000,HARD,19,2,FALSE,Monza,2023,87.6
HUL,Haas F1 Team,29,0 days 00:01:27.466000,HARD,20,2,FALSE,Monza,2023,87.466
HUL,Haas F1 Team,30,0 days 00:01:27.775000,HARD,21,2,FALSE,Monza,2023,87.775
HUL,Haas F1 Team,31,0 days 00:01:27.547000,HARD,22,2,FALSE,Monza,2023,87.547
HUL,Haas F1 Team,32,0 days 00:01:27.976000,HARD,23,2,FALSE,Monza,2023,87.976
HUL,Haas F1 Team,33,0 days 00:01:28.575000,HARD,24,2,FALSE,Monza,2023,88.575
HUL,Haas F1 Team,34,0 days 00:01:27.991000,HARD,25,2,FALSE,Monza,2023,87.991
HUL,Haas F1 Team,35,0 days 00:01:27.945000,HARD,26,2,FALSE,Monza,2023,87.945
HUL,Haas F1 Team,36,0 days 00:01:28.084000,HARD,27,2,FALSE,Monza,2023,88.084
HUL,Haas F1 Team,37,0 days 00:01:28.006000,HARD,28,2,FALSE,Monza,2023,88.006
HUL,Haas F1 Team,38,0 days 00:01:28.969000,HARD,29,2,FALSE,Monza,2023,88.969
HUL,Haas F1 Team,39,0 days 00:01:32.506000,HARD,30,2,FALSE,Monza,2023,92.506
HUL,Haas F1 Team,40,0 days 00:01:46.370000,MEDIUM,4,3,FALSE,Monza,2023,106.37
HUL,Haas F1 Team,41,0 days 00:01:26.395000,MEDIUM,5,3,TRUE,Monza,2023,86.395
HUL,Haas F1 Team,42,0 days 00:01:26.102000,MEDIUM,6,3,TRUE,Monza,2023,86.102
HUL,Haas F1 Team,43,0 days 00:01:26.234000,MEDIUM,7,3,FALSE,Monza,2023,86.234
HUL,Haas F1 Team,44,0 days 00:01:26.459000,MEDIUM,8,3,FALSE,Monza,2023,86.459
HUL,Haas F1 Team,45,0 days 00:01:26.723000,MEDIUM,9,3,FALSE,Monza,2023,86.723
HUL,Haas F1 Team,46,0 days 00:01:26.645000,MEDIUM,10,3,FALSE,Monza,2023,86.645
HUL,Haas F1 Team,47,0 days 00:01:26.251000,MEDIUM,11,3,FALSE,Monza,2023,86.251
HUL,Haas F1 Team,48,0 days 00:01:26.359000,MEDIUM,12,3,FALSE,Monza,2023,86.359
HUL,Haas F1 Team,49,0 days 00:01:25.981000,MEDIUM,13,3,TRUE,Monza,2023,85.981
HUL,Haas F1 Team,50,0 days 00:01:25.894000,MEDIUM,14,3,TRUE,Monza,2023,85.894
HUL,Haas F1 Team,51,,MEDIUM,15,3,,Monza,2023,
OCO,Alpine,1,0 days 00:01:35.655000,MEDIUM,1,1,FALSE,Monza,2023,95.655
OCO,Alpine,2,0 days 00:01:28.667000,MEDIUM,2,1,TRUE,Monza,2023,88.667
OCO,Alpine,3,0 days 00:01:27.822000,MEDIUM,3,1,TRUE,Monza,2023,87.822
OCO,Alpine,4,0 days 00:01:27.582000,MEDIUM,4,1,TRUE,Monza,2023,87.582
OCO,Alpine,5,0 days 00:01:27.385000,MEDIUM,5,1,TRUE,Monza,2023,87.385
OCO,Alpine,6,0 days 00:01:27.306000,MEDIUM,6,1,TRUE,Monza,2023,87.306
OCO,Alpine,7,0 days 00:01:27.117000,MEDIUM,7,1,TRUE,Monza,2023,87.117
OCO,Alpine,8,0 days 00:01:27.309000,MEDIUM,8,1,FALSE,Monza,2023,87.309
OCO,Alpine,9,0 days 00:01:27.396000,MEDIUM,9,1,FALSE,Monza,2023,87.396
OCO,Alpine,10,0 days 00:01:27.607000,MEDIUM,10,1,FALSE,Monza,2023,87.607
OCO,Alpine,11,0 days 00:01:27.738000,MEDIUM,11,1,FALSE,Monza,2023,87.738
OCO,Alpine,12,0 days 00:01:28.232000,MEDIUM,12,1,FALSE,Monza,2023,88.232
OCO,Alpine,13,0 days 00:01:27.855000,MEDIUM,13,1,FALSE,Monza,2023,87.855
OCO,Alpine,14,0 days 00:01:28.091000,MEDIUM,14,1,FALSE,Monza,2023,88.091
OCO,Alpine,15,0 days 00:01:28.197000,MEDIUM,15,1,FALSE,Monza,2023,88.197
OCO,Alpine,16,0 days 00:01:28.249000,MEDIUM,16,1,FALSE,Monza,2023,88.249
OCO,Alpine,17,0 days 00:01:28.111000,MEDIUM,17,1,FALSE,Monza,2023,88.111
OCO,Alpine,18,0 days 00:01:28.261000,MEDIUM,18,1,FALSE,Monza,2023,88.261
OCO,Alpine,19,0 days 00:01:28.216000,MEDIUM,19,1,FALSE,Monza,2023,88.216
OCO,Alpine,20,0 days 00:01:29.387000,MEDIUM,20,1,FALSE,Monza,2023,89.387
OCO,Alpine,21,0 days 00:01:28.489000,MEDIUM,21,1,FALSE,Monza,2023,88.489
OCO,Alpine,22,0 days 00:01:28.884000,MEDIUM,22,1,FALSE,Monza,2023,88.884
OCO,Alpine,23,0 days 00:01:29.474000,MEDIUM,23,1,FALSE,Monza,2023,89.474
OCO,Alpine,24,0 days 00:01:33.499000,MEDIUM,24,1,FALSE,Monza,2023,93.499
OCO,Alpine,25,0 days 00:01:47.378000,HARD,4,2,FALSE,Monza,2023,107.378
OCO,Alpine,26,0 days 00:01:27.158000,HARD,5,2,FALSE,Monza,2023,87.158
OCO,Alpine,27,0 days 00:01:27.119000,HARD,6,2,FALSE,Monza,2023,87.119
OCO,Alpine,28,0 days 00:01:27.190000,HARD,7,2,FALSE,Monza,2023,87.19
OCO,Alpine,29,0 days 00:01:27.350000,HARD,8,2,FALSE,Monza,2023,87.35
OCO,Alpine,30,0 days 00:01:27.308000,HARD,9,2,FALSE,Monza,2023,87.308
OCO,Alpine,31,0 days 00:01:27.208000,HARD,10,2,FALSE,Monza,2023,87.208
OCO,Alpine,32,0 days 00:01:27.119000,HARD,11,2,FALSE,Monza,2023,87.119
OCO,Alpine,33,0 days 00:01:26.963000,HARD,12,2,TRUE,Monza,2023,86.963
OCO,Alpine,34,0 days 00:01:27.626000,HARD,13,2,FALSE,Monza,2023,87.626
OCO,Alpine,35,0 days 00:01:27.441000,HARD,14,2,FALSE,Monza,2023,87.441
OCO,Alpine,36,0 days 00:01:27.476000,HARD,15,2,FALSE,Monza,2023,87.476
OCO,Alpine,37,0 days 00:01:27.429000,HARD,16,2,FALSE,Monza,2023,87.429
OCO,Alpine,38,0 days 00:01:27.079000,HARD,17,2,FALSE,Monza,2023,87.079
OCO,Alpine,39,0 days 00:01:46.604000,HARD,18,2,FALSE,Monza,2023,106.604
NOR,McLaren,1,0 days 00:01:31.513000,MEDIUM,1,1,FALSE,Monza,2023,91.513
NOR,McLaren,2,0 days 00:01:27.575000,MEDIUM,2,1,TRUE,Monza,2023,87.575
NOR,McLaren,3,0 days 00:01:27.105000,MEDIUM,3,1,TRUE,Monza,2023,87.105
NOR,McLaren,4,0 days 00:01:27.069000,MEDIUM,4,1,TRUE,Monza,2023,87.069
NOR,McLaren,5,0 days 00:01:27.142000,MEDIUM,5,1,FALSE,Monza,2023,87.142
NOR,McLaren,6,0 days 00:01:26.796000,MEDIUM,6,1,TRUE,Monza,2023,86.796
NOR,McLaren,7,0 days 00:01:26.864000,MEDIUM,7,1,FALSE,Monza,2023,86.864
NOR,McLaren,8,0 days 00:01:26.628000,MEDIUM,8,1,TRUE,Monza,2023,86.628
NOR,McLaren,9,0 days 00:01:26.893000,MEDIUM,9,1,FALSE,Monza,2023,86.893
NOR,McLaren,10,0 days 00:01:26.965000,MEDIUM,10,1,FALSE,Monza,2023,86.965
NOR,McLaren,11,0 days 00:01:27.066000,MEDIUM,11,1,FALSE,Monza,2023,87.066
NOR,McLaren,12,0 days 00:01:27.438000,MEDIUM,12,1,FALSE,Monza,2023,87.438
NOR,McLaren,13,0 days 00:01:27.359000,MEDIUM,13,1,FALSE,Monza,2023,87.359
NOR,McLaren,14,0 days 00:01:27.478000,MEDIUM,14,1,FALSE,Monza,2023,87.478
NOR,McLaren,15,0 days 00:01:27.796000,MEDIUM,15,1,FALSE,Monza,2023,87.796
NOR,McLaren,16,0 days 00:01:27.199000,MEDIUM,16,1,FALSE,Monza,2023,87.199
NOR,McLaren,17,0 days 00:01:27.597000,MEDIUM,17,1,FALSE,Monza,2023,87.597
NOR,McLaren,18,0 days 00:01:27.272000,MEDIUM,18,1,FALSE,Monza,2023,87.272
NOR,McLaren,19,0 days 00:01:27.280000,MEDIUM,19,1,FALSE,Monza,2023,87.28
NOR,McLaren,20,0 days 00:01:27.716000,MEDIUM,20,1,FALSE,Monza,2023,87.716
NOR,McLaren,21,0 days 00:01:27.718000,MEDIUM,21,1,FALSE,Monza,2023,87.718
NOR,McLaren,22,0 days 00:01:31.647000,MEDIUM,22,1,FALSE,Monza,2023,91.647
NOR,McLaren,23,0 days 00:01:46.282000,HARD,5,2,FALSE,Monza,2023,106.282
NOR,McLaren,24,0 days 00:01:26.144000,HARD,6,2,TRUE,Monza,2023,86.144
NOR,McLaren,25,0 days 00:01:26.424000,HARD,7,2,FALSE,Monza,2023,86.424
NOR,McLaren,26,0 days 00:01:26.402000,HARD,8,2,FALSE,Monza,2023,86.402
NOR,McLaren,27,0 days 00:01:26.485000,HARD,9,2,FALSE,Monza,2023,86.485
NOR,McLaren,28,0 days 00:01:26.396000,HARD,10,2,FALSE,Monza,2023,86.396
NOR,McLaren,29,0 days 00:01:26.472000,HARD,11,2,FALSE,Monza,2023,86.472
NOR,McLaren,30,0 days 00:01:26.968000,HARD,12,2,FALSE,Monza,2023,86.968
NOR,McLaren,31,0 days 00:01:26.909000,HARD,13,2,FALSE,Monza,2023,86.909
NOR,McLaren,32,0 days 00:01:26.586000,HARD,14,2,FALSE,Monza,2023,86.586
NOR,McLaren,33,0 days 00:01:26.455000,HARD,15,2,FALSE,Monza,2023,86.455
NOR,McLaren,34,0 days 00:01:26.366000,HARD,16,2,FALSE,Monza,2023,86.366
NOR,McLaren,35,0 days 00:01:26.464000,HARD,17,2,FALSE,Monza,2023,86.464
NOR,McLaren,36,0 days 00:01:27.060000,HARD,18,2,FALSE,Monza,2023,87.06
NOR,McLaren,37,0 days 00:01:26.595000,HARD,19,2,FALSE,Monza,2023,86.595
NOR,McLaren,38,0 days 00:01:27.567000,HARD,20,2,FALSE,Monza,2023,87.567
NOR,McLaren,39,0 days 00:01:26.792000,HARD,21,2,FALSE,Monza,2023,86.792
NOR,McLaren,40,0 days 00:01:26.761000,HARD,22,2,FALSE,Monza,2023,86.761
NOR,McLaren,41,0 days 00:01:26.562000,HARD,23,2,FALSE,Monza,2023,86.562
NOR,McLaren,42,0 days 00:01:26.623000,HARD,24,2,FALSE,Monza,2023,86.623
NOR,McLaren,43,0 days 00:01:26.810000,HARD,25,2,FALSE,Monza,2023,86.81
NOR,McLaren,44,0 days 00:01:27.991000,HARD,26,2,FALSE,Monza,2023,87.991
NOR,McLaren,45,0 days 00:01:27.466000,HARD,27,2,FALSE,Monza,2023,87.466
NOR,McLaren,46,0 days 00:01:27.017000,HARD,28,2,FALSE,Monza,2023,87.017
NOR,McLaren,47,0 days 00:01:27.886000,HARD,29,2,FALSE,Monza,2023,87.886
NOR,McLaren,48,0 days 00:01:26.733000,HARD,30,2,FALSE,Monza,2023,86.733
NOR,McLaren,49,0 days 00:01:27.661000,HARD,31,2,FALSE,Monza,2023,87.661
NOR,McLaren,50,0 days 00:01:27.174000,HARD,32,2,FALSE,Monza,2023,87.174
NOR,McLaren,51,0 days 00:01:27.425000,HARD,33,2,FALSE,Monza,2023,87.425
LAW,AlphaTauri,1,0 days 00:01:33.893000,MEDIUM,4,1,FALSE,Monza,2023,93.893
LAW,AlphaTauri,2,0 days 00:01:28.018000,MEDIUM,5,1,TRUE,Monza,2023,88.018
LAW,AlphaTauri,3,0 days 00:01:27.657000,MEDIUM,6,1,TRUE,Monza,2023,87.657
LAW,AlphaTauri,4,0 days 00:01:27.130000,MEDIUM,7,1,TRUE,Monza,2023,87.13
LAW,AlphaTauri,5,0 days 00:01:27.205000,MEDIUM,8,1,FALSE,Monza,2023,87.205
LAW,AlphaTauri,6,0 days 00:01:27.263000,MEDIUM,9,1,FALSE,Monza,2023,87.263
LAW,AlphaTauri,7,0 days 00:01:27.154000,MEDIUM,10,1,FALSE,Monza,2023,87.154
LAW,AlphaTauri,8,0 days 00:01:27.331000,MEDIUM,11,1,FALSE,Monza,2023,87.331
LAW,AlphaTauri,9,0 days 00:01:27.506000,MEDIUM,12,1,FALSE,Monza,2023,87.506
LAW,AlphaTauri,10,0 days 00:01:27.648000,MEDIUM,13,1,FALSE,Monza,2023,87.648
LAW,AlphaTauri,11,0 days 00:01:27.892000,MEDIUM,14,1,FALSE,Monza,2023,87.892
LAW,AlphaTauri,12,0 days 00:01:27.631000,MEDIUM,15,1,FALSE,Monza,2023,87.631
LAW,AlphaTauri,13,0 days 00:01:32.053000,MEDIUM,16,1,FALSE,Monza,2023,92.053
LAW,AlphaTauri,14,0 days 00:01:47.344000,HARD,4,2,FALSE,Monza,2023,107.344
LAW,AlphaTauri,15,0 days 00:01:27.030000,HARD,5,2,TRUE,Monza,2023,87.03
LAW,AlphaTauri,16,0 days 00:01:27.412000,HARD,6,2,FALSE,Monza,2023,87.412
LAW,AlphaTauri,17,0 days 00:01:27.045000,HARD,7,2,FALSE,Monza,2023,87.045
LAW,AlphaTauri,18,0 days 00:01:26.815000,HARD,8,2,TRUE,Monza,2023,86.815
LAW,AlphaTauri,19,0 days 00:01:27.047000,HARD,9,2,FALSE,Monza,2023,87.047
LAW,AlphaTauri,20,0 days 00:01:26.890000,HARD,10,2,FALSE,Monza,2023,86.89
LAW,AlphaTauri,21,0 days 00:01:27.171000,HARD,11,2,FALSE,Monza,2023,87.171
LAW,AlphaTauri,22,0 days 00:01:28.059000,HARD,12,2,FALSE,Monza,2023,88.059
LAW,AlphaTauri,23,0 days 00:01:27.215000,HARD,13,2,FALSE,Monza,2023,87.215
LAW,AlphaTauri,24,0 days 00:01:27.049000,HARD,14,2,FALSE,Monza,2023,87.049
LAW,AlphaTauri,25,0 days 00:01:27.204000,HARD,15,2,FALSE,Monza,2023,87.204
LAW,AlphaTauri,26,0 days 00:01:27.089000,HARD,16,2,FALSE,Monza,2023,87.089
LAW,AlphaTauri,27,0 days 00:01:27.025000,HARD,17,2,FALSE,Monza,2023,87.025
LAW,AlphaTauri,28,0 days 00:01:27.376000,HARD,18,2,FALSE,Monza,2023,87.376
LAW,AlphaTauri,29,0 days 00:01:27.108000,HARD,19,2,FALSE,Monza,2023,87.108
LAW,AlphaTauri,30,0 days 00:01:27.487000,HARD,20,2,FALSE,Monza,2023,87.487
LAW,AlphaTauri,31,0 days 00:01:27.515000,HARD,21,2,FALSE,Monza,2023,87.515
LAW,AlphaTauri,32,0 days 00:01:27.496000,HARD,22,2,FALSE,Monza,2023,87.496
LAW,AlphaTauri,33,0 days 00:01:31.843000,HARD,23,2,FALSE,Monza,2023,91.843
LAW,AlphaTauri,34,0 days 00:01:46.710000,MEDIUM,4,3,FALSE,Monza,2023,106.71
LAW,AlphaTauri,35,0 days 00:01:26.260000,MEDIUM,5,3,TRUE,Monza,2023,86.26
LAW,AlphaTauri,36,0 days 00:01:26.384000,MEDIUM,6,3,FALSE,Monza,2023,86.384
LAW,AlphaTauri,37,0 days 00:01:26.253000,MEDIUM,7,3,TRUE,Monza,2023,86.253
LAW,AlphaTauri,38,0 days 00:01:26.103000,MEDIUM,8,3,TRUE,Monza,2023,86.103
LAW,AlphaTauri,39,0 days 00:01:26.245000,MEDIUM,9,3,FALSE,Monza,2023,86.245
LAW,AlphaTauri,40,0 days 00:01:26.273000,MEDIUM,10,3,FALSE,Monza,2023,86.273
LAW,AlphaTauri,41,0 days 00:01:26.417000,MEDIUM,11,3,FALSE,Monza,2023,86.417
LAW,AlphaTauri,42,0 days 00:01:26.121000,MEDIUM,12,3,FALSE,Monza,2023,86.121
LAW,AlphaTauri,43,0 days 00:01:26.143000,MEDIUM,13,3,FALSE,Monza,2023,86.143
LAW,AlphaTauri,44,0 days 00:01:25.842000,MEDIUM,14,3,TRUE,Monza,2023,85.842
LAW,AlphaTauri,45,0 days 00:01:26.134000,MEDIUM,15,3,FALSE,Monza,2023,86.134
LAW,AlphaTauri,46,0 days 00:01:26.018000,MEDIUM,16,3,FALSE,Monza,2023,86.018
LAW,AlphaTauri,47,0 days 00:01:26.656000,MEDIUM,17,3,FALSE,Monza,2023,86.656
LAW,AlphaTauri,48,0 days 00:01:26.098000,MEDIUM,18,3,FALSE,Monza,2023,86.098
LAW,AlphaTauri,49,0 days 00:01:27.235000,MEDIUM,19,3,FALSE,Monza,2023,87.235
LAW,AlphaTauri,50,0 days 00:01:26.436000,MEDIUM,20,3,FALSE,Monza,2023,86.436
LAW,AlphaTauri,51,,MEDIUM,21,3,,Monza,2023,
HAM,Mercedes,1,0 days 00:01:32.011000,HARD,4,1,FALSE,Monza,2023,92.011
HAM,Mercedes,2,0 days 00:01:27.837000,HARD,5,1,TRUE,Monza,2023,87.837
HAM,Mercedes,3,0 days 00:01:27.289000,HARD,6,1,TRUE,Monza,2023,87.289
HAM,Mercedes,4,0 days 00:01:27.233000,HARD,7,1,TRUE,Monza,2023,87.233
HAM,Mercedes,5,0 days 00:01:27.015000,HARD,8,1,TRUE,Monza,2023,87.015
HAM,Mercedes,6,0 days 00:01:26.711000,HARD,9,1,TRUE,Monza,2023,86.711
HAM,Mercedes,7,0 days 00:01:26.700000,HARD,10,1,TRUE,Monza,2023,86.7
HAM,Mercedes,8,0 days 00:01:26.643000,HARD,11,1,TRUE,Monza,2023,86.643
HAM,Mercedes,9,0 days 00:01:26.756000,HARD,12,1,FALSE,Monza,2023,86.756
HAM,Mercedes,10,0 days 00:01:26.995000,HARD,13,1,FALSE,Monza,2023,86.995
HAM,Mercedes,11,0 days 00:01:27.119000,HARD,14,1,FALSE,Monza,2023,87.119
HAM,Mercedes,12,0 days 00:01:27.194000,HARD,15,1,FALSE,Monza,2023,87.194
HAM,Mercedes,13,0 days 00:01:27.292000,HARD,16,1,FALSE,Monza,2023,87.292
HAM,Mercedes,14,0 days 00:01:27.526000,HARD,17,1,FALSE,Monza,2023,87.526
HAM,Mercedes,15,0 days 00:01:28.085000,HARD,18,1,FALSE,Monza,2023,88.085
HAM,Mercedes,16,0 days 00:01:27.240000,HARD,19,1,FALSE,Monza,2023,87.24
HAM,Mercedes,17,0 days 00:01:27.585000,HARD,20,1,FALSE,Monza,2023,87.585
HAM,Mercedes,18,0 days 00:01:27.279000,HARD,21,1,FALSE,Monza,2023,87.279
HAM,Mercedes,19,0 days 00:01:27.449000,HARD,22,1,FALSE,Monza,2023,87.449
HAM,Mercedes,20,0 days 00:01:27.830000,HARD,23,1,FALSE,Monza,2023,87.83
HAM,Mercedes,21,0 days 00:01:27.399000,HARD,24,1,FALSE,Monza,2023,87.399
HAM,Mercedes,22,0 days 00:01:27.154000,HARD,25,1,FALSE,Monza,2023,87.154
HAM,Mercedes,23,0 days 00:01:27.267000,HARD,26,1,FALSE,Monza,2023,87.267
HAM,Mercedes,24,0 days 00:01:27.311000,HARD,27,1,FALSE,Monza,2023,87.311
HAM,Mercedes,25,0 days 00:01:27.791000,HARD,28,1,FALSE,Monza,2023,87.791
HAM,Mercedes,26,0 days 00:01:27.407000,HARD,29,1,FALSE,Monza,2023,87.407
HAM,Mercedes,27,0 days 00:01:33.228000,HARD,30,1,FALSE,Monza,2023,93.228
HAM,Mercedes,28,0 days 00:01:45.978000,MEDIUM,1,2,FALSE,Monza,2023,105.978
HAM,Mercedes,29,0 days 00:01:25.582000,MEDIUM,2,2,TRUE,Monza,2023,85.582
HAM,Mercedes,30,0 days 00:01:26.340000,MEDIUM,3,2,FALSE,Monza,2023,86.34
HAM,Mercedes,31,0 days 00:01:26.404000,MEDIUM,4,2,FALSE,Monza,2023,86.404
HAM,Mercedes,32,0 days 00:01:26.620000,MEDIUM,5,2,FALSE,Monza,2023,86.62
HAM,Mercedes,33,0 days 00:01:26.584000,MEDIUM,6,2,FALSE,Monza,2023,86.584
HAM,Mercedes,34,0 days 00:01:26.236000,MEDIUM,7,2,FALSE,Monza,2023,86.236
HAM,Mercedes,35,0 days 00:01:26.016000,MEDIUM,8,2,FALSE,Monza,2023,86.016
HAM,Mercedes,36,0 days 00:01:26.205000,MEDIUM,9,2,FALSE,Monza,2023,86.205
HAM,Mercedes,37,0 days 00:01:25.999000,MEDIUM,10,2,FALSE,Monza,2023,85.999
HAM,Mercedes,38,0 days 00:01:26.274000,MEDIUM,11,2,FALSE,Monza,2023,86.274
HAM,Mercedes,39,0 days 00:01:26.249000,MEDIUM,12,2,FALSE,Monza,2023,86.249
HAM,Mercedes,40,0 days 00:01:26.658000,MEDIUM,13,2,FALSE,Monza,2023,86.658
HAM,Mercedes,41,0 days 00:01:27.501000,MEDIUM,14,2,FALSE,Monza,2023,87.501
HAM,Mercedes,42,0 days 00:01:26.216000,MEDIUM,15,2,FALSE,Monza,2023,86.216
HAM,Mercedes,43,0 days 00:01:26.093000,MEDIUM,16,2,FALSE,Monza,2023,86.093
HAM,Mercedes,44,0 days 00:01:27.152000,MEDIUM,17,2,FALSE,Monza,2023,87.152
HAM,Mercedes,45,0 days 00:01:26.333000,MEDIUM,18,2,FALSE,Monza,2023,86.333
HAM,Mercedes,46,0 days 00:01:27.193000,MEDIUM,19,2,FALSE,Monza,2023,87.193
HAM,Mercedes,47,0 days 00:01:26.120000,MEDIUM,20,2,FALSE,Monza,2023,86.12
HAM,Mercedes,48,0 days 00:01:25.815000,MEDIUM,21,2,FALSE,Monza,2023,85.815
HAM,Mercedes,49,0 days 00:01:25.888000,MEDIUM,22,2,FALSE,Monza,2023,85.888
HAM,Mercedes,50,0 days 00:01:25.927000,MEDIUM,23,2,FALSE,Monza,2023,85.927
HAM,Mercedes,51,0 days 00:01:26.093000,MEDIUM,24,2,FALSE,Monza,2023,86.093
SAI,Ferrari,1,0 days 00:01:27.117000,MEDIUM,1,1,FALSE,Monza,2023,87.117
SAI,Ferrari,2,0 days 00:01:26.006000,MEDIUM,2,1,TRUE,Monza,2023,86.006
SAI,Ferrari,3,0 days 00:01:25.976000,MEDIUM,3,1,TRUE,Monza,2023,85.976
SAI,Ferrari,4,0 days 00:01:26.067000,MEDIUM,4,1,FALSE,Monza,2023,86.067
SAI,Ferrari,5,0 days 00:01:26.423000,MEDIUM,5,1,FALSE,Monza,2023,86.423
SAI,Ferrari,6,0 days 00:01:26.615000,MEDIUM,6,1,FALSE,Monza,2023,86.615
SAI,Ferrari,7,0 days 00:01:26.358000,MEDIUM,7,1,FALSE,Monza,2023,86.358
SAI,Ferrari,8,0 days 00:01:26.224000,MEDIUM,8,1,FALSE,Monza,2023,86.224
SAI,Ferrari,9,0 days 00:01:26.476000,MEDIUM,9,1,FALSE,Monza,2023,86.476
SAI,Ferrari,10,0 days 00:01:26.511000,MEDIUM,10,1,FALSE,Monza,2023,86.511
SAI,Ferrari,11,0 days 00:01:26.691000,MEDIUM,11,1,FALSE,Monza,2023,86.691
SAI,Ferrari,12,0 days 00:01:26.408000,MEDIUM,12,1,FALSE,Monza,2023,86.408
SAI,Ferrari,13,0 days 00:01:26.887000,MEDIUM,13,1,FALSE,Monza,2023,86.887
SAI,Ferrari,14,0 days 00:01:26.972000,MEDIUM,14,1,FALSE,Monza,2023,86.972
SAI,Ferrari,15,0 days 00:01:28.219000,MEDIUM,15,1,FALSE,Monza,2023,88.219
SAI,Ferrari,16,0 days 00:01:27.323000,MEDIUM,16,1,FALSE,Monza,2023,87.323
SAI,Ferrari,17,0 days 00:01:27.721000,MEDIUM,17,1,FALSE,Monza,2023,87.721
SAI,Ferrari,18,0 days 00:01:27.512000,MEDIUM,18,1,FALSE,Monza,2023,87.512
SAI,Ferrari,19,0 days 00:01:31.912000,MEDIUM,19,1,FALSE,Monza,2023,91.912
SAI,Ferrari,20,0 days 00:01:46.762000,HARD,1,2,FALSE,Monza,2023,106.762
SAI,Ferrari,21,0 days 00:01:26.146000,HARD,2,2,FALSE,Monza,2023,86.146
SAI,Ferrari,22,0 days 00:01:25.558000,HARD,3,2,TRUE,Monza,2023,85.558
SAI,Ferrari,23,0 days 00:01:25.793000,HARD,4,2,FALSE,Monza,2023,85.793
SAI,Ferrari,24,0 days 00:01:25.902000,HARD,5,2,FALSE,Monza,2023,85.902
SAI,Ferrari,25,0 days 00:01:26.005000,HARD,6,2,FALSE,Monza,2023,86.005
SAI,Ferrari,26,0 days 00:01:25.836000,HARD,7,2,FALSE,Monza,2023,85.836
SAI,Ferrari,27,0 days 00:01:26.165000,HARD,8,2,FALSE,Monza,2023,86.165
SAI,Ferrari,28,0 days 00:01:25.770000,HARD,9,2,FALSE,Monza,2023,85.77
SAI,Ferrari,29,0 days 00:01:25.720000,HARD,10,2,FALSE,Monza,2023,85.72
SAI,Ferrari,30,0 days 00:01:25.501000,HARD,11,2,TRUE,Monza,2023,85.501
SAI,Ferrari,31,0 days 00:01:25.718000,HARD,12,2,FALSE,Monza,2023,85.718
SAI,Ferrari,32,0 days 00:01:25.896000,HARD,13,2,FALSE,Monza,2023,85.896
SAI,Ferrari,33,0 days 00:01:25.926000,HARD,14,2,FALSE,Monza,2023,85.926
SAI,Ferrari,34,0 days 00:01:26.126000,HARD,15,2,FALSE,Monza,2023,86.126
SAI,Ferrari,35,0 days 00:01:25.789000,HARD,16,2,FALSE,Monza,2023,85.789
SAI,Ferrari,36,0 days 00:01:26.011000,HARD,17,2,FALSE,Monza,2023,86.011
SAI,Ferrari,37,0 days 00:01:25.886000,HARD,18,2,FALSE,Monza,2023,85.886
SAI,Ferrari,38,0 days 00:01:25.705000,HARD,19,2,FALSE,Monza,2023,85.705
SAI,Ferrari,39,0 days 00:01:25.924000,HARD,20,2,FALSE,Monza,2023,85.924
SAI,Ferrari,40,0 days 00:01:26.122000,HARD,21,2,FALSE,Monza,2023,86.122
SAI,Ferrari,41,0 days 00:01:26.738000,HARD,22,2,FALSE,Monza,2023,86.738
SAI,Ferrari,42,0 days 00:01:26.479000,HARD,23,2,FALSE,Monza,2023,86.479
SAI,Ferrari,43,0 days 00:01:26.589000,HARD,24,2,FALSE,Monza,2023,86.589
SAI,Ferrari,44,0 days 00:01:26.430000,HARD,25,2,FALSE,Monza,2023,86.43
SAI,Ferrari,45,0 days 00:01:26.632000,HARD,26,2,FALSE,Monza,2023,86.632
SAI,Ferrari,46,0 days 00:01:27.303000,HARD,27,2,FALSE,Monza,2023,87.303
SAI,Ferrari,47,0 days 00:01:27.096000,HARD,28,2,FALSE,Monza,2023,87.096
SAI,Ferrari,48,0 days 00:01:26.800000,HARD,29,2,FALSE,Monza,2023,86.8
SAI,Ferrari,49,0 days 00:01:26.770000,HARD,30,2,FALSE,Monza,2023,86.77
SAI,Ferrari,50,0 days 00:01:26.776000,HARD,31,2,FALSE,Monza,2023,86.776
SAI,Ferrari,51,0 days 00:01:27.044000,HARD,32,2,FALSE,Monza,2023,87.044
RUS,Mercedes,1,0 days 00:01:29.339000,MEDIUM,1,1,FALSE,Monza,2023,89.339
RUS,Mercedes,2,0 days 00:01:26.686000,MEDIUM,2,1,TRUE,Monza,2023,86.686
RUS,Mercedes,3,0 days 00:01:26.176000,MEDIUM,3,1,TRUE,Monza,2023,86.176
RUS,Mercedes,4,0 days 00:01:26.178000,MEDIUM,4,1,FALSE,Monza,2023,86.178
RUS,Mercedes,5,0 days 00:01:26.249000,MEDIUM,5,1,FALSE,Monza,2023,86.249
RUS,Mercedes,6,0 days 00:01:26.515000,MEDIUM,6,1,FALSE,Monza,2023,86.515
RUS,Mercedes,7,0 days 00:01:26.515000,MEDIUM,7,1,FALSE,Monza,2023,86.515
RUS,Mercedes,8,0 days 00:01:26.594000,MEDIUM,8,1,FALSE,Monza,2023,86.594
RUS,Mercedes,9,0 days 00:01:26.710000,MEDIUM,9,1,FALSE,Monza,2023,86.71
RUS,Mercedes,10,0 days 00:01:26.655000,MEDIUM,10,1,FALSE,Monza,2023,86.655
RUS,Mercedes,11,0 days 00:01:27.186000,MEDIUM,11,1,FALSE,Monza,2023,87.186
RUS,Mercedes,12,0 days 00:01:27.044000,MEDIUM,12,1,FALSE,Monza,2023,87.044
RUS,Mercedes,13,0 days 00:01:26.962000,MEDIUM,13,1,FALSE,Monza,2023,86.962
RUS,Mercedes,14,0 days 00:01:27.285000,MEDIUM,14,1,FALSE,Monza,2023,87.285
RUS,Mercedes,15,0 days 00:01:27.005000,MEDIUM,15,1,FALSE,Monza,2023,87.005
RUS,Mercedes,16,0 days 00:01:27.976000,MEDIUM,16,1,FALSE,Monza,2023,87.976
RUS,Mercedes,17,0 days 00:01:27.055000,MEDIUM,17,1,FALSE,Monza,2023,87.055
RUS,Mercedes,18,0 days 00:01:27.383000,MEDIUM,18,1,FALSE,Monza,2023,87.383
RUS,Mercedes,19,0 days 00:01:31.885000,MEDIUM,19,1,FALSE,Monza,2023,91.885
RUS,Mercedes,20,0 days 00:01:45.310000,HARD,4,2,FALSE,Monza,2023,105.31
RUS,Mercedes,21,0 days 00:01:26.456000,HARD,5,2,FALSE,Monza,2023,86.456
RUS,Mercedes,22,0 days 00:01:26.715000,HARD,6,2,FALSE,Monza,2023,86.715
RUS,Mercedes,23,0 days 00:01:26.605000,HARD,7,2,FALSE,Monza,2023,86.605
RUS,Mercedes,24,0 days 00:01:26.671000,HARD,8,2,FALSE,Monza,2023,86.671
RUS,Mercedes,25,0 days 00:01:26.320000,HARD,9,2,FALSE,Monza,2023,86.32
RUS,Mercedes,26,0 days 00:01:26.410000,HARD,10,2,FALSE,Monza,2023,86.41
RUS,Mercedes,27,0 days 00:01:26.184000,HARD,11,2,FALSE,Monza,2023,86.184
RUS,Mercedes,28,0 days 00:01:26.284000,HARD,12,2,FALSE,Monza,2023,86.284
RUS,Mercedes,29,0 days 00:01:26.140000,HARD,13,2,TRUE,Monza,2023,86.14
RUS,Mercedes,30,0 days 00:01:25.966000,HARD,14,2,TRUE,Monza,2023,85.966
RUS,Mercedes,31,0 days 00:01:26.148000,HARD,15,2,FALSE,Monza,2023,86.148
RUS,Mercedes,32,0 days 00:01:26.059000,HARD,16,2,FALSE,Monza,2023,86.059
RUS,Mercedes,33,0 days 00:01:26.161000,HARD,17,2,FALSE,Monza,2023,86.161
RUS,Mercedes,34,0 days 00:01:26.119000,HARD,18,2,FALSE,Monza,2023,86.119
RUS,Mercedes,35,0 days 00:01:26.189000,HARD,19,2,FALSE,Monza,2023,86.189
RUS,Mercedes,36,0 days 00:01:26.371000,HARD,20,2,FALSE,Monza,2023,86.371
RUS,Mercedes,37,0 days 00:01:25.997000,HARD,21,2,FALSE,Monza,2023,85.997
RUS,Mercedes,38,0 days 00:01:25.847000,HARD,22,2,TRUE,Monza,2023,85.847
RUS,Mercedes,39,0 days 00:01:26.210000,HARD,23,2,FALSE,Monza,2023,86.21
RUS,Mercedes,40,0 days 00:01:26.244000,HARD,24,2,FALSE,Monza,2023,86.244
RUS,Mercedes,41,0 days 00:01:26.614000,HARD,25,2,FALSE,Monza,2023,86.614
RUS,Mercedes,42,0 days 00:01:26.335000,HARD,26,2,FALSE,Monza,2023,86.335
RUS,Mercedes,43,0 days 00:01:26.426000,HARD,27,2,FALSE,Monza,2023,86.426
RUS,Mercedes,44,0 days 00:01:26.336000,HARD,28,2,FALSE,Monza,2023,86.336
RUS,Mercedes,45,0 days 00:01:26.394000,HARD,29,2,FALSE,Monza,2023,86.394
RUS,Mercedes,46,0 days 00:01:26.458000,HARD,30,2,FALSE,Monza,2023,86.458
RUS,Mercedes,47,0 days 00:01:26.640000,HARD,31,2,FALSE,Monza,2023,86.64
RUS,Mercedes,48,0 days 00:01:26.287000,HARD,32,2,FALSE,Monza,2023,86.287
RUS,Mercedes,49,0 days 00:01:26.375000,HARD,33,2,FALSE,Monza,2023,86.375
RUS,Mercedes,50,0 days 00:01:26.874000,HARD,34,2,FALSE,Monza,2023,86.874
RUS,Mercedes,51,0 days 00:01:26.628000,HARD,35,2,FALSE,Monza,2023,86.628
BOT,Alfa Romeo,1,0 days 00:01:34.811000,HARD,4,1,FALSE,Monza,2023,94.811
BOT,Alfa Romeo,2,0 days 00:01:28.032000,HARD,5,1,TRUE,Monza,2023,88.032
BOT,Alfa Romeo,3,0 days 00:01:27.950000,HARD,6,1,TRUE,Monza,2023,87.95
BOT,Alfa Romeo,4,0 days 00:01:27.119000,HARD,7,1,TRUE,Monza,2023,87.119
BOT,Alfa Romeo,5,0 days 00:01:27.575000,HARD,8,1,FALSE,Monza,2023,87.575
BOT,Alfa Romeo,6,0 days 00:01:27.150000,HARD,9,1,FALSE,Monza,2023,87.15
BOT,Alfa Romeo,7,0 days 00:01:27.360000,HARD,10,1,FALSE,Monza,2023,87.36
BOT,Alfa Romeo,8,0 days 00:01:27.227000,HARD,11,1,FALSE,Monza,2023,87.227
BOT,Alfa Romeo,9,0 days 00:01:27.265000,HARD,12,1,FALSE,Monza,2023,87.265
BOT,Alfa Romeo,10,0 days 00:01:27.863000,HARD,13,1,FALSE,Monza,2023,87.863
BOT,Alfa Romeo,11,0 days 00:01:27.693000,HARD,14,1,FALSE,Monza,2023,87.693
BOT,Alfa Romeo,12,0 days 00:01:28.716000,HARD,15,1,FALSE,Monza,2023,88.716
BOT,Alfa Romeo,13,0 days 00:01:28.007000,HARD,16,1,FALSE,Monza,2023,88.007
BOT,Alfa Romeo,14,0 days 00:01:27.991000,HARD,17,1,FALSE,Monza,2023,87.991
BOT,Alfa Romeo,15,0 days 00:01:27.427000,HARD,18,1,FALSE,Monza,2023,87.427
BOT,Alfa Romeo,16,0 days 00:01:27.824000,HARD,19,1,FALSE,Monza,2023,87.824
BOT,Alfa Romeo,17,0 days 00:01:27.470000,HARD,20,1,FALSE,Monza,2023,87.47
BOT,Alfa Romeo,18,0 days 00:01:27.634000,HARD,21,1,FALSE,Monza,2023,87.634
BOT,Alfa Romeo,19,0 days 00:01:27.725000,HARD,22,1,FALSE,Monza,2023,87.725
BOT,Alfa Romeo,20,0 days 00:01:28.438000,HARD,23,1,FALSE,Monza,2023,88.438
BOT,Alfa Romeo,21,0 days 00:01:29.044000,HARD,24,1,FALSE,Monza,2023,89.044
BOT,Alfa Romeo,22,0 days 00:01:28.116000,HARD,25,1,FALSE,Monza,2023,88.116
BOT,Alfa Romeo,23,0 days 00:01:28.123000,HARD,26,1,FALSE,Monza,2023,88.123
BOT,Alfa Romeo,24,0 days 00:01:28.022000,HARD,27,1,FALSE,Monza,2023,88.022
BOT,Alfa Romeo,25,0 days 00:01:32.814000,HARD,28,1,FALSE,Monza,2023,92.814
BOT,Alfa Romeo,26,0 days 00:01:46.575000,MEDIUM,4,2,FALSE,Monza,2023,106.575
BOT,Alfa Romeo,27,0 days 00:01:25.988000,MEDIUM,5,2,TRUE,Monza,2023,85.988
BOT,Alfa Romeo,28,0 days 00:01:26.486000,MEDIUM,6,2,FALSE,Monza,2023,86.486
BOT,Alfa Romeo,29,0 days 00:01:26.201000,MEDIUM,7,2,FALSE,Monza,2023,86.201
BOT,Alfa Romeo,30,0 days 00:01:26.643000,MEDIUM,8,2,FALSE,Monza,2023,86.643
BOT,Alfa Romeo,31,0 days 00:01:26.648000,MEDIUM,9,2,FALSE,Monza,2023,86.648
BOT,Alfa Romeo,32,0 days 00:01:26.606000,MEDIUM,10,2,FALSE,Monza,2023,86.606
BOT,Alfa Romeo,33,0 days 00:01:26.873000,MEDIUM,11,2,FALSE,Monza,2023,86.873
BOT,Alfa Romeo,34,0 days 00:01:26.621000,MEDIUM,12,2,FALSE,Monza,2023,86.621
BOT,Alfa Romeo,35,0 days 00:01:26.523000,MEDIUM,13,2,FALSE,Monza,2023,86.523
BOT,Alfa Romeo,36,0 days 00:01:26.782000,MEDIUM,14,2,FALSE,Monza,2023,86.782
BOT,Alfa Romeo,37,0 days 00:01:26.545000,MEDIUM,15,2,FALSE,Monza,2023,86.545
BOT,Alfa Romeo,38,0 days 00:01:27.093000,MEDIUM,16,2,FALSE,Monza,2023,87.093
BOT,Alfa Romeo,39,0 days 00:01:26.981000,MEDIUM,17,2,FALSE,Monza,2023,86.981
BOT,Alfa Romeo,40,0 days 00:01:27.862000,MEDIUM,18,2,FALSE,Monza,2023,87.862
BOT,Alfa Romeo,41,0 days 00:01:27.203000,MEDIUM,19,2,FALSE,Monza,2023,87.203
BOT,Alfa Romeo,42,0 days 00:01:26.864000,MEDIUM,20,2,FALSE,Monza,2023,86.864
BOT,Alfa Romeo,43,0 days 00:01:27.753000,MEDIUM,21,2,FALSE,Monza,2023,87.753
BOT,Alfa Romeo,44,0 days 00:01:26.962000,MEDIUM,22,2,FALSE,Monza,2023,86.962
BOT,Alfa Romeo,45,0 days 00:01:26.889000,MEDIUM,23,2,FALSE,Monza,2023,86.889
BOT,Alfa Romeo,46,0 days 00:01:26.806000,MEDIUM,24,2,FALSE,Monza,2023,86.806
BOT,Alfa Romeo,47,0 days 00:01:26.736000,MEDIUM,25,2,FALSE,Monza,2023,86.736
BOT,Alfa Romeo,48,0 days 00:01:27.005000,MEDIUM,26,2,FALSE,Monza,2023,87.005
BOT,Alfa Romeo,49,0 days 00:01:27.134000,MEDIUM,27,2,FALSE,Monza,2023,87.134
BOT,Alfa Romeo,50,0 days 00:01:26.950000,MEDIUM,28,2,FALSE,Monza,2023,86.95
BOT,Alfa Romeo,51,,MEDIUM,29,2,,Monza,2023,
PIA,McLaren,1,0 days 00:01:30.315000,MEDIUM,1,1,FALSE,Monza,2023,90.315
PIA,McLaren,2,0 days 00:01:28.053000,MEDIUM,2,1,TRUE,Monza,2023,88.053
PIA,McLaren,3,0 days 00:01:26.982000,MEDIUM,3,1,TRUE,Monza,2023,86.982
PIA,McLaren,4,0 days 00:01:27.004000,MEDIUM,4,1,FALSE,Monza,2023,87.004
PIA,McLaren,5,0 days 00:01:26.909000,MEDIUM,5,1,TRUE,Monza,2023,86.909
PIA,McLaren,6,0 days 00:01:26.878000,MEDIUM,6,1,TRUE,Monza,2023,86.878
PIA,McLaren,7,0 days 00:01:26.940000,MEDIUM,7,1,FALSE,Monza,2023,86.94
PIA,McLaren,8,0 days 00:01:26.850000,MEDIUM,8,1,TRUE,Monza,2023,86.85
PIA,McLaren,9,0 days 00:01:26.864000,MEDIUM,9,1,FALSE,Monza,2023,86.864
PIA,McLaren,10,0 days 00:01:26.823000,MEDIUM,10,1,TRUE,Monza,2023,86.823
PIA,McLaren,11,0 days 00:01:27.217000,MEDIUM,11,1,FALSE,Monza,2023,87.217
PIA,McLaren,12,0 days 00:01:27.454000,MEDIUM,12,1,FALSE,Monza,2023,87.454
PIA,McLaren,13,0 days 00:01:27.518000,MEDIUM,13,1,FALSE,Monza,2023,87.518
PIA,McLaren,14,0 days 00:01:27.371000,MEDIUM,14,1,FALSE,Monza,2023,87.371
PIA,McLaren,15,0 days 00:01:27.738000,MEDIUM,15,1,FALSE,Monza,2023,87.738
PIA,McLaren,16,0 days 00:01:27.201000,MEDIUM,16,1,FALSE,Monza,2023,87.201
PIA,McLaren,17,0 days 00:01:27.440000,MEDIUM,17,1,FALSE,Monza,2023,87.44
PIA,McLaren,18,0 days 00:01:27.398000,MEDIUM,18,1,FALSE,Monza,2023,87.398
PIA,McLaren,19,0 days 00:01:27.352000,MEDIUM,19,1,FALSE,Monza,2023,87.352
PIA,McLaren,20,0 days 00:01:27.746000,MEDIUM,20,1,FALSE,Monza,2023,87.746
PIA,McLaren,21,0 days 00:01:27.587000,MEDIUM,21,1,FALSE,Monza,2023,87.587
PIA,McLaren,22,0 days 00:01:27.419000,MEDIUM,22,1,FALSE,Monza,2023,87.419
PIA,McLaren,23,0 days 00:01:31.866000,MEDIUM,23,1,FALSE,Monza,2023,91.866
PIA,McLaren,24,0 days 00:01:46.854000,HARD,6,2,FALSE,Monza,2023,106.854
PIA,McLaren,25,0 days 00:01:26.411000,HARD,7,2,TRUE,Monza,2023,86.411
PIA,McLaren,26,0 days 00:01:26.287000,HARD,8,2,TRUE,Monza,2023,86.287
PIA,McLaren,27,0 days 00:01:26.248000,HARD,9,2,TRUE,Monza,2023,86.248
PIA,McLaren,28,0 days 00:01:26.611000,HARD,10,2,FALSE,Monza,2023,86.611
PIA,McLaren,29,0 days 00:01:26.132000,HARD,11,2,TRUE,Monza,2023,86.132
PIA,McLaren,30,0 days 00:01:27.074000,HARD,12,2,FALSE,Monza,2023,87.074
PIA,McLaren,31,0 days 00:01:26.860000,HARD,13,2,FALSE,Monza,2023,86.86
PIA,McLaren,32,0 days 00:01:26.746000,HARD,14,2,FALSE,Monza,2023,86.746
PIA,McLaren,33,0 days 00:01:26.445000,HARD,15,2,FALSE,Monza,2023,86.445
PIA,McLaren,34,0 days 00:01:26.717000,HARD,16,2,FALSE,Monza,2023,86.717
PIA,McLaren,35,0 days 00:01:26.277000,HARD,17,2,FALSE,Monza,2023,86.277
PIA,McLaren,36,0 days 00:01:26.639000,HARD,18,2,FALSE,Monza,2023,86.639
PIA,McLaren,37,0 days 00:01:26.806000,HARD,19,2,FALSE,Monza,2023,86.806
PIA,McLaren,38,0 days 00:01:27.146000,HARD,20,2,FALSE,Monza,2023,87.146
PIA,McLaren,39,0 days 00:01:27.166000,HARD,21,2,FALSE,Monza,2023,87.166
PIA,McLaren,40,0 days 00:01:26.853000,HARD,22,2,FALSE,Monza,2023,86.853
PIA,McLaren,41,0 days 00:01:34.520000,HARD,23,2,FALSE,Monza,2023,94.52
PIA,McLaren,42,0 days 00:01:53.593000,MEDIUM,4,3,FALSE,Monza,2023,113.593
PIA,McLaren,43,0 days 00:01:25.072000,MEDIUM,5,3,TRUE,Monza,2023,85.072
PIA,McLaren,44,0 days 00:01:25.690000,MEDIUM,6,3,FALSE,Monza,2023,85.69
PIA,McLaren,45,0 days 00:01:26.139000,MEDIUM,7,3,FALSE,Monza,2023,86.139
PIA,McLaren,46,0 days 00:01:25.732000,MEDIUM,8,3,FALSE,Monza,2023,85.732
PIA,McLaren,47,0 days 00:01:26.614000,MEDIUM,9,3,FALSE,Monza,2023,86.614
PIA,McLaren,48,0 days 00:01:26.067000,MEDIUM,10,3,FALSE,Monza,2023,86.067
PIA,McLaren,49,0 days 00:01:25.841000,MEDIUM,11,3,FALSE,Monza,2023,85.841
PIA,McLaren,50,0 days 00:01:25.593000,MEDIUM,12,3,FALSE,Monza,2023,85.593
PIA,McLaren,51,,MEDIUM,13,3,,Monza,2023,
